return,vol,sharpe,w_COPX,w_GLD,w_HIMS,w_JNJ,w_JPM,w_SLV,w_TSLA,w_XOM
30.64816639167489,25.679303335718874,1.0377293356945696,0.0251,0.2901,0.2545,0.0291,0.1598,0.0356,0.0444,0.1614
27.645845922226986,26.346077893223963,0.8975091479672783,0.3191,0.0229,0.088,0.0272,0.1952,0.0826,0.2017,0.0632
28.34818771227155,27.266179280715523,0.892981281374183,0.3883,0.0032,0.0613,0.0171,0.0187,0.2991,0.1144,0.0978
24.278654372385848,21.182992980499872,0.9573082704154922,0.2448,0.1798,0.031,0.1516,0.0427,0.1306,0.1704,0.0491
25.102785065673572,22.274359966374107,0.947402533564638,0.0362,0.1306,0.0269,0.0164,0.3814,0.181,0.2118,0.0158
24.55865461271694,19.95680267499894,1.0301577335567873,0.0956,0.1398,0.0498,0.0358,0.3563,0.0914,0.1298,0.1014
22.138125634774326,20.85139639601495,0.8698758246349786,0.3579,0.1028,0.0482,0.2671,0.0492,0.1351,0.0314,0.0083
23.58633046405597,21.38622621304483,0.915838552764817,0.0954,0.011,0.0505,0.1435,0.3766,0.0222,0.1821,0.1187
28.386044642486898,26.764834587646476,0.9111225613082052,0.4095,0.1048,0.1716,0.0555,0.1054,0.0587,0.0337,0.0608
24.5177120149212,20.15660573412879,1.0179150341855918,0.0796,0.0024,0.0251,0.2022,0.0811,0.3868,0.0661,0.1565
21.713623729332877,17.179234062812757,1.0311067224863588,0.119,0.0288,0.0296,0.2419,0.252,0.1277,0.0717,0.1292
32.97131595536648,32.35358506997781,0.8954592170451653,0.004,0.005,0.2574,0.2065,0.0186,0.2076,0.2876,0.0133
25.45393609576069,24.42686940805707,0.8782924957499557,0.2117,0.0677,0.0116,0.0646,0.1685,0.0754,0.2785,0.1219
25.269844296508758,21.256451506170155,1.0006300576714189,0.2321,0.0879,0.029,0.0169,0.2082,0.1963,0.0782,0.1514
27.971902953263868,21.536407695264604,1.1130873492209554,0.0457,0.265,0.0929,0.0026,0.0763,0.018,0.2024,0.2971
30.856653123877354,26.98303455191616,0.9953162633433374,0.2652,0.0991,0.1972,0.015,0.0827,0.1093,0.0895,0.1419
22.958391034312477,18.136421210193646,1.045321500564667,0.1501,0.138,0.0343,0.2115,0.1258,0.1253,0.1292,0.0858
26.70210380161263,21.62811472477962,1.049657082482669,0.1425,0.2343,0.1128,0.0566,0.1911,0.1402,0.1109,0.0116
25.694150716790503,20.035759318305924,1.0827715771655018,0.0448,0.2065,0.0729,0.0659,0.2086,0.3071,0.0427,0.0516
27.484208180844117,26.19338121969772,0.8965703199548641,0.0779,0.0178,0.0319,0.051,0.0674,0.6103,0.0062,0.1375
29.160665585810737,27.28127546476265,0.9222686680580254,0.2767,0.0052,0.1235,0.0163,0.1718,0.0314,0.219,0.156
25.85819650983712,26.50307908697699,0.8247417757802241,0.0259,0.0576,0.0408,0.0492,0.3594,0.0071,0.3375,0.1224
31.56518770959619,32.262007639005304,0.8544163778657539,0.0413,0.0196,0.2342,0.0741,0.3018,0.0454,0.2778,0.0058
32.16085153769212,28.567324193294645,0.9857714130713743,0.0791,0.0456,0.2972,0.1527,0.0296,0.1319,0.001,0.2629
26.637219103106997,20.461343319155596,1.106340808128388,0.0357,0.1181,0.1332,0.2426,0.0223,0.11,0.1569,0.1813
27.65651889119527,20.848001711108992,1.1347139749412887,0.0369,0.1115,0.1221,0.1038,0.0857,0.0443,0.1351,0.3606
33.13171129034784,31.59541043174192,0.922023512031388,0.2507,0.0584,0.2875,0.0249,0.1233,0.051,0.0841,0.1201
20.924705470962518,16.433780410401386,1.0298729232289372,0.1295,0.3846,0.0068,0.0734,0.2785,0.0036,0.0538,0.0697
25.514236861492464,21.5263563161534,0.9994369946087046,0.0677,0.027,0.0282,0.1085,0.2224,0.2805,0.1903,0.0755
18.784449242926655,14.321782409847044,1.0323051153717782,0.0642,0.2083,0.0193,0.3562,0.177,0.0004,0.0708,0.1037
18.536324616059368,15.197649394502799,0.9564850615199318,0.1032,0.0944,0.0327,0.374,0.2524,0.0226,0.0054,0.1153
27.44712865433692,23.00952890928189,1.019018196625421,0.113,0.0986,0.1067,0.0296,0.274,0.085,0.1773,0.1158
25.010422387802784,23.28945812380375,0.9021430329599809,0.1856,0.22,0.0273,0.0925,0.108,0.0506,0.2751,0.0408
26.087357038185417,21.79367079905076,1.0134757582530542,0.1866,0.2048,0.0411,0.0306,0.086,0.0326,0.2118,0.2064
31.507886787045503,35.19963434504163,0.781482174428337,0.0465,0.0609,0.1336,0.0313,0.1551,0.0489,0.4832,0.0405
24.46009323546747,19.516082724234842,1.0483709013008213,0.0795,0.2801,0.0454,0.0642,0.1881,0.2719,0.0459,0.0249
23.76269846168611,18.78014735698423,1.0523186046427093,0.1186,0.3772,0.0444,0.091,0.1333,0.0919,0.1339,0.0097
24.52012527323418,21.29230374694771,0.9637343857719377,0.0922,0.0325,0.1237,0.3898,0.0226,0.0783,0.188,0.0729
29.445656324366386,27.461370567204835,0.9265981922531693,0.3198,0.0012,0.1711,0.0739,0.1294,0.0441,0.1478,0.1126
24.743920393190454,24.40138608263495,0.8501123798025841,0.4691,0.1482,0.082,0.0306,0.2001,0.0107,0.0131,0.0463
25.701600022407522,22.045120720990447,0.9844173818356169,0.0208,0.0274,0.0362,0.197,0.0052,0.4981,0.0465,0.1688
23.827910755085767,18.574007099698456,1.067508515995327,0.23,0.1516,0.0602,0.1763,0.0483,0.0861,0.046,0.2015
28.399179331978242,22.645173329886795,1.0774560643250424,0.0442,0.1089,0.1539,0.1587,0.0319,0.3534,0.0156,0.1334
26.09113973233074,24.512449275069635,0.9012212318904627,0.4212,0.1789,0.0894,0.045,0.0884,0.0702,0.0719,0.035
33.8926901856028,31.88146888470688,0.9376196025880706,0.0023,0.1313,0.3571,0.0997,0.0898,0.0604,0.0141,0.2451
25.003592501736797,23.361551530944013,0.899066676882144,0.0082,0.1118,0.0195,0.198,0.1072,0.2257,0.313,0.0165
23.968129578814246,18.207552846370202,1.0966948577493778,0.0076,0.1099,0.0935,0.1409,0.3641,0.0951,0.0543,0.1347
24.472980923791578,19.792130829882115,1.0344000400846944,0.2065,0.0628,0.0721,0.2344,0.0233,0.0393,0.1363,0.2253
33.57365768010844,32.24614024026653,0.9171224047205224,0.0146,0.1696,0.3355,0.1126,0.0951,0.0415,0.1319,0.0993
29.88292866332755,29.062110219572645,0.8906073395143899,0.0195,0.1781,0.1464,0.1179,0.0371,0.0293,0.3733,0.0983
26.537470734507384,20.076271274058257,1.1225924588710547,0.0212,0.0141,0.07,0.06,0.177,0.1289,0.0695,0.4593
30.644425538236742,27.388545131781207,0.9728309923011939,0.1243,0.129,0.2633,0.1563,0.051,0.0002,0.1006,0.1752
32.67858641009613,30.961117365102915,0.9262775006440988,0.0071,0.0048,0.3261,0.1849,0.112,0.0526,0.0886,0.2239
22.82296219769556,19.977881708756595,0.9421900916274413,0.0084,0.1387,0.0515,0.3614,0.0416,0.1088,0.2506,0.0389
23.70757942431892,18.406295368796112,1.0706977710315817,0.1364,0.169,0.0816,0.2909,0.004,0.1332,0.1078,0.0771
27.461914244831924,22.46971510049635,1.0441571751087158,0.1022,0.3132,0.2015,0.1075,0.1508,0.0568,0.0126,0.0555
26.753392224150673,29.666706733789773,0.7669672413701055,0.0722,0.1215,0.0018,0.0752,0.12,0.1232,0.4503,0.0359
32.73892299197656,30.68682843283111,0.9365230771528501,0.0236,0.1899,0.226,0.0027,0.1435,0.0694,0.281,0.0639
24.283347765741993,21.137460327188247,0.9595924700401379,0.2018,0.054,0.12,0.1799,0.3134,0.0802,0.0418,0.009
45.766011556106974,57.48308315703143,0.726579182296315,0.1008,0.0657,0.6762,0.0212,0.0108,0.0179,0.0814,0.026
36.52157827036144,36.92914312539155,0.8806480605286621,0.0085,0.051,0.4198,0.1567,0.0028,0.2105,0.0208,0.1299
25.95346079100686,23.95387461555207,0.9164889247918815,0.0124,0.0268,0.1454,0.0838,0.5359,0.0904,0.0936,0.0117
25.79943851470221,21.044405016607364,1.0358781109515334,0.1041,0.1422,0.0679,0.0245,0.2953,0.0554,0.1658,0.1447
31.629280744710915,29.611091479259155,0.9330720133725438,0.1373,0.1671,0.3024,0.142,0.0673,0.08,0.0508,0.0531
28.373140971176735,23.26600799398805,1.047585859055613,0.2356,0.0355,0.0941,0.0168,0.079,0.1134,0.1171,0.3086
23.73383412056907,20.611181662979384,0.9574334185804516,0.2534,0.3842,0.0203,0.0133,0.1183,0.1086,0.0825,0.0196
28.15856977215337,24.47348295646252,0.9871324737525358,0.122,0.1562,0.1393,0.1133,0.1176,0.0717,0.2237,0.0563
21.52533681593485,19.010226851924,0.9218899360036377,0.294,0.1313,0.0097,0.2284,0.0834,0.0296,0.1131,0.1106
31.702206661430687,30.386442431670368,0.9116633749977251,0.0723,0.047,0.2641,0.2202,0.0187,0.0962,0.2229,0.0587
29.337495541762067,30.560274005069132,0.8290990956939475,0.0052,0.074,0.1339,0.133,0.1505,0.0336,0.4052,0.0646
22.474104262970204,19.553591409679168,0.9447934078148627,0.3153,0.103,0.0774,0.3098,0.0004,0.0631,0.0284,0.1026
25.326098707323325,21.55464206359279,0.9893970238246038,0.0022,0.1083,0.054,0.1131,0.2246,0.0135,0.2496,0.2348
29.510993327246897,26.899667338440985,0.9483757923946665,0.283,0.0025,0.1871,0.0365,0.2247,0.0646,0.0823,0.1192
32.40936399147231,30.459020573085848,0.9327077317967128,0.1151,0.0169,0.2349,0.0903,0.1288,0.1748,0.2147,0.0244
26.73145883406518,28.313284929444745,0.802854875042257,0.1709,0.084,0.0567,0.1177,0.1458,0.0486,0.3734,0.003
27.530779597149362,22.347985002112008,1.0529262300348587,0.0883,0.0903,0.1433,0.0575,0.306,0.1895,0.0629,0.0623
18.226924524150707,17.277774936265722,0.8234234197766208,0.1969,0.0124,0.0012,0.4995,0.02,0.01,0.1118,0.1483
26.524950164334733,21.70343568853226,1.037851816993037,0.259,0.0834,0.1283,0.1122,0.0727,0.0137,0.0155,0.3152
21.856468889020498,17.735171930555435,1.0068393449434838,0.0297,0.0343,0.008,0.1231,0.3697,0.0825,0.0415,0.311
27.009423934804705,22.468374841834766,1.0240804729660526,0.1324,0.3,0.0625,0.0264,0.0232,0.0142,0.2475,0.1939
36.228069555009995,38.023627722316405,0.8475800833726093,0.1238,0.0724,0.3942,0.1406,0.0019,0.1025,0.1505,0.014
24.078816627131044,17.740839078758906,1.131785060334119,0.1306,0.2415,0.1114,0.2242,0.0605,0.0116,0.0617,0.1586
31.794144421245722,28.829613777658263,0.9640831346407082,0.0107,0.0324,0.192,0.0927,0.1088,0.165,0.2817,0.1166
26.41097372413507,23.8704709364833,0.9388576280613903,0.0488,0.0425,0.1769,0.3713,0.0079,0.0065,0.2068,0.1394
27.02701995125884,21.562098147186646,1.0679396686756726,0.1381,0.2525,0.0594,0.0282,0.0059,0.2805,0.0819,0.1533
26.967214067309698,24.45730027805821,0.9390739699882027,0.0217,0.0707,0.1953,0.1072,0.4479,0.0196,0.0655,0.072
23.88319577265352,23.3229157616998,0.8525175829561203,0.3464,0.0483,0.0279,0.1063,0.1629,0.2788,0.0009,0.0286
25.13719147311407,18.98177212937352,1.1135520608428926,0.0991,0.3563,0.1152,0.1194,0.1253,0.0297,0.0953,0.0597
37.397407130677365,37.28937772145038,0.8956279018693789,0.1023,0.0266,0.3335,0.011,0.0319,0.1494,0.2475,0.0976
25.20661517166903,18.122652297313024,1.1701717179009856,0.0015,0.2118,0.106,0.214,0.0843,0.1744,0.0985,0.1095
27.844019986616043,27.8424886621352,0.8563896811078913,0.123,0.0265,0.1213,0.0074,0.4294,0.0272,0.2479,0.0173
29.767252032189518,24.317700222662385,1.0596089184525868,0.1602,0.0022,0.1596,0.0349,0.1672,0.173,0.085,0.2179
22.912293194513992,16.703310695674325,1.1322481835539182,0.0308,0.1487,0.0694,0.2716,0.152,0.1562,0.092,0.0794
32.103887427630575,33.078768483897996,0.8496050099722098,0.0243,0.0581,0.1239,0.0619,0.0234,0.2316,0.4454,0.0315
37.59908680540887,40.54572645029866,0.8286714716184689,0.1403,0.05,0.4199,0.111,0.0094,0.1005,0.165,0.0038
20.47031294443559,19.66929354068874,0.8373616932588044,0.0307,0.041,0.0539,0.1767,0.5963,0.0411,0.0167,0.0437
24.0556843109497,20.509772273395114,0.9778599217781444,0.0318,0.1356,0.0862,0.2678,0.1648,0.065,0.2189,0.0298
29.352385214964976,28.618649593818347,0.8858693745088908,0.2092,0.0486,0.1216,0.1106,0.048,0.1056,0.3133,0.0432
35.03652961629817,34.528360953487116,0.8988706315398878,0.0554,0.0543,0.3634,0.1504,0.0397,0.2324,0.0741,0.0303
23.544613353028307,19.831138805624057,0.9855517398469071,0.0556,0.0103,0.0627,0.3446,0.0766,0.1204,0.2119,0.1178
32.186260272331204,26.309313492151055,1.071341533892175,0.0553,0.2082,0.245,0.0307,0.0188,0.1095,0.0738,0.2588
29.096821885964104,22.644763653500505,1.1082836752012006,0.0389,0.0261,0.0969,0.0529,0.0796,0.1783,0.1891,0.3382
27.025020079488822,24.575092405029686,0.9369250662421266,0.2538,0.032,0.1281,0.0379,0.3192,0.0165,0.1153,0.0972
31.122143832508087,29.01426032325172,0.9347866714621256,0.2558,0.0031,0.1424,0.0332,0.054,0.3317,0.1748,0.0049
28.388145196505487,23.33564374026792,1.0451027393095385,0.1805,0.0805,0.0897,0.0332,0.0847,0.1353,0.1845,0.2115
28.274914608562813,23.89915594018604,1.015722675282642,0.0791,0.282,0.0899,0.0143,0.0932,0.1928,0.2289,0.0198
23.320513956937305,19.505909512266747,0.9904954160064747,0.1076,0.174,0.029,0.0398,0.3689,0.0037,0.14,0.137
25.496844367679785,20.571965229814147,1.044958229684602,0.2824,0.3387,0.0851,0.0137,0.0362,0.0013,0.0102,0.2324
30.34739445091973,25.33277209470144,1.040051769795478,0.0266,0.3038,0.237,0.0842,0.0422,0.2179,0.0003,0.088
30.129237606438974,30.448343270438155,0.8581497316409811,0.4483,0.0452,0.2284,0.1177,0.0249,0.0645,0.0582,0.0128
27.83843748304189,23.655596064161266,1.0077293093095054,0.0219,0.3173,0.0872,0.0104,0.0591,0.4281,0.0329,0.0431
28.135418944369402,26.65511704348649,0.9054703794769938,0.1972,0.1378,0.0901,0.0735,0.0679,0.0536,0.3059,0.0739
32.79511615131218,31.98813803166602,0.900181064706143,0.0825,0.1135,0.2776,0.0271,0.2342,0.0207,0.1982,0.0461
30.859696700103374,25.517053888325915,1.0526174697774073,0.0017,0.2352,0.1768,0.0123,0.1002,0.3551,0.0901,0.0286
29.721685312715945,25.32368999055951,1.0157163242128144,0.2413,0.0906,0.1535,0.0324,0.059,0.0404,0.151,0.2318
24.592127712720405,17.51366795671759,1.1757747014280941,0.0209,0.146,0.0787,0.1644,0.1783,0.0847,0.1117,0.2153
24.813044258553752,20.195876050062456,1.0305591204343614,0.052,0.0312,0.1096,0.3108,0.1232,0.1727,0.1525,0.048
31.5377845245754,27.817968173493863,0.989927961410732,0.1789,0.0701,0.1967,0.0488,0.0511,0.0802,0.1963,0.1778
35.96077705526213,34.794309436102225,0.9185633390412958,0.1019,0.0918,0.3387,0.0144,0.0656,0.0539,0.1666,0.1672
25.22744695155653,25.471397635550336,0.8333836743190511,0.4718,0.0122,0.0476,0.0965,0.0918,0.0867,0.1191,0.0743
22.15791349513295,16.127687322601332,1.1258845197033587,0.002,0.1483,0.1054,0.3437,0.1609,0.0917,0.0287,0.1192
26.312645399869645,22.537637593767773,0.9900170462426663,0.3239,0.1932,0.112,0.0917,0.0422,0.1046,0.0331,0.0994
31.57844478962286,26.50020783097893,1.0406878680167735,0.1355,0.0948,0.2061,0.0746,0.0027,0.2562,0.0911,0.139
40.19709467717516,45.19453347569672,0.8009175423094053,0.0482,0.1795,0.5248,0.0015,0.1058,0.0717,0.0333,0.0352
23.34497627495279,20.773607738847797,0.9312285337311251,0.2563,0.1122,0.0018,0.1505,0.0946,0.1356,0.1598,0.0893
26.21855957496116,20.53494411878854,1.081987827501911,0.1361,0.4374,0.1469,0.0611,0.0834,0.0544,0.0073,0.0734
17.472742913513866,15.925024889442199,0.846010791634359,0.0143,0.0328,0.0224,0.5537,0.146,0.0461,0.1036,0.0811
28.721763964603607,23.637812609505296,1.045856669269915,0.2005,0.0541,0.0909,0.0256,0.076,0.2222,0.1429,0.1878
23.87257173868225,20.918439414076598,0.9500025955717062,0.2799,0.2251,0.0093,0.041,0.0756,0.1867,0.0154,0.1668
24.277091901332618,18.313515888701286,1.1072200458156032,0.09,0.025,0.0395,0.2298,0.0408,0.2104,0.1046,0.2598
21.189152078563293,17.63655568541256,0.9746320304922508,0.1838,0.1553,0.034,0.2794,0.1499,0.0266,0.1281,0.0428
32.30304739160503,30.232916610194817,0.9361666211873513,0.2899,0.07,0.2467,0.0287,0.0715,0.049,0.1177,0.1264
25.542576705784644,19.613427619522167,1.0983585900274924,0.0489,0.1014,0.0456,0.1158,0.0572,0.0447,0.155,0.4314
33.85775241661928,33.035630786413435,0.9038045197217449,0.2721,0.0599,0.3023,0.0484,0.0589,0.1,0.0936,0.0648
29.509430814297744,23.952624821297864,1.0649952147046375,0.0499,0.1035,0.1729,0.0602,0.1731,0.0627,0.1559,0.2218
23.465224830538116,19.17820366038126,1.0149660090819552,0.1793,0.1768,0.0352,0.1603,0.09,0.2428,0.0298,0.0858
34.955042047605716,33.0292659368299,0.9372004242179878,0.0587,0.1669,0.3346,0.05,0.0521,0.1015,0.1297,0.1065
25.541077096832645,19.719352705952666,1.0923825653937442,0.0198,0.0043,0.0274,0.1452,0.1068,0.207,0.1756,0.3138
26.211189557590547,22.353495249613083,0.9936338505261275,0.1552,0.1531,0.0326,0.0211,0.1739,0.2279,0.1797,0.0566
31.154168085552058,27.950396282674518,0.9715128118732252,0.1515,0.1051,0.1918,0.0073,0.1514,0.0334,0.2126,0.1469
31.79432417407233,28.46574470948338,0.9764130346048047,0.0363,0.1336,0.2575,0.1498,0.0,0.3755,0.0092,0.0381
21.495115793968303,15.870991677559626,1.1023328692626728,0.0209,0.31,0.0381,0.1366,0.2938,0.1336,0.0021,0.0648
26.78781795112699,27.831553501217165,0.8187763557693754,0.0379,0.1277,0.0427,0.097,0.1715,0.0731,0.403,0.047
27.031649877553598,19.89696801838574,1.157545705268826,0.0663,0.128,0.0718,0.0688,0.0605,0.1261,0.1363,0.3424
24.926591590257054,18.925943244919882,1.1057093070314572,0.0225,0.2691,0.12,0.1174,0.2665,0.1603,0.0237,0.0205
23.028890656957326,19.34175898514946,0.9838242050047075,0.0838,0.5481,0.0261,0.0136,0.1304,0.17,0.0203,0.0077
35.7883670662312,35.1860229031019,0.9034373436796925,0.0103,0.02,0.3955,0.1091,0.0709,0.0817,0.0262,0.2864
22.658879927706217,18.43955900367959,1.0118940438859119,0.0054,0.0654,0.0033,0.1741,0.1993,0.0238,0.1644,0.3644
29.874423429128804,29.098133748361903,0.8892124715931454,0.0565,0.046,0.1657,0.0596,0.2637,0.0198,0.2987,0.09
25.977579009581177,22.28168724222003,0.9863516515004922,0.1536,0.1623,0.1048,0.1183,0.2024,0.0474,0.1834,0.0278
28.046095651995113,25.204709715863167,0.9540318425830211,0.1192,0.0849,0.2506,0.2564,0.1155,0.0046,0.0363,0.1326
27.08360606110255,24.473205448784263,0.943219559424295,0.2573,0.1996,0.0356,0.0037,0.0037,0.3161,0.1071,0.077
24.703708919616815,21.8633331827535,0.9469603169176677,0.0436,0.0105,0.1693,0.4479,0.0415,0.0683,0.1431,0.0758
23.696552914775427,23.0532577735508,0.8543934704696466,0.4336,0.1699,0.0141,0.0136,0.1564,0.0365,0.0649,0.111
26.170103524254092,21.515839329613762,1.0304084904435877,0.1508,0.3904,0.1103,0.0277,0.162,0.0184,0.14,0.0004
36.56813956287609,36.042616976956566,0.903600856277949,0.0027,0.1036,0.3785,0.0922,0.0299,0.3053,0.0732,0.0147
17.99724301616901,16.47471002309069,0.84961999310159,0.1478,0.0004,0.0314,0.5248,0.1209,0.0861,0.0444,0.0443
27.482220562688543,20.466346394064395,1.1473577213321673,0.0299,0.3749,0.1675,0.0185,0.1621,0.0595,0.0016,0.186
22.986331765474453,20.307343206445307,0.9349490759307413,0.284,0.044,0.0218,0.1111,0.2409,0.0431,0.0866,0.1685
27.050569327695506,22.34090039042998,1.0317654581893898,0.0121,0.1275,0.038,0.0104,0.2171,0.2137,0.2396,0.1416
27.57371699630513,20.854422774179575,1.1303941255805166,0.0174,0.0216,0.0979,0.03,0.2596,0.1564,0.1002,0.3168
28.091003419727496,21.014225324904615,1.1464140622484187,0.02,0.1891,0.0964,0.0088,0.072,0.3105,0.0032,0.2999
25.310672903909133,18.37329849769995,1.1598719144837764,0.0083,0.0727,0.1214,0.282,0.0029,0.1491,0.0307,0.3329
25.287258598675162,20.31563306798864,1.0478264953612257,0.1143,0.0571,0.0661,0.0632,0.2936,0.0524,0.1259,0.2274
23.92423832104449,20.65881711211419,0.9644423595463776,0.085,0.1002,0.0452,0.238,0.1279,0.11,0.2363,0.0575
30.360607670479972,26.446678965813703,0.9967454781205236,0.1055,0.1822,0.2377,0.0855,0.145,0.0722,0.1021,0.0699
28.52033557093193,26.35679571341793,0.9303230877359239,0.1917,0.1453,0.1456,0.1188,0.0775,0.0363,0.2491,0.0357
26.492540139258047,21.808939607637694,1.0313449688026533,0.2644,0.1502,0.1425,0.1617,0.0278,0.0587,0.0436,0.1512
26.975654976141982,25.829921790833122,0.889497659427521,0.3569,0.0359,0.0185,0.001,0.0565,0.1176,0.212,0.2016
22.233375984970788,17.66047018346719,1.0324400084228744,0.0975,0.1049,0.0274,0.3238,0.0211,0.2245,0.1108,0.0901
30.144119439671325,30.92387720332891,0.845434719190288,0.4363,0.0385,0.163,0.0225,0.0885,0.0015,0.2086,0.041
27.403438726916292,25.54818781120285,0.9160508330322321,0.1438,0.1555,0.0733,0.0727,0.1263,0.1141,0.2962,0.0181
25.786515878770082,23.4384687874647,0.929519589198672,0.0174,0.2884,0.0378,0.1088,0.0652,0.0645,0.3307,0.0873
23.034598924879475,17.070604303659568,1.1150512651036535,0.0012,0.2904,0.0479,0.0604,0.3564,0.1173,0.0564,0.07
28.399725177053043,23.5519401950152,1.0359963966882557,0.089,0.0052,0.1055,0.032,0.03,0.0776,0.0188,0.6417
25.400511314038127,22.202107275511636,0.963895500930326,0.056,0.2082,0.0342,0.1172,0.009,0.4464,0.0172,0.1118
24.934373570312317,23.416059144160368,0.8940177952844406,0.23,0.0034,0.158,0.1612,0.3877,0.0178,0.0063,0.0356
29.5685895001456,29.759705942855664,0.8591680828178272,0.2666,0.002,0.1767,0.1779,0.031,0.0068,0.2752,0.0639
27.472790990601194,21.659625046420935,1.083711788190898,0.1161,0.3454,0.0965,0.0134,0.066,0.1236,0.1577,0.0813
32.45180314059353,29.969026024837618,0.9493736338649562,0.139,0.0179,0.2453,0.0915,0.0498,0.004,0.2008,0.2516
31.41353897889933,29.531549992338174,0.9282797207058773,0.1883,0.055,0.1275,0.0194,0.0156,0.1669,0.3141,0.1132
26.456743642465348,27.30306791194876,0.8224989116566459,0.0048,0.0765,0.1058,0.3008,0.0345,0.0253,0.382,0.0703
30.692421716225095,30.965310929501644,0.8620104534714802,0.2961,0.0545,0.1607,0.0277,0.1184,0.0524,0.2799,0.0104
25.97796175273091,19.906944883088997,1.1040348924360186,0.0669,0.0119,0.1403,0.2208,0.1689,0.1185,0.055,0.2176
27.127951049039268,22.661954318057166,1.0205629542996117,0.1831,0.3212,0.0759,0.0155,0.0401,0.0633,0.2055,0.0955
29.16186343025899,24.22712330581604,1.0385823819297009,0.1193,0.1513,0.1332,0.0279,0.1123,0.0402,0.2107,0.2053
30.069983363096497,24.507262921169072,1.0637656047904709,0.0387,0.0943,0.2135,0.0261,0.2578,0.1841,0.0023,0.1832
27.40551476979507,23.475760451054093,0.997007735642665,0.1017,0.2441,0.1697,0.2077,0.0199,0.0299,0.1869,0.0401
34.11405368809547,33.67958591491272,0.8941337273021966,0.1348,0.0487,0.3448,0.1454,0.0527,0.148,0.0858,0.0397
27.29047991077892,22.713171406034547,1.0254173446069708,0.2123,0.0115,0.1709,0.1848,0.0914,0.053,0.0308,0.2453
27.209622781528108,21.05252116565906,1.1024628641337135,0.0897,0.0162,0.0576,0.033,0.1796,0.2365,0.1215,0.266
30.64403600893725,27.089494205088183,0.983556053399208,0.0637,0.1205,0.2023,0.0907,0.1442,0.1522,0.1978,0.0285
22.53097900083649,16.484026572368812,1.1241779379256072,0.043,0.1008,0.0127,0.2118,0.1323,0.1271,0.1099,0.2623
25.00606713205556,19.431639741284037,1.0810239080043527,0.1757,0.0569,0.077,0.1798,0.0761,0.2062,0.0259,0.2023
16.202162619038806,15.505054957857276,0.7869796432327566,0.0237,0.0816,0.0044,0.618,0.0396,0.0614,0.0723,0.099
19.752283508803604,14.541437682454292,1.083268645975103,0.1051,0.2631,0.048,0.3235,0.1154,0.0168,0.0014,0.1266
28.12599060871389,26.67082780487,0.9045834941916789,0.1289,0.142,0.036,0.0625,0.0058,0.2797,0.3147,0.0304
32.6646428955819,30.909820624387695,0.9273636118407508,0.1852,0.0592,0.2595,0.1158,0.0329,0.1909,0.1553,0.0012
24.507380101560702,22.302378012117444,0.9195154028157233,0.3039,0.1529,0.0169,0.0303,0.1755,0.1767,0.0989,0.0449
22.843395192085755,18.876154299521435,0.9982645242820191,0.0964,0.0714,0.0081,0.071,0.3661,0.2308,0.0306,0.1256
33.673018607883634,30.378565245918686,0.9767748531794194,0.1214,0.0357,0.2593,0.0106,0.1317,0.1467,0.1509,0.1437
27.79993948948336,27.042265232156787,0.8801015478977745,0.0413,0.0101,0.2534,0.1665,0.4392,0.0538,0.0022,0.0335
36.06311993452369,37.64610842979238,0.8516981242382434,0.1318,0.0159,0.3406,0.0256,0.1556,0.0505,0.2337,0.0462
23.431720718669737,19.5409511038038,0.9944101807248881,0.0041,0.1342,0.0077,0.2345,0.0437,0.0796,0.2559,0.2403
23.493949930218545,16.597906363049887,1.174482462054118,0.0115,0.3471,0.0248,0.1144,0.0423,0.0127,0.1321,0.315
35.78388637068119,36.66179511969533,0.866948447748167,0.0739,0.0386,0.3936,0.038,0.2257,0.0865,0.0547,0.089
30.311615749683043,26.16236798894618,1.0057046732467,0.1692,0.011,0.2017,0.0182,0.1979,0.0066,0.0736,0.3218
34.38839554357404,31.464380673369995,0.965803072974304,0.0431,0.0957,0.2748,0.0446,0.0128,0.4588,0.0116,0.0587
29.724466524880928,24.810382139508906,1.036842817665287,0.0011,0.1711,0.214,0.1571,0.0636,0.0423,0.1676,0.1831
30.79639902396921,31.119108021032016,0.8610914877720378,0.1694,0.0192,0.1292,0.0063,0.1534,0.0334,0.3599,0.1292
26.2349443542642,19.57505680492447,1.135881472827736,0.0569,0.1357,0.0272,0.0283,0.0672,0.2005,0.0967,0.3875
23.73589983531209,20.234486583756116,0.9753595552632265,0.2892,0.3875,0.0154,0.0111,0.0198,0.0533,0.0465,0.1772
27.111660149386974,26.12566557843554,0.8846343102724101,0.2757,0.0627,0.0698,0.0608,0.1375,0.0292,0.2653,0.0989
25.645216863301744,22.825869863873503,0.9482756623246863,0.2568,0.1809,0.0452,0.0473,0.1228,0.249,0.0962,0.0017
22.32484269474935,18.5803634947573,0.9862478040281586,0.1108,0.0034,0.0474,0.2903,0.223,0.2277,0.0856,0.0118
32.51331600120792,27.96791280841652,1.0195010330777086,0.0341,0.1848,0.2747,0.0991,0.0083,0.2031,0.0616,0.1343
30.92299218210105,30.3202965949004,0.887952797487781,0.0493,0.0509,0.1953,0.0458,0.2742,0.0483,0.2876,0.0486
30.367206164798365,24.779901120191965,1.064056149252064,0.1543,0.1916,0.2123,0.0283,0.0744,0.0818,0.0353,0.222
26.592380206985467,22.18009101726781,1.0185882550886143,0.2726,0.0023,0.1302,0.1685,0.0468,0.0905,0.0164,0.2728
31.37225060791451,29.71334043497083,0.9212108166639859,0.2473,0.2252,0.2817,0.0283,0.1333,0.0383,0.0144,0.0316
23.993648923219325,20.236761377347285,0.9879865928349535,0.0279,0.3784,0.005,0.1289,0.0042,0.1063,0.2558,0.0935
25.938928630983966,19.951024720533244,1.099639188377367,0.0243,0.2885,0.0826,0.0959,0.124,0.2603,0.0997,0.0248
26.904933445960616,22.533796410416567,1.0164702400245564,0.2113,0.009,0.0989,0.097,0.1529,0.0492,0.1437,0.2379
31.914921289600546,29.90579704123899,0.933428433661437,0.1559,0.009,0.2653,0.1705,0.0592,0.2107,0.1158,0.0136
39.155965636484645,41.2318337932444,0.8526413307924411,0.0491,0.105,0.3979,0.0107,0.0066,0.0963,0.2695,0.0649
23.48887559814708,18.73260182681661,1.0403720624781458,0.0179,0.3319,0.0102,0.0765,0.1858,0.2447,0.1173,0.0157
23.75789119175793,23.587239289168895,0.8376517043616302,0.4693,0.1005,0.0372,0.1439,0.0275,0.0245,0.0991,0.0981
27.70386773604676,21.819645855604954,1.08635437499357,0.0185,0.2049,0.0975,0.0071,0.2084,0.3408,0.0651,0.0576
23.799911919221874,18.875068074650354,1.0489981726642674,0.0097,0.1241,0.1693,0.3729,0.086,0.012,0.0072,0.2189
21.96937429480671,19.58104358625918,0.9176923699519546,0.0956,0.1823,0.0286,0.274,0.1351,0.0106,0.2353,0.0385
29.37632163555045,21.58930880054984,1.1754114904736628,0.0072,0.16,0.1531,0.0274,0.099,0.1225,0.0805,0.3503
32.860484074778604,33.27226077272958,0.8674037593030969,0.0131,0.1274,0.2462,0.0488,0.1896,0.0433,0.3194,0.0122
21.52805725873246,18.10135693869171,0.9683283589235335,0.2795,0.1609,0.0482,0.2989,0.0163,0.0086,0.0719,0.1158
27.705179610955334,28.173551658126648,0.8413983404934884,0.0909,0.066,0.0102,0.0791,0.028,0.1709,0.4078,0.1471
24.0472904589706,22.03001868561406,0.909998795056029,0.2587,0.0266,0.0588,0.0356,0.4154,0.1231,0.0227,0.0591
27.597120349497885,25.923753593035652,0.9102509119604186,0.1336,0.1435,0.0405,0.0612,0.0206,0.071,0.3436,0.1859
23.522597880050473,19.955349441040955,0.9783140073658408,0.1505,0.0182,0.1345,0.3652,0.1388,0.078,0.0699,0.0448
21.836029438016556,18.737980171771984,0.9518651036297829,0.008,0.2245,0.0423,0.0319,0.5545,0.097,0.0046,0.0373
27.144927456314317,21.753266532977474,1.0639748021855528,0.0121,0.1797,0.1945,0.1769,0.2056,0.121,0.0412,0.0689
32.19631994207475,33.35661392820812,0.8452992261972505,0.2666,0.0121,0.2353,0.1006,0.0759,0.0193,0.2718,0.0185
29.087632112022256,22.610121546019148,1.1095752873756362,0.1013,0.0256,0.1392,0.0129,0.1647,0.1237,0.0543,0.3783
35.416128693279,34.018733303399316,0.923494958295221,0.1793,0.009,0.3425,0.0524,0.0093,0.0336,0.0755,0.2983
25.854323325109323,21.263635736703872,1.0277792375546506,0.0553,0.2249,0.1765,0.2377,0.1442,0.0259,0.1036,0.032
25.34544792457715,20.38307547608016,1.0472142905827118,0.1074,0.211,0.055,0.1108,0.1083,0.2728,0.1067,0.0281
26.297843758121925,21.091859397524438,1.0571777166663188,0.1684,0.1362,0.0175,0.0276,0.0047,0.1482,0.1411,0.3563
24.155546131514,20.61796418872055,0.9775720797177675,0.1221,0.0253,0.0122,0.2307,0.0061,0.3678,0.0977,0.1382
21.570955924564338,18.645149019269237,0.9423875296681861,0.0118,0.1795,0.0018,0.318,0.0303,0.0315,0.2516,0.1755
27.828972146339474,22.144459606114303,1.0760692548017772,0.0103,0.4686,0.1857,0.1024,0.0307,0.0542,0.0955,0.0528
29.518734995778512,25.534822772656334,0.999369967161274,0.0042,0.0816,0.1918,0.0117,0.3913,0.1412,0.1128,0.0655
25.077967682246072,23.14218408627463,0.9108028699308108,0.01,0.0539,0.1678,0.3704,0.1612,0.033,0.1885,0.0152
24.10969344760839,20.19185931117601,0.9959307430632628,0.1111,0.0415,0.0232,0.231,0.0453,0.3505,0.1015,0.0959
30.47219800698891,25.220951403360374,1.0496113958437676,0.0809,0.0525,0.1869,0.0347,0.2081,0.186,0.1161,0.1348
26.699365323387475,24.423908636187157,0.9293911822842087,0.3721,0.1141,0.1242,0.1172,0.0714,0.0673,0.0898,0.0438
25.665859017632815,21.48881584008476,1.0082388521948147,0.1162,0.024,0.1071,0.1844,0.2391,0.1601,0.1368,0.0323
29.028376467710494,24.044764562959507,1.0409075290454797,0.1298,0.0175,0.1196,0.0896,0.064,0.3888,0.0616,0.1291
28.38951375895611,24.95038740512645,0.9775204433877809,0.0587,0.0145,0.2026,0.2945,0.0355,0.0817,0.177,0.1355
24.15459441631357,22.143505614991625,0.9101808343602324,0.3091,0.0142,0.0457,0.1295,0.1955,0.0134,0.144,0.1486
21.08095923441354,17.851854216241154,0.956817091799558,0.0997,0.0431,0.0168,0.3978,0.0435,0.2015,0.1419,0.0556
27.262675047002105,21.52509602507015,1.0807234039703333,0.0311,0.2354,0.1948,0.1823,0.1202,0.1207,0.0339,0.0816
23.28973651194504,20.7492062143277,0.9296614199450739,0.0602,0.0712,0.0916,0.3218,0.1789,0.0042,0.2114,0.0606
22.831119122355766,17.414836808599354,1.081326189232911,0.0147,0.2002,0.0077,0.1025,0.2183,0.2703,0.0133,0.1729
24.7823341359107,18.385110892054254,1.1303893818172446,0.0315,0.3464,0.1043,0.1287,0.1679,0.1156,0.0823,0.0233
28.779543042476686,26.301829136438926,0.9421224247916186,0.1346,0.0636,0.2028,0.0067,0.4279,0.0819,0.0425,0.0401
28.681594187434158,33.07075999111511,0.7463267912217677,0.1641,0.0441,0.0201,0.0503,0.0179,0.0414,0.498,0.1641
35.476720993100834,33.81684494234944,0.9308000508847583,0.0448,0.0616,0.2598,0.0274,0.0348,0.2764,0.2714,0.0238
20.765916011500135,16.90296482670032,0.9918920250615619,0.0754,0.1391,0.0188,0.2572,0.2278,0.2427,0.0088,0.0301
21.70608405941541,17.6296378459345,1.0043362327773815,0.1658,0.4896,0.0034,0.0135,0.196,0.0104,0.0537,0.0676
34.14974848465628,30.09823250726132,1.0017115947716375,0.0088,0.1247,0.3059,0.0577,0.0427,0.1123,0.0957,0.2522
25.643180232091684,21.348355818767896,1.0138101695431083,0.0263,0.033,0.0254,0.0337,0.289,0.106,0.2052,0.2814
31.337427293059942,25.947598357185957,1.0535629123259143,0.0065,0.0342,0.226,0.0171,0.2648,0.203,0.0482,0.2002
16.408762821679463,16.574654777173837,0.7486589005020167,0.2205,0.0424,0.002,0.4944,0.1743,0.0211,0.0176,0.0276
37.88373276971937,39.97667118635997,0.8475876496010126,0.2051,0.029,0.3764,0.0041,0.0532,0.0772,0.2091,0.046
28.98156913698004,34.10679785671592,0.7324513207580686,0.1525,0.0616,0.0106,0.0136,0.0486,0.078,0.5194,0.1157
25.254901064601192,23.689819066713174,0.8972166906275232,0.0473,0.0345,0.0422,0.0023,0.4535,0.0206,0.2206,0.179
31.677818999085954,46.107827382544656,0.6002846061136278,0.0421,0.0179,0.0347,0.0319,0.0349,0.0439,0.768,0.0266
28.07847066495819,25.417159594611157,0.947331293071127,0.011,0.0473,0.0548,0.0804,0.0615,0.6001,0.059,0.0859
27.901613785062946,23.675422759449823,1.0095538325930353,0.3064,0.0044,0.1175,0.103,0.0029,0.1088,0.0675,0.2893
33.26874907998636,31.30216443419247,0.9350391453446927,0.0097,0.2331,0.3142,0.0402,0.1756,0.1201,0.1052,0.0019
27.852452659479667,22.50320721643772,1.059957917556586,0.0327,0.1232,0.1402,0.1357,0.1541,0.3118,0.0904,0.0119
18.298227400460437,18.432986105466075,0.7756869841192184,0.2927,0.0255,0.0146,0.4951,0.003,0.1069,0.0272,0.0349
21.870470908235827,18.948799928913374,0.9430924900403767,0.1397,0.0302,0.0209,0.2984,0.0981,0.3214,0.0134,0.078
24.561812638384346,19.58343034328099,1.0499596994986649,0.1628,0.0728,0.1417,0.2921,0.0891,0.0628,0.0319,0.1468
32.73315995000153,32.04656706872297,0.8966064879393811,0.1202,0.0006,0.3225,0.1876,0.0599,0.0018,0.1205,0.187
33.42802219367385,30.01579410282692,0.9804179124117287,0.0494,0.018,0.1852,0.044,0.0214,0.4415,0.2062,0.0343
25.791036052826737,21.910761443630275,0.9945357722454532,0.0428,0.1976,0.0395,0.0517,0.2123,0.1201,0.2527,0.0832
24.778854361076068,22.397797830535453,0.9277186319070957,0.3155,0.005,0.0091,0.1039,0.067,0.1867,0.1114,0.2014
25.622850442609575,19.214554049161496,1.125337095375012,0.0742,0.2148,0.1517,0.2265,0.0461,0.1289,0.0044,0.1534
30.84214391078473,25.752406314142878,1.0423159522783463,0.1258,0.026,0.1991,0.127,0.0175,0.1705,0.1346,0.1996
25.11039062105609,18.86999222880673,1.1187281035987493,0.0167,0.449,0.093,0.1023,0.0127,0.1949,0.0046,0.1268
28.61638209271432,26.314813105336693,0.9354572268545609,0.0496,0.027,0.0758,0.0729,0.1008,0.5911,0.0663,0.0165
30.631964615316697,24.897901692847693,1.069646950327832,0.0872,0.1718,0.2266,0.0596,0.0897,0.104,0.0497,0.2115
34.066347918941275,31.430074134613502,0.9566107859042442,0.0748,0.1893,0.303,0.0564,0.0261,0.2642,0.0656,0.0207
34.27263712167324,32.58281524874225,0.9290982651611669,0.0717,0.0409,0.3565,0.1336,0.0409,0.1279,0.0116,0.217
20.454884632703465,19.346552729201488,0.8505331602496103,0.3048,0.0772,0.0117,0.3627,0.0072,0.1113,0.0943,0.0308
28.54189181457038,26.328464437754167,0.9321429235872222,0.2063,0.0394,0.0662,0.0689,0.0288,0.4156,0.1591,0.0156
23.72619658841303,17.963177253891317,1.0981462972615155,0.0389,0.3233,0.0152,0.0531,0.0259,0.0834,0.0125,0.4476
29.051814333527044,40.73259195739002,0.6150311858310787,0.0266,0.0386,0.0057,0.0743,0.0968,0.0629,0.6791,0.0159
25.257472625964677,18.53868096747333,1.146655075582861,0.1186,0.2819,0.0537,0.0439,0.09,0.0245,0.1227,0.2648
26.70502402959653,24.125781146671034,0.9411104200756398,0.163,0.0446,0.0115,0.0354,0.1298,0.3814,0.1663,0.0679
35.04893295828903,36.04920819804106,0.8612930632960826,0.1598,0.0106,0.2472,0.0373,0.0368,0.1544,0.3419,0.012
23.79151001637736,20.07150269256921,0.9860502384659267,0.2687,0.3941,0.0755,0.0948,0.0793,0.0377,0.0485,0.0015
26.20925299717454,31.15141535352587,0.712945230421474,0.3237,0.0317,0.0108,0.1279,0.0314,0.0205,0.4207,0.0333
22.44591627339361,19.232293012540353,0.9591116494203791,0.1937,0.3025,0.0406,0.2475,0.0031,0.0395,0.1717,0.0014
29.51335757561118,26.449477138998844,0.964607256375311,0.2322,0.2423,0.2464,0.1303,0.0126,0.0026,0.0364,0.0972
29.221868959581794,23.24864022741964,1.0848750168981889,0.0184,0.1065,0.1925,0.1324,0.1388,0.2386,0.0628,0.1099
29.077458520008697,26.412892019734542,0.9494400878658776,0.2141,0.1663,0.13,0.0932,0.0031,0.1275,0.2401,0.0257
29.19409748250984,27.802929780590436,0.9061670004323843,0.0641,0.1064,0.148,0.1284,0.1371,0.1064,0.3088,0.0009
16.209477497857918,16.034470854788637,0.7614518501065223,0.0773,0.0283,0.0014,0.5018,0.2815,0.0329,0.0545,0.0224
31.20569630141126,25.165472271296863,1.08107235215456,0.0215,0.069,0.211,0.0872,0.0464,0.0905,0.123,0.3514
39.76820855138549,46.66827893099034,0.7664351326149593,0.0155,0.0653,0.5454,0.1336,0.0834,0.0272,0.0797,0.05
28.353624337477395,27.985825698883765,0.8702128212871975,0.3586,0.0049,0.0859,0.0467,0.1058,0.1599,0.222,0.0163
28.283142887749513,24.666886885020713,0.984442949811221,0.1358,0.0386,0.1367,0.1616,0.0668,0.3999,0.057,0.0035
27.71079008598496,27.079247691176995,0.8756074155527758,0.1164,0.0385,0.0985,0.209,0.0399,0.1414,0.3356,0.0206
22.022393991255782,19.331812893173762,0.9322661092804004,0.1501,0.1752,0.0323,0.0247,0.4852,0.062,0.0098,0.0608
31.44729071238388,26.683549511466136,1.0286221741447688,0.0777,0.1293,0.2012,0.0047,0.17,0.1753,0.1522,0.0895
30.00659782970147,25.046312769447844,1.0383403764495431,0.2238,0.1904,0.1834,0.0011,0.0575,0.1724,0.0024,0.169
25.02217272591471,19.374350646275275,1.0850517320412092,0.0138,0.1133,0.0987,0.0791,0.3489,0.0102,0.0784,0.2575
28.900333348476703,24.112108822261366,1.0326899870942692,0.174,0.1256,0.211,0.1556,0.0306,0.1344,0.0002,0.1686
22.192558857631287,17.58656136472268,1.0344579864329926,0.0945,0.0412,0.0332,0.3299,0.0851,0.2072,0.1151,0.094
36.412063355312604,38.94135171672124,0.8323302075154985,0.0302,0.0496,0.2897,0.0468,0.0332,0.0691,0.4076,0.0738
20.9218811862078,17.364327439626823,0.9745198162752146,0.1284,0.0584,0.0862,0.4531,0.0816,0.0882,0.0656,0.0384
32.471075369353244,31.835997234249696,0.8943044931139643,0.2577,0.1492,0.3181,0.1175,0.0154,0.0475,0.0358,0.0587
29.41915457215778,26.322324947947873,0.9656880470256294,0.0768,0.0571,0.2577,0.2854,0.0293,0.1326,0.0777,0.0834
23.017937536362762,18.565687521172393,1.0243594542176053,0.0552,0.1317,0.1117,0.2656,0.2801,0.0605,0.0831,0.0122
20.797539934728363,15.112780536553183,1.1114791149186785,0.0038,0.1842,0.0512,0.3626,0.0751,0.1731,0.0114,0.1386
23.55857681861537,18.72497468885355,1.0445181979475808,0.2012,0.0278,0.083,0.2375,0.1511,0.0912,0.0402,0.1679
31.852666172588833,26.23957900311576,1.061475344908603,0.0548,0.0762,0.1901,0.0171,0.0994,0.3591,0.0749,0.1284
28.5629378499631,33.35598626073189,0.736387695388868,0.005,0.0412,0.062,0.1141,0.1487,0.0653,0.5114,0.0523
28.133949120116856,23.48835698042791,1.0274856236316103,0.0945,0.0148,0.1218,0.137,0.1333,0.365,0.0965,0.037
32.21683665156686,34.57764356420942,0.8160427878542164,0.062,0.011,0.3628,0.1474,0.3459,0.0163,0.0521,0.0024
21.774217912244797,16.7462040149098,1.0613878761073088,0.0083,0.282,0.0513,0.1148,0.39,0.1151,0.015,0.0235
26.253414474115317,23.032814323758696,0.9661613279780831,0.1835,0.1459,0.2005,0.2086,0.1878,0.0478,0.0036,0.0223
22.47862981151433,20.436233078711215,0.90420919258177,0.1497,0.0127,0.0855,0.1657,0.466,0.0242,0.0341,0.062
27.31724592015968,24.445611146358193,0.9538418074539892,0.0081,0.1614,0.0348,0.0001,0.2204,0.1997,0.3009,0.0746
27.32500736283176,23.04439512370007,1.0121770277599125,0.1434,0.045,0.1056,0.1874,0.0451,0.2247,0.1838,0.0651
23.611570417395217,20.778096794490146,0.9438578812760048,0.0131,0.0483,0.0533,0.0559,0.5466,0.202,0.0623,0.0185
33.15227592633749,29.7257508268213,0.9807078077245278,0.0907,0.0987,0.1776,0.0035,0.0181,0.3094,0.2483,0.0536
23.34827720176466,23.40193532752278,0.8267810730597714,0.2805,0.0001,0.0436,0.0031,0.5238,0.1163,0.0118,0.0207
23.2445874601772,22.416668588774176,0.8584945342776984,0.2075,0.0054,0.0369,0.0249,0.5209,0.0741,0.0741,0.0562
29.531486001449558,23.75694927803124,1.0746954797373451,0.1023,0.1245,0.1562,0.0908,0.0134,0.0535,0.1772,0.2822
30.349073986218006,25.097501594515165,1.049868405705226,0.1827,0.0765,0.1492,0.0511,0.0076,0.1537,0.1622,0.217
22.380276953803776,18.14709450750014,1.012849574691269,0.0033,0.0657,0.0781,0.3033,0.283,0.1177,0.1247,0.0243
26.090258220811812,21.751600125390713,1.0155693417251535,0.0703,0.0174,0.0942,0.1893,0.159,0.0711,0.211,0.1876
26.01045000439997,25.29924189120449,0.8700043305270782,0.4085,0.1137,0.111,0.0071,0.285,0.0046,0.0572,0.013
30.355300928754993,26.739569516755417,0.9856292156177145,0.2344,0.0231,0.1647,0.0363,0.1285,0.1978,0.1331,0.082
26.457851320100207,21.765207419039612,1.0318234459118771,0.2467,0.0133,0.0984,0.095,0.1313,0.0509,0.0723,0.292
29.745576864384216,25.374601178379336,1.0146199612516855,0.1234,0.1221,0.2085,0.174,0.014,0.1245,0.1369,0.0966
27.299045904109782,24.528167848406998,0.9498893699727742,0.3051,0.126,0.1073,0.0971,0.0546,0.0589,0.1771,0.0739
22.705200839363922,17.91380363543722,1.0441780662573052,0.086,0.0365,0.0363,0.2299,0.2093,0.2684,0.0394,0.0941
23.060761611767614,20.131626206927304,0.9468068508647748,0.1634,0.0561,0.015,0.259,0.0736,0.1668,0.1957,0.0704
21.956088040314203,17.333210019752176,1.0359355260711791,0.0838,0.1061,0.1013,0.4036,0.0895,0.0551,0.0872,0.0734
24.120945249624736,19.8553032723199,1.0133788929668561,0.0664,0.0195,0.0702,0.2169,0.2507,0.3106,0.0651,0.0006
34.223451637985555,30.317206655668183,0.9969075311341359,0.0383,0.0057,0.2993,0.0992,0.0206,0.1602,0.0955,0.281
22.893963762366777,18.33477842448201,1.030498614433109,0.079,0.1382,0.049,0.1678,0.3041,0.1251,0.1157,0.021
31.77421680027005,28.899064170141397,0.9610766852778042,0.2461,0.1561,0.197,0.0057,0.0346,0.1229,0.1804,0.0572
27.133846496128722,21.60554753481496,1.0707364142867046,0.07,0.1027,0.1355,0.031,0.3051,0.006,0.0811,0.2685
26.351485714760948,20.604821444557626,1.0847696872745611,0.065,0.0163,0.0998,0.1781,0.1295,0.3425,0.0331,0.1357
28.02408131229629,20.891723712745776,1.1499329419926947,0.0317,0.1168,0.1105,0.0279,0.1106,0.0637,0.0878,0.451
31.188149020793745,27.07312230393793,1.0042487421866033,0.1242,0.0321,0.1645,0.0391,0.0502,0.4567,0.0265,0.1068
26.28211947545443,24.321446541241627,0.9161510783361864,0.0338,0.0076,0.2422,0.4446,0.0497,0.0599,0.0604,0.1017
26.74339515352094,26.007039830758462,0.874509182956777,0.3633,0.0238,0.0548,0.0037,0.1957,0.0472,0.1957,0.1156
31.325263861123226,29.78580588926271,0.9173921284088382,0.3445,0.1112,0.2269,0.0325,0.0569,0.0123,0.1239,0.0917
27.312594307549677,26.041667420017372,0.8952035955128607,0.248,0.0457,0.0447,0.1104,0.0124,0.2205,0.267,0.0513
21.56021049148635,16.639186078640343,1.0553527323087228,0.1738,0.1534,0.0515,0.243,0.1778,0.0112,0.06,0.1293
20.181833677606377,16.231107694092646,0.9969642234273264,0.1572,0.1009,0.0288,0.3375,0.1503,0.0334,0.0859,0.106
34.076855155748994,30.748699977021136,0.9781504641895685,0.0863,0.1248,0.3151,0.0099,0.1113,0.1114,0.0321,0.2092
29.18674808004943,23.628356433038388,1.0659542973895562,0.0013,0.0799,0.186,0.0325,0.329,0.1939,0.0488,0.1286
30.637719280243488,31.002809281346593,0.8592034043918259,0.4663,0.02,0.2102,0.0072,0.1359,0.1181,0.0303,0.012
28.828057341616443,21.850672076519547,1.1362605806663655,0.0001,0.1258,0.1826,0.0755,0.1505,0.0942,0.0233,0.348
22.732191472473136,17.733380558966587,1.0563237736981579,0.0094,0.5877,0.0861,0.1879,0.002,0.0681,0.0453,0.0135
26.63200488681535,25.609113927018534,0.8837480652908404,0.4105,0.0454,0.122,0.0699,0.1966,0.0787,0.0599,0.0169
29.452127646420013,27.546429461825657,0.923971931886564,0.2023,0.0133,0.091,0.0017,0.1673,0.1703,0.2719,0.0822
31.07845353819137,26.930967309632585,1.0054764549250346,0.0975,0.3225,0.2316,0.0526,0.0247,0.0744,0.1429,0.0538
27.564381115560682,21.526987410324626,1.0946436984609789,0.0565,0.1407,0.1587,0.1619,0.1262,0.143,0.1101,0.1029
25.905998598132985,26.391263560988325,0.830047358191463,0.057,0.0312,0.0893,0.3111,0.0156,0.0165,0.3638,0.1156
21.77302271349026,17.48153879834083,1.016673813358873,0.1678,0.3088,0.0124,0.1273,0.1676,0.1243,0.0499,0.042
24.29126938102686,20.80867187598904,0.9751352465911479,0.1938,0.0214,0.055,0.1592,0.2359,0.2123,0.0989,0.0235
30.74714382652632,27.050421065323082,0.9887884466543279,0.0603,0.0192,0.2743,0.1713,0.1337,0.1587,0.001,0.1816
36.86283977975056,37.137425420700346,0.8848981696354444,0.1684,0.0254,0.3856,0.0328,0.074,0.211,0.0338,0.0691
33.40466505516465,32.70551083912815,0.8990737126779734,0.1211,0.0235,0.3128,0.0062,0.3196,0.1708,0.0406,0.0056
27.21238688292224,25.033178666224448,0.9272648588667296,0.1299,0.1073,0.0072,0.0213,0.0457,0.1132,0.3177,0.2577
24.984372104085143,27.84421692745366,0.7536348448497794,0.3261,0.0139,0.0289,0.2217,0.0106,0.0285,0.3437,0.0266
28.3756349695438,21.78038698295844,1.119155274358346,0.0496,0.1156,0.1602,0.0662,0.2049,0.2099,0.0311,0.1625
28.39930481380607,25.912962817450445,0.9415868415237704,0.0492,0.1703,0.105,0.0447,0.1979,0.1126,0.2962,0.0242
31.674425586154975,27.21580277393719,1.0168513424361296,0.0694,0.0727,0.2106,0.0892,0.0322,0.07,0.2045,0.2515
23.016147006099764,17.18440301813347,1.1065934025193302,0.1275,0.1113,0.0404,0.2375,0.017,0.1386,0.034,0.2937
25.097503686670425,21.193768623814147,0.9954578659957836,0.0668,0.0152,0.0489,0.229,0.1079,0.3573,0.1499,0.025
20.358338976421496,16.085602622853987,1.0169553084184744,0.137,0.3153,0.0877,0.3795,0.025,0.0024,0.0098,0.0433
22.395755317996276,22.539785236053604,0.8161459892071763,0.4212,0.0671,0.029,0.1185,0.2434,0.0706,0.0345,0.0157
25.16347301964189,24.43127276690613,0.8662452104545817,0.3429,0.0532,0.0215,0.1323,0.0201,0.071,0.2299,0.1291
26.28889430254225,21.004389730938534,1.061154101026401,0.1515,0.0783,0.1595,0.1887,0.1449,0.0333,0.0429,0.2009
29.367350383405753,24.208673467488435,1.0478620572694077,0.1781,0.0071,0.1137,0.0542,0.0348,0.1125,0.1742,0.3254
26.59186643284281,21.74810963850747,1.0387967877834023,0.2196,0.287,0.1,0.0733,0.0383,0.0645,0.139,0.0783
24.845700154777283,19.068285525249667,1.0932131327262755,0.0364,0.2589,0.1012,0.0745,0.321,0.0763,0.0881,0.0437
36.34929274840356,37.167012624506064,0.8703764565429201,0.2477,0.0031,0.3265,0.0143,0.0602,0.1645,0.1806,0.0031
22.702709259502072,24.40713449380112,0.7662804195327457,0.0032,0.0455,0.0603,0.4607,0.0176,0.0419,0.3494,0.0214
29.21488682339573,24.801488534653167,1.016668285379926,0.0585,0.0433,0.1477,0.1531,0.0611,0.1216,0.2387,0.176
26.806989319864943,21.2557647406141,1.0729790058452644,0.2052,0.0683,0.0783,0.0253,0.1038,0.1011,0.0333,0.3847
41.920605436078,48.38851136100129,0.7836696019262147,0.0804,0.0449,0.5612,0.0649,0.0084,0.07,0.0721,0.0981
33.932666529334895,33.05294428928907,0.9055975851154261,0.0136,0.3165,0.3478,0.0862,0.033,0.019,0.1361,0.0478
22.330240848802923,16.97323061737351,1.0799500261335282,0.165,0.1497,0.0328,0.1662,0.187,0.0892,0.0428,0.1672
28.1830696192713,21.627963773907087,1.1181389922821492,0.0007,0.158,0.1104,0.0852,0.0614,0.0693,0.2039,0.311
26.101364047126317,23.83027458417973,0.927448988011192,0.0764,0.0352,0.0483,0.1672,0.1232,0.137,0.3006,0.1122
25.09801802975804,20.637244987111774,1.0223272555485978,0.1998,0.1576,0.0435,0.1257,0.0572,0.1009,0.1763,0.1389
25.441847961322843,20.68488560993496,1.0365949498422324,0.1304,0.0998,0.1364,0.2743,0.0552,0.0164,0.1382,0.1492
33.30124543949831,32.151459192605806,0.911350407580786,0.1228,0.0576,0.3454,0.1481,0.0679,0.098,0.0223,0.1379
24.446581566879356,21.376597270518598,0.9564937444500641,0.282,0.1655,0.0175,0.0725,0.0896,0.1784,0.1002,0.0941
25.740938542207697,24.332316920725805,0.8935005496204588,0.1433,0.0299,0.017,0.0698,0.2002,0.0745,0.2907,0.1745
21.96364341828983,16.31958902379458,1.1007411640144953,0.0121,0.0651,0.0115,0.2136,0.2273,0.219,0.0493,0.2023
21.616038317769668,16.62785986760048,1.0594290821571488,0.1115,0.1108,0.0529,0.2142,0.2932,0.0666,0.0326,0.1182
25.263443647230943,19.084047439288916,1.1141998946960925,0.1134,0.0268,0.0892,0.1971,0.1151,0.2224,0.0371,0.1989
27.50560830103279,20.978016038948073,1.1204876694436667,0.1359,0.0589,0.1056,0.0967,0.0558,0.1063,0.0949,0.3459
23.495503548141087,22.052622604390514,0.884044673410394,0.3035,0.1274,0.0128,0.1818,0.0148,0.011,0.214,0.1347
30.266411961752564,28.772298446153897,0.9129062807029132,0.0486,0.0364,0.1856,0.1978,0.0639,0.1699,0.2918,0.0061
32.13043656232067,28.367616751569706,0.9916390512701102,0.1112,0.0821,0.1815,0.0014,0.1074,0.1772,0.2327,0.1065
29.24255479906138,27.14288838977813,0.9299877904139192,0.0474,0.0426,0.1439,0.1608,0.0479,0.0098,0.3154,0.2323
26.42034916855762,25.827756551578922,0.8680718793280945,0.1322,0.021,0.0114,0.0688,0.1216,0.5572,0.0767,0.0111
29.63150570173151,23.67483026044912,1.0826479184753095,0.0545,0.3216,0.147,0.0161,0.0395,0.1775,0.1641,0.0796
21.42218694107803,18.858677599601283,0.9238286645001225,0.2432,0.1049,0.0576,0.3335,0.1054,0.0191,0.1186,0.0177
30.848087277131675,30.53698358909979,0.8791990603392513,0.1452,0.085,0.1279,0.0206,0.0953,0.0862,0.3641,0.0756
27.63653140172268,24.101558749498125,0.9807055073653637,0.0538,0.0348,0.0471,0.0554,0.1418,0.5005,0.1045,0.0621
29.00143698468228,23.441588789402008,1.0665419144279795,0.0634,0.105,0.1802,0.0218,0.2876,0.2053,0.0154,0.1211
23.91475299145594,18.452865952562767,1.0792227636970475,0.0741,0.1503,0.0359,0.2247,0.0289,0.1052,0.1892,0.1918
27.722323897139823,22.286936692179662,1.064404867514333,0.0876,0.3745,0.1351,0.0543,0.0447,0.2204,0.0655,0.0179
25.119002969637634,21.590268875279108,0.9781723002912169,0.3178,0.1591,0.0295,0.057,0.0013,0.022,0.1111,0.3021
25.979297997521112,20.088578699554347,1.0941191174470053,0.0185,0.2717,0.1349,0.1017,0.2544,0.0933,0.0962,0.0293
18.95698694165389,18.324067480611735,0.8162481914825696,0.2219,0.0145,0.0157,0.2807,0.3815,0.0543,0.0112,0.0202
26.050302219366422,22.903285247364785,0.9627571757158067,0.2142,0.0768,0.0411,0.0578,0.0922,0.3657,0.0149,0.1373
21.131848240604064,20.241862944622078,0.8463572887275036,0.3466,0.2612,0.0157,0.2074,0.0257,0.1205,0.0008,0.0222
23.278262098039345,18.53498126475174,1.0401015152198247,0.1307,0.0484,0.0785,0.3134,0.1009,0.1028,0.1251,0.1002
28.71529478780046,22.346812422273747,1.1059874813808332,0.0485,0.3294,0.1296,0.0256,0.0482,0.0982,0.1835,0.1371
28.49749509322455,23.480790376676673,1.0432994247739533,0.1428,0.0492,0.1837,0.1904,0.0422,0.0677,0.1103,0.2137
36.130198097816915,33.09068379381818,0.9709741357420759,0.1099,0.017,0.3033,0.0141,0.0028,0.3345,0.0803,0.1382
22.93599092731663,19.549669563607942,0.9686092578549926,0.1491,0.1311,0.0188,0.1626,0.1764,0.2958,0.0414,0.0248
25.471339875374227,19.358053970383793,1.1091683031891317,0.1917,0.2981,0.0753,0.0342,0.1036,0.0659,0.0663,0.1648
20.45561320013664,20.19943742160031,0.8146570053748029,0.2224,0.0017,0.0074,0.4079,0.0358,0.0054,0.2105,0.1088
24.28947628304275,18.231969080375094,1.1128516175952907,0.0229,0.498,0.022,0.0402,0.0205,0.0701,0.1592,0.1672
31.546023987510903,27.563126369217457,0.9993795195262881,0.1,0.2728,0.2686,0.0592,0.0531,0.1422,0.0258,0.0782
23.255370649140808,18.383750006562057,1.0474125595848305,0.023,0.1842,0.1329,0.244,0.2921,0.0046,0.0528,0.0664
28.592748625993824,25.38647311511943,0.9687343537037886,0.01,0.387,0.2658,0.1365,0.1491,0.0363,0.0037,0.0116
38.92377169911382,42.72149332340325,0.8174754434434116,0.1915,0.0056,0.4636,0.0433,0.0559,0.0113,0.0928,0.1359
31.770370936913956,27.904570635624175,0.9951907628157914,0.1176,0.07,0.2335,0.0905,0.0875,0.1652,0.1408,0.0949
26.109025338444088,21.7666710591526,1.0157283710660723,0.0191,0.1208,0.2085,0.3201,0.1194,0.0978,0.0364,0.078
35.15048376883603,36.755279785363,0.8475104515798311,0.2792,0.0077,0.3648,0.0418,0.1274,0.0015,0.0769,0.1007
31.916761456519932,33.20626876917879,0.8407075679165603,0.1573,0.0409,0.2129,0.1271,0.0497,0.0193,0.3492,0.0435
21.79570645145798,22.168793058057503,0.802736820396721,0.0051,0.0355,0.0422,0.0122,0.7245,0.0406,0.0048,0.1351
21.643422306394797,16.78495725140253,1.0511449056517874,0.0518,0.0155,0.0848,0.363,0.165,0.0266,0.0363,0.2571
25.831303775978665,23.025874617091343,0.9481205009156964,0.1433,0.037,0.0387,0.0007,0.3688,0.2342,0.1496,0.0277
23.112483793698583,19.423960563729135,0.9839643017700427,0.1805,0.3235,0.0332,0.1849,0.0191,0.0933,0.1596,0.0058
27.175963237724392,23.753897522423188,0.9756699175723379,0.2294,0.0496,0.0516,0.0753,0.0638,0.2326,0.1861,0.1118
28.591008109276615,24.66222037704772,0.9971124956843959,0.0396,0.0156,0.1934,0.0752,0.3789,0.1329,0.068,0.0965
26.172869644069035,21.446950077371625,1.0338472166941497,0.0874,0.0543,0.0367,0.0635,0.0235,0.0498,0.1076,0.5771
29.115335564249627,25.095384950398937,1.0007949913456249,0.1152,0.1024,0.209,0.2076,0.0225,0.274,0.0362,0.033
23.97335540304841,19.522800959815584,1.0230783709858138,0.1827,0.3589,0.0176,0.0021,0.1588,0.0124,0.1512,0.1163
21.122923856840544,20.509581923084745,0.8348743490264755,0.0654,0.0036,0.0597,0.5293,0.0012,0.0854,0.2316,0.0237
23.280277585409976,21.47542565530745,0.8977832567730751,0.1702,0.0041,0.1669,0.4269,0.1397,0.0347,0.053,0.0044
25.094316873458766,24.830635440421432,0.8495278714905392,0.3653,0.0124,0.0988,0.1872,0.1621,0.0054,0.1628,0.006
30.394647973415395,26.433084348302472,0.9985458989809661,0.166,0.1104,0.2075,0.0253,0.1852,0.0354,0.1216,0.1486
23.94598070145809,19.096621644646692,1.044476927522387,0.0863,0.0604,0.1375,0.2407,0.2758,0.0632,0.0015,0.1346
21.39487259579481,18.134152951827147,0.9592327053821474,0.0783,0.2338,0.0211,0.0777,0.447,0.0392,0.0824,0.0204
22.250319476154985,16.658162790263344,1.0955781682492776,0.0351,0.1953,0.0049,0.1699,0.1923,0.1864,0.1081,0.1078
30.718928673159603,27.033689541410954,0.9883567180954271,0.0063,0.283,0.2643,0.1204,0.0738,0.0001,0.1345,0.1174
30.164204617433843,24.779422774371916,1.0558843462848593,0.1253,0.1121,0.1909,0.1122,0.0279,0.2007,0.1023,0.1286
21.387939156368954,18.247990504962594,0.9528687091129433,0.2638,0.0268,0.0472,0.2641,0.1542,0.0172,0.0048,0.2218
20.482843153960754,17.08054612385101,0.9650067998086058,0.0291,0.0091,0.0568,0.4806,0.0076,0.0012,0.0971,0.3185
23.407915299671387,17.47992954033887,1.110297112747695,0.1443,0.1984,0.0385,0.0859,0.1526,0.0652,0.0064,0.3086
37.243004954700694,38.50098301546433,0.8634326282357074,0.054,0.1964,0.3692,0.0179,0.0139,0.0176,0.2579,0.0731
24.479240410039292,24.696949795326283,0.829221445553363,0.4194,0.0628,0.0348,0.0514,0.2116,0.0036,0.1517,0.0645
20.299036643006286,21.40492615856172,0.761461942090693,0.0309,0.0405,0.0379,0.5055,0.0756,0.016,0.2808,0.0128
30.136540430851927,25.343782200684693,1.0312801863545773,0.1323,0.0162,0.1879,0.0556,0.1993,0.1668,0.0992,0.1427
31.86856179464111,26.63886236350015,1.0461618598557672,0.0416,0.0479,0.2356,0.083,0.0972,0.1371,0.1168,0.2409
22.07166915855872,16.553973986019617,1.0916816212119729,0.0989,0.1314,0.0449,0.1915,0.172,0.0149,0.0046,0.3419
24.920564255755213,19.96414209099307,1.0479070004813098,0.0298,0.2362,0.0345,0.0943,0.1509,0.3152,0.1144,0.0247
26.72205377891195,22.035072337605783,1.0311767273000387,0.0228,0.1236,0.0768,0.0502,0.2201,0.4266,0.0165,0.0634
24.829837121480693,22.91940752327801,0.9088296501698373,0.1666,0.0376,0.0149,0.1719,0.0151,0.4467,0.0434,0.1038
30.33541438959778,36.206292235376246,0.7273712043860189,0.0162,0.1794,0.0574,0.0107,0.0424,0.0263,0.5772,0.0906
21.12887622491943,18.019168984098716,0.9505919079861597,0.0159,0.1109,0.0277,0.1099,0.5162,0.0655,0.0318,0.122
25.553459094966957,22.47216864944736,0.9591178951701665,0.0314,0.132,0.1051,0.1535,0.2702,0.0101,0.2265,0.071
15.261584960808111,15.345424311167918,0.7338725037803147,0.0251,0.0616,0.0005,0.6083,0.124,0.0209,0.0251,0.1345
30.004114501812833,25.7693194862692,1.0091114169960422,0.1674,0.15,0.135,0.0084,0.0804,0.1156,0.2198,0.1233
21.45278895977376,18.585091407243294,0.9390746904248082,0.2682,0.3017,0.0116,0.1181,0.1803,0.0262,0.073,0.0209
18.559105136838703,15.329554803270906,0.9497408974807402,0.0414,0.0811,0.0561,0.5328,0.0605,0.0258,0.0426,0.1596
22.75091754777751,18.379160772323612,1.0202270810979417,0.0383,0.0147,0.031,0.1894,0.325,0.1253,0.1331,0.1432
30.884289339210046,25.16785499831377,1.068199468767254,0.0084,0.0308,0.1793,0.0129,0.1078,0.0343,0.1056,0.5209
26.62410332930553,18.47861709006853,1.224339636404124,0.0022,0.2645,0.1102,0.06,0.1358,0.085,0.0803,0.2619
36.45711211532848,36.7375103361094,0.8834869815178056,0.0039,0.2258,0.4057,0.0172,0.1266,0.1428,0.0517,0.0263
28.82973783418009,22.285482258396243,1.1141665029405086,0.0163,0.199,0.1172,0.0048,0.1222,0.0492,0.195,0.2964
24.269564105582116,20.459334377595006,0.9907245138815118,0.2379,0.1223,0.0077,0.1105,0.0504,0.1088,0.1517,0.2106
24.168844868837233,18.52883048431521,1.088511489481773,0.0379,0.0434,0.0478,0.1686,0.1036,0.0615,0.0605,0.4766
22.638501822331115,18.59603955820992,1.0022834036241037,0.0448,0.0636,0.0412,0.3164,0.0568,0.0011,0.1961,0.2801
24.334205140747052,22.242691025019386,0.9141971678640143,0.0937,0.0292,0.0089,0.1612,0.1661,0.4491,0.0917,0.0
27.974041961385133,23.787055773401597,1.0078608378340215,0.1605,0.0305,0.2025,0.1648,0.1786,0.0556,0.0326,0.175
27.785182909184208,22.916522584911647,1.0379054161055172,0.0246,0.0893,0.0632,0.0584,0.15,0.3935,0.1597,0.0613
27.179279477127565,22.728493162478575,1.0198335328007213,0.0899,0.0012,0.0599,0.083,0.0911,0.4489,0.0129,0.2131
23.69399257637168,18.865756973624258,1.0439015303708914,0.0048,0.2005,0.1754,0.3704,0.0836,0.0054,0.019,0.1408
33.193614851453816,33.625719673675576,0.8681930122170293,0.0101,0.0998,0.3687,0.2278,0.0475,0.0005,0.1124,0.1333
22.640506877520426,16.637467297506536,1.1203932993042809,0.0022,0.1014,0.038,0.221,0.1194,0.0497,0.0579,0.4104
26.61807249277213,21.311590306921584,1.0613038335964173,0.0303,0.2863,0.1749,0.1146,0.2272,0.1528,0.0052,0.0087
20.347420115274346,16.804109133365035,0.9728227771870442,0.0345,0.0252,0.0159,0.3403,0.2565,0.2107,0.0878,0.029
22.369546475354504,20.790135204973136,0.8835703228596795,0.363,0.0997,0.0206,0.0858,0.2354,0.0329,0.0166,0.146
32.419868146239125,27.383516477987087,1.0378458211926556,0.0236,0.1095,0.2464,0.0771,0.0736,0.2141,0.1145,0.1412
23.958705311261426,17.99730522040283,1.1089829875549944,0.116,0.0483,0.0979,0.2745,0.1047,0.0901,0.062,0.2065
23.546332978338675,19.78093020422031,0.9881402328677351,0.1135,0.0759,0.035,0.1076,0.332,0.2648,0.0525,0.0187
30.92899558627429,26.88457367464198,1.001652319734354,0.1168,0.0151,0.0967,0.0121,0.014,0.2242,0.2798,0.2415
23.50274163012484,19.001961983828757,1.0263541021038913,0.1914,0.0243,0.1037,0.3171,0.0117,0.0107,0.0227,0.3184
28.356314414200632,20.92026708416358,1.1642449074007333,0.0506,0.0894,0.0861,0.0147,0.1002,0.2202,0.0999,0.339
21.366704308505945,17.151075694923787,1.0125723084322913,0.1049,0.0532,0.0547,0.4341,0.003,0.1538,0.098,0.0984
20.466517498944377,16.298086652936952,1.0103343938214413,0.1175,0.0976,0.0278,0.4012,0.0006,0.0261,0.1146,0.2146
24.96170942984279,19.613239068473355,1.068753068101688,0.0388,0.4824,0.0867,0.1265,0.02,0.0868,0.1525,0.0063
24.877127726512754,17.889350638150358,1.1670142840171482,0.0485,0.3096,0.1006,0.1577,0.0675,0.166,0.0302,0.1199
29.260666318654515,29.667361094108323,0.851463203569901,0.0691,0.0684,0.1428,0.1588,0.0826,0.0113,0.374,0.0928
24.42910095882532,19.888820258630073,1.0271650451444352,0.0309,0.1061,0.0522,0.1631,0.1961,0.3792,0.0354,0.037
25.06902623850497,19.384073086990334,1.086924618162191,0.0988,0.0622,0.1321,0.3045,0.0287,0.2015,0.015,0.157
23.904503512390303,24.032257079688566,0.8282411196912947,0.136,0.0393,0.0038,0.2495,0.0292,0.0476,0.335,0.1595
25.835999895505772,23.327051885189878,0.9360805644441182,0.3425,0.0121,0.0963,0.1974,0.0323,0.1091,0.1156,0.0948
27.26791536171617,21.81220051026549,1.0667385599525172,0.0744,0.2203,0.0511,0.0337,0.0009,0.3613,0.074,0.1843
20.529698605618783,18.59379507346583,0.8889900388978361,0.3033,0.1342,0.0042,0.2522,0.1193,0.0401,0.0836,0.0633
24.874585293811926,20.533257664676107,1.0166231600805855,0.1285,0.2195,0.0507,0.1613,0.0454,0.074,0.2211,0.0995
29.926600558209554,25.393688244564622,1.020986014655,0.0742,0.2765,0.1445,0.0107,0.0793,0.1544,0.2235,0.0369
27.658497075441822,22.39294498336096,1.05651566120585,0.0282,0.0751,0.0584,0.0228,0.2147,0.2718,0.199,0.1299
29.107528456008225,32.01288169929768,0.7842945440478435,0.0386,0.0259,0.0617,0.0411,0.1756,0.0415,0.4669,0.1488
28.06133724750503,20.396687369605047,1.1796688752194637,0.0526,0.3028,0.1239,0.0132,0.0198,0.0177,0.0882,0.3818
30.12226814771201,28.294250693731986,0.923235905077312,0.0988,0.018,0.1907,0.1127,0.1864,0.0448,0.2483,0.1004
21.803978987135004,18.231593450043995,0.976545414744976,0.088,0.0315,0.0277,0.35,0.0892,0.0804,0.1864,0.1468
38.24955650866877,41.75544621030551,0.8202416598823404,0.1971,0.0408,0.4394,0.0715,0.0081,0.0095,0.1435,0.0901
26.30879859679083,22.499204127459624,0.9915372326243126,0.0662,0.1159,0.1267,0.1394,0.2724,0.0741,0.178,0.0272
25.760290345862945,20.639078586344397,1.0543247003410503,0.0493,0.1086,0.0041,0.0216,0.1853,0.3013,0.1489,0.1809
22.63054259293771,18.42435025747019,1.011191294812902,0.1377,0.0522,0.0382,0.2861,0.0883,0.2663,0.054,0.0771
22.920054572579925,19.010501935769827,0.9952422422356078,0.1147,0.1658,0.0296,0.1653,0.2229,0.0603,0.1799,0.0615
24.807611113531692,19.435179300959668,1.0706158554711278,0.1412,0.0243,0.0379,0.1845,0.0618,0.1877,0.131,0.2316
27.34355876602906,24.839956387882843,0.9397584440774726,0.3509,0.0735,0.1552,0.1608,0.0305,0.1368,0.0344,0.0579
23.333218941046507,18.908012709282556,1.0224881503044054,0.1262,0.4491,0.0095,0.0427,0.0439,0.1688,0.0491,0.1107
30.804693061628015,26.274177850365966,1.0201915056784416,0.0968,0.2767,0.242,0.06,0.0676,0.1472,0.0483,0.0614
28.1799932095837,23.944367787370314,1.00984053637606,0.2656,0.0053,0.0659,0.0148,0.0555,0.1655,0.1392,0.2881
26.988090436124963,23.24978254855685,0.9887443200001828,0.1149,0.1055,0.1799,0.1629,0.2443,0.0267,0.1059,0.0599
24.411428311207096,21.38741497072223,0.954366310241271,0.0863,0.1087,0.0213,0.1689,0.0835,0.0134,0.2677,0.2503
20.381850849576345,21.01747518786981,0.7794395236888916,0.4022,0.0622,0.0065,0.3218,0.019,0.1251,0.0381,0.0252
35.42500062623877,34.552466896452515,0.9094864549154711,0.159,0.0266,0.3516,0.0042,0.1251,0.0103,0.0645,0.2587
28.39828185463758,24.403920580561074,0.9997689418015896,0.0447,0.0244,0.2085,0.2381,0.1412,0.2931,0.0305,0.0195
31.95584840456849,28.368606536777236,0.9854501795259615,0.057,0.0496,0.2568,0.0695,0.1542,0.0182,0.132,0.2627
23.26396230652657,18.504391990462953,1.0410481099003466,0.0302,0.1301,0.0073,0.0593,0.3471,0.2573,0.061,0.1076
24.257230886884773,20.446209531736613,0.9907572773056781,0.1817,0.0348,0.0641,0.0419,0.3746,0.0353,0.035,0.2326
23.09622800283086,22.259671640362516,0.8578845326812674,0.4042,0.0217,0.0211,0.1695,0.0457,0.1509,0.0069,0.1799
37.90634871315197,41.722129839596185,0.8126706101416069,0.1159,0.0407,0.434,0.1063,0.0447,0.0429,0.1882,0.0273
22.346810457788667,19.505923265089777,0.9405763679294482,0.2354,0.0919,0.0411,0.2945,0.0368,0.2199,0.0521,0.0284
26.250515245704932,24.348151272210153,0.913848242396154,0.0244,0.0539,0.2324,0.4327,0.0576,0.0897,0.0947,0.0144
30.241053309864334,25.887427735801534,1.0136601279073298,0.0737,0.0487,0.2286,0.0565,0.2414,0.0338,0.0644,0.253
28.32813519904329,24.551277778997825,0.9909111622636024,0.3062,0.2753,0.1705,0.0053,0.0882,0.0461,0.0133,0.0951
33.13512045135177,35.59414693818508,0.8185368370240635,0.5023,0.0013,0.309,0.0575,0.0311,0.0478,0.0056,0.0454
29.26691627117643,25.642395545340552,0.9853570906236041,0.2275,0.0589,0.1548,0.0116,0.2239,0.1488,0.1118,0.0628
26.190503533712707,23.22907872587562,0.9552898673073068,0.3528,0.0215,0.0912,0.0408,0.186,0.0723,0.0253,0.2102
28.938275374512056,24.965347601968148,0.9989156078301926,0.0737,0.182,0.0928,0.0279,0.0316,0.4691,0.0636,0.0593
28.52456374414805,23.20806444954418,1.05672594099633,0.1565,0.2078,0.0779,0.0082,0.006,0.2479,0.1556,0.1401
33.12907521428319,33.30027806018603,0.8747396992192101,0.1972,0.1661,0.3477,0.0899,0.1087,0.0724,0.0167,0.0014
28.247524649323104,25.700350042810772,0.9434705989969941,0.1168,0.0229,0.0592,0.0868,0.0634,0.4924,0.1436,0.015
28.96939075617076,26.7915844937657,0.9319863392917668,0.3441,0.069,0.1434,0.0321,0.128,0.123,0.123,0.0373
26.158030588040493,22.42469758217614,0.9881083348768278,0.0775,0.1868,0.1456,0.0228,0.4422,0.0619,0.0536,0.0096
27.30355240923299,26.16730743826694,0.8905598126291737,0.2872,0.077,0.0581,0.0188,0.1409,0.0429,0.2602,0.1149
22.37093832398464,17.234117749874304,1.0659633751265642,0.0366,0.2115,0.138,0.3891,0.0731,0.0321,0.0248,0.0949
28.393781541259816,22.59639329646752,1.0795431474930683,0.0819,0.0992,0.1857,0.1581,0.0286,0.0014,0.0616,0.3835
24.117422505319283,19.141911675669814,1.0509620379708147,0.0741,0.3265,0.0079,0.0652,0.0038,0.2523,0.0261,0.2441
28.60163933302565,22.195437450573046,1.1084097525814018,0.0807,0.2187,0.1477,0.0405,0.1367,0.1186,0.1251,0.1319
26.47941068441867,20.26540147540064,1.109250695660065,0.1353,0.1959,0.0802,0.0167,0.1892,0.1077,0.1144,0.1607
27.301899225268723,20.335130637296874,1.1458937560268467,0.0156,0.0557,0.1045,0.0461,0.1958,0.1028,0.0631,0.4164
27.411155916921697,20.52502989839513,1.1406149483247396,0.0525,0.1787,0.1611,0.183,0.02,0.0688,0.09,0.246
22.10069368868539,18.2986993996779,0.9891792467504003,0.2041,0.1347,0.0886,0.322,0.1173,0.0453,0.0697,0.0184
24.257511793108872,16.996227810858933,1.1918828117946438,0.0319,0.1544,0.057,0.2069,0.0125,0.1168,0.083,0.3376
26.804931683811617,19.146220422739514,1.1910931338034079,0.0703,0.1902,0.1,0.0758,0.0471,0.1254,0.0404,0.3508
27.544109593780863,30.38645063943872,0.7748226297685077,0.0266,0.0602,0.028,0.0237,0.2794,0.1166,0.4364,0.0292
28.425642620222014,24.39293218038672,1.001340980231216,0.1658,0.077,0.1829,0.15,0.142,0.1718,0.085,0.0254
31.770059476832564,29.23643592048586,0.9498442133083052,0.0876,0.3266,0.3061,0.0601,0.0935,0.0254,0.0379,0.0627
29.877390772971385,26.719967877268363,0.9684663878277419,0.2413,0.0282,0.1781,0.111,0.0421,0.037,0.1777,0.1846
25.4924361187476,18.72433082556287,1.1478346713146967,0.1257,0.3147,0.087,0.099,0.0485,0.0562,0.107,0.1619
25.68696601139715,18.57174313517625,1.1677399290710866,0.0338,0.217,0.0389,0.0371,0.0548,0.1041,0.0842,0.4301
25.070614881216024,21.55060190384207,0.9777274423810652,0.0626,0.2258,0.0814,0.222,0.0413,0.0202,0.2615,0.0852
25.155309294778206,23.27517268085192,0.9089216902859892,0.3696,0.0154,0.07,0.0707,0.217,0.1346,0.0316,0.0911
25.60852115991265,22.6289865620882,0.9549045027104659,0.0938,0.1182,0.0207,0.0278,0.2768,0.2421,0.2072,0.0134
29.35846835094229,21.60934988081329,1.1734951995690441,0.0158,0.0997,0.1269,0.0656,0.0168,0.1956,0.1103,0.3694
28.54318052288939,25.31600424737071,0.9694729185170844,0.3182,0.1095,0.0818,0.0143,0.0002,0.1521,0.1682,0.1557
32.00293837624121,30.468170991040854,0.9190882637646829,0.379,0.0281,0.2445,0.0307,0.0419,0.0723,0.0438,0.1597
23.871198257763275,18.248875783578878,1.0888998584583622,0.0234,0.4649,0.0133,0.014,0.0048,0.1343,0.0117,0.3336
34.0157774470999,31.487707419395207,0.9532538221125412,0.1672,0.1246,0.301,0.0378,0.041,0.1933,0.0544,0.0807
28.8737312414354,21.947545270618782,1.1333263440050358,0.0886,0.1025,0.1434,0.0423,0.139,0.1554,0.0831,0.2457
27.561676355630638,22.911772936370344,1.0283654792261243,0.0369,0.3047,0.1168,0.0838,0.0981,0.0865,0.2333,0.04
22.49977863296653,21.511140701727008,0.8600091873082902,0.3762,0.084,0.0141,0.1755,0.0993,0.1332,0.0643,0.0533
27.22798349399872,23.20335612554462,1.0010613709637886,0.0852,0.0373,0.023,0.0146,0.1603,0.4235,0.1275,0.1286
30.03673807633898,30.883197720043082,0.8430713138050868,0.0676,0.0111,0.3212,0.2544,0.2432,0.0052,0.0644,0.0329
23.53746131151046,18.148739331658934,1.076518922580425,0.0535,0.0803,0.0049,0.1235,0.1087,0.1497,0.0459,0.4334
28.089174242379215,22.231336568735387,1.0835684200947486,0.0269,0.4355,0.1479,0.0089,0.1152,0.1658,0.0895,0.0103
35.053833808667726,36.3567324508984,0.8541425952017965,0.1719,0.025,0.2531,0.022,0.0399,0.0588,0.351,0.0783
31.148437100170206,26.969867600826685,1.0066210743777642,0.1278,0.2039,0.1925,0.0006,0.0938,0.3095,0.0679,0.0041
22.510451351539032,16.729899829910085,1.1064292996211271,0.0193,0.2954,0.031,0.0684,0.3313,0.0332,0.0991,0.1224
26.05441401460013,22.725455791282183,0.9704718011887147,0.0144,0.1069,0.0083,0.0623,0.0192,0.0059,0.2421,0.5409
27.673239349162593,23.680615042417756,0.9996885345569804,0.1111,0.0769,0.0705,0.0045,0.2298,0.1121,0.2311,0.164
29.456767147500596,25.60515824752003,0.9942046403859345,0.1465,0.0698,0.1008,0.0595,0.0527,0.2617,0.2289,0.08
30.44279363191653,33.465071151718256,0.7901609864217735,0.0968,0.0027,0.0585,0.0269,0.0168,0.0218,0.4913,0.2851
17.352980548989823,14.436306707511093,0.924958219545334,0.0516,0.2029,0.0261,0.497,0.07,0.0661,0.0067,0.0796
29.56546051340419,24.710732333030975,1.034589350443115,0.1391,0.026,0.159,0.1038,0.1088,0.2246,0.1371,0.1016
29.58061882604618,26.26285958544604,0.9740226018731816,0.2732,0.0039,0.1117,0.0187,0.0439,0.0482,0.2,0.3005
28.19291557069138,25.866620910203768,0.9352947822089838,0.1133,0.0203,0.2486,0.2013,0.2496,0.0145,0.0185,0.1339
29.009116943876855,22.812356445899624,1.0962969565720637,0.0291,0.1913,0.0934,0.0258,0.06,0.2237,0.2121,0.1647
27.284097828238803,26.170341288743177,0.8897131898793442,0.2482,0.0018,0.0636,0.0568,0.1969,0.1522,0.2469,0.0337
38.22683824674204,39.46964976871354,0.8671685319557276,0.0007,0.0835,0.4158,0.0261,0.0996,0.0765,0.1715,0.1264
30.247995578310103,28.016857100015514,0.9368643843457934,0.009,0.0495,0.145,0.1191,0.1213,0.2359,0.3073,0.0128
31.91380287842001,29.28516172864624,0.9531722288941711,0.1643,0.0243,0.1803,0.0707,0.0462,0.2709,0.222,0.0213
19.235057626515555,15.583947808265682,0.9776122080205455,0.0015,0.1021,0.0102,0.4452,0.0234,0.2104,0.0132,0.194
27.837714303449985,29.286079836157874,0.8139605722859125,0.1375,0.0564,0.0438,0.0596,0.1591,0.1342,0.3931,0.0163
25.909691583762317,22.92046073215602,0.9559010108825755,0.2924,0.2059,0.15,0.2091,0.0155,0.006,0.0974,0.0238
25.746564598081672,20.893748735541077,1.0408167951732819,0.1349,0.0288,0.0549,0.1017,0.0309,0.0613,0.0515,0.5359
23.38354517846452,18.871388656114988,1.0271393129399395,0.0878,0.0173,0.0327,0.0781,0.3457,0.0781,0.035,0.3253
24.355095136221085,17.142536510886064,1.1874027582379623,0.0363,0.3458,0.0688,0.0354,0.1411,0.01,0.0018,0.3608
26.82299102366728,22.207500185652304,1.0277154489640679,0.1169,0.0263,0.0586,0.0215,0.2183,0.3794,0.0189,0.1602
28.017066632460207,23.455400406734313,1.023946136752568,0.0389,0.3311,0.1703,0.1282,0.0769,0.0683,0.18,0.0062
23.393836840222278,22.085916491317402,0.8781087643723791,0.0122,0.0955,0.0557,0.0064,0.6334,0.0851,0.0927,0.019
25.813930873945495,28.946907273096162,0.7535841624856345,0.6465,0.0866,0.1024,0.0952,0.0022,0.0367,0.0152,0.0152
21.765690826596515,20.73941011625958,0.8566150496569964,0.0218,0.0443,0.0693,0.1114,0.6198,0.0179,0.0251,0.0904
29.242269705325192,23.664234462807656,1.0666843985592556,0.098,0.0071,0.1373,0.1155,0.0864,0.3043,0.1208,0.1307
26.306962435132597,20.077189021623393,1.1110600398844535,0.0841,0.2605,0.1552,0.1946,0.0466,0.0821,0.0751,0.1017
31.045839635022787,26.869599435342728,1.0065590929296937,0.0008,0.0855,0.1669,0.0636,0.0655,0.5224,0.0369,0.0585
28.397740055623732,30.17066150021345,0.80865777687543,0.0481,0.0729,0.086,0.1831,0.0107,0.0668,0.4428,0.0896
29.394538549288956,31.378363903200512,0.809300912808229,0.1713,0.0169,0.0649,0.0356,0.0744,0.0166,0.4279,0.1925
29.09850939413309,23.221211458108783,1.0808440997753699,0.0978,0.0924,0.1476,0.0009,0.0914,0.0182,0.0295,0.5221
24.467317178160908,21.61960933342343,0.9467015274193181,0.1293,0.143,0.0023,0.0724,0.2102,0.2487,0.1843,0.0097
26.457368189757812,21.488722530634373,1.0450769308293006,0.0807,0.2217,0.1685,0.1967,0.1349,0.0957,0.0918,0.01
24.59668044731569,19.258785561625714,1.0694693277210485,0.1255,0.0965,0.0782,0.2017,0.0978,0.004,0.1498,0.2464
31.4535119545106,29.80487768239588,0.9211080228900217,0.2398,0.1219,0.2706,0.0941,0.0965,0.0881,0.0723,0.0166
28.40165639370455,26.087044101858385,0.9353936880861955,0.0326,0.0078,0.2127,0.2426,0.2015,0.0747,0.174,0.0541
22.565488832394777,17.384265078000222,1.0679478683219916,0.1239,0.478,0.0614,0.0945,0.1502,0.0482,0.0235,0.0203
27.94477523006037,24.232082617632887,0.9881435123795983,0.2026,0.2607,0.1934,0.0591,0.1925,0.0355,0.0459,0.0103
27.059338969431153,20.972135117194593,1.0995227162410042,0.071,0.2714,0.123,0.1358,0.0179,0.0457,0.1806,0.1547
27.739497304163535,25.003180353299335,0.94945910755033,0.1727,0.1988,0.0292,0.0121,0.0058,0.2435,0.2556,0.0823
28.578882021256003,22.674139357481426,1.0840050699938075,0.0238,0.0797,0.1637,0.0485,0.1737,0.0008,0.0506,0.4593
31.665817602485497,29.663149119333195,0.9326662348352651,0.0197,0.0455,0.1515,0.0204,0.1722,0.2092,0.3253,0.0561
32.78524637059863,29.23146337898448,0.9847350437916615,0.1303,0.0825,0.2561,0.0265,0.12,0.2891,0.031,0.0645
27.070841908675714,26.18707956927671,0.8810009473428629,0.0039,0.0279,0.0025,0.1123,0.0908,0.3211,0.3549,0.0866
27.37667182805857,23.497127823074333,0.9948735864262748,0.1483,0.0874,0.1406,0.2083,0.0272,0.0295,0.2067,0.152
27.49025039453729,22.985403587597272,1.0219637999835873,0.2109,0.2128,0.0825,0.0309,0.0531,0.2319,0.1143,0.0635
29.290591582775072,21.935120935943768,1.1529725163873108,0.0302,0.2774,0.1411,0.0249,0.022,0.0816,0.1542,0.2687
32.567126618563606,26.75744027289353,1.067633014489184,0.0409,0.1519,0.2456,0.0343,0.0262,0.246,0.0234,0.2317
37.29454473532922,38.93208773617435,0.8551954614135188,0.0921,0.0188,0.4267,0.067,0.1136,0.0884,0.0708,0.1226
25.714311147359204,20.22489980124866,1.0736424585905038,0.0743,0.0046,0.1335,0.1706,0.2768,0.1853,0.0039,0.151
28.612902077980166,25.57368002116319,0.9624309859829346,0.0498,0.0797,0.0163,0.0284,0.0069,0.3031,0.3118,0.204
23.498370694748694,20.705386822805334,0.9417052123495123,0.0501,0.1647,0.07,0.098,0.4349,0.0165,0.1529,0.0129
35.43189674403385,35.67982026761738,0.8809432477035514,0.0129,0.1364,0.3636,0.1313,0.0094,0.0501,0.1994,0.0969
26.97778213805754,20.50124181472504,1.1207995274488067,0.0645,0.1933,0.1244,0.1507,0.0259,0.0158,0.1587,0.2667
40.87939918415044,46.99381352779816,0.7847713649017916,0.0149,0.0098,0.5107,0.1153,0.0007,0.0203,0.2183,0.1101
30.852682608091715,28.77110392498819,0.9333212475302245,0.1023,0.1488,0.1819,0.0477,0.1185,0.0374,0.2837,0.0797
25.67500408394648,22.733614121381965,0.9534341512184014,0.0357,0.2629,0.0421,0.0107,0.2663,0.0526,0.2702,0.0596
24.095099326675665,22.493632843112486,0.8933683352455337,0.0324,0.2582,0.0316,0.1716,0.1219,0.0232,0.3153,0.0458
29.30830897288691,24.68386231001815,1.025297769653144,0.2333,0.176,0.1593,0.0567,0.0226,0.0596,0.1397,0.1528
28.78699290719889,20.784599414096043,1.192565341932375,0.0122,0.158,0.1239,0.0521,0.0396,0.2263,0.0642,0.3236
29.48865119510949,26.934735227717884,0.946311555677731,0.21,0.2628,0.2506,0.1414,0.0345,0.0345,0.0526,0.0137
31.82735694639154,27.793868236314452,1.0012048956191473,0.0407,0.167,0.2738,0.0736,0.14,0.1129,0.075,0.117
20.932822153832326,17.298263320115893,0.9788741124169035,0.2052,0.2413,0.0172,0.1643,0.2076,0.1063,0.0015,0.0567
20.647674946695087,17.946746188634926,0.9276152218187331,0.2521,0.0533,0.0008,0.2556,0.1501,0.1053,0.0431,0.1398
26.19045775488364,23.478657451321673,0.945133161931901,0.1383,0.1472,0.0607,0.0878,0.0958,0.435,0.0173,0.018
19.880610779090603,16.918922275366732,0.9386301633533791,0.1671,0.0728,0.0495,0.3566,0.2255,0.1091,0.0148,0.0047
24.30110440091864,16.451808021706842,1.2339740637705567,0.0057,0.2103,0.0686,0.1772,0.0869,0.1456,0.068,0.2377
23.993484972351332,19.135172068137088,1.0448552488139609,0.1755,0.0549,0.1199,0.2447,0.1761,0.0921,0.0001,0.1367
33.56907580605398,30.453792582025812,0.9709488802227543,0.0046,0.0677,0.3019,0.0755,0.0881,0.0116,0.1208,0.3298
28.16035696082031,25.139664909894716,0.9610453061890669,0.211,0.0275,0.1942,0.1168,0.2518,0.1259,0.034,0.0387
28.345394926117745,23.136130135133417,1.0522673750502465,0.0827,0.338,0.2037,0.1046,0.0732,0.1248,0.0235,0.0493
31.123750133896422,34.2967985855929,0.7908537021671268,0.1338,0.0724,0.1123,0.04,0.0584,0.061,0.4718,0.0504
30.893072991231723,25.991942621168086,1.0346696044692616,0.0188,0.3011,0.1926,0.0147,0.0585,0.3393,0.0577,0.0173
26.464358237627376,23.423065404080393,0.9590699530606269,0.0067,0.0004,0.1402,0.3326,0.0751,0.1378,0.2358,0.0714
32.36709606017236,31.244251907597782,0.9079140746933431,0.2518,0.0213,0.251,0.0873,0.0718,0.0698,0.1764,0.0706
36.24781407279427,38.50122535743889,0.8375789023183289,0.0991,0.077,0.3618,0.1112,0.0236,0.067,0.2581,0.0021
22.908587734544856,18.486818940174214,1.02281456835465,0.0227,0.2064,0.023,0.0639,0.3934,0.1687,0.1004,0.0215
29.978200710059088,31.021737718109993,0.8374192621354488,0.0257,0.1347,0.1107,0.0343,0.158,0.0593,0.4221,0.0552
24.569202481896077,21.627160416588037,0.9510819768146489,0.1277,0.0987,0.078,0.2986,0.03,0.1421,0.2207,0.0042
20.759764111996272,18.86302751089458,0.8884981004410061,0.2454,0.0147,0.0044,0.2321,0.2604,0.06,0.0896,0.0933
26.587148179210285,23.033778319288942,0.9806097751794094,0.0715,0.0601,0.0662,0.1458,0.1169,0.112,0.2721,0.1554
28.512659798516122,22.628276563422713,1.0832755967875787,0.1281,0.1203,0.1673,0.1429,0.0228,0.2284,0.0279,0.1623
28.28972841788498,29.134670435440036,0.8337052746729695,0.0515,0.2662,0.0896,0.0726,0.0802,0.0234,0.4098,0.0067
21.428380164499018,17.746841964440755,0.9820552974675811,0.1346,0.3435,0.0415,0.2591,0.0119,0.1809,0.0064,0.0222
35.18324348431518,32.16572276406515,0.9694557064065857,0.0396,0.048,0.2924,0.0219,0.0984,0.2174,0.1649,0.1174
35.21575363421871,33.431522524693285,0.933722166292667,0.0527,0.217,0.3541,0.0021,0.091,0.041,0.0867,0.1554
26.476361258685277,24.68772219137893,0.9104266924444787,0.328,0.0609,0.1528,0.0977,0.2613,0.0345,0.0442,0.0206
24.502656648606084,20.430846904399314,1.0035147708043033,0.2346,0.1574,0.0964,0.1615,0.1662,0.1114,0.061,0.0116
22.710629848232333,18.316453338676716,1.0215203512528968,0.0576,0.1656,0.0943,0.1552,0.4012,0.006,0.0448,0.0753
27.592610293299696,23.10381956071361,1.0211562738057927,0.1991,0.1799,0.1855,0.1536,0.0769,0.1122,0.0233,0.0695
26.939281744294824,27.2511432801951,0.8417731875846125,0.5103,0.0493,0.1118,0.0479,0.1156,0.0027,0.089,0.0734
19.552852655493872,19.753761687225396,0.7873362502672987,0.0534,0.0679,0.0104,0.1264,0.6223,0.0036,0.032,0.084
28.295247176442846,23.598479884219355,1.0295259396216205,0.1639,0.1442,0.1242,0.0333,0.1456,0.2976,0.0488,0.0425
31.607135859871065,26.904027085523996,1.0261339602473634,0.0662,0.39,0.2514,0.0,0.0415,0.1039,0.0648,0.0822
27.45568212356046,23.96207042849342,0.9788670888667946,0.1344,0.0374,0.0493,0.0891,0.0049,0.4668,0.0554,0.1628
24.525292897543373,23.106973484136024,0.8882726641649937,0.3649,0.0073,0.0766,0.1488,0.1779,0.1832,0.0161,0.0251
26.39377098326935,20.050367134446734,1.1168758573401194,0.0096,0.1068,0.0919,0.1245,0.2033,0.2186,0.1407,0.1045
30.46398374006679,26.430033150175582,1.0012845458686452,0.0011,0.1109,0.2421,0.1671,0.1295,0.2143,0.1044,0.0307
26.055303710633993,20.305788984485876,1.0861584214966868,0.1313,0.1681,0.0487,0.0816,0.0464,0.2669,0.0877,0.1692
29.196775899773066,26.229294930654532,0.9606348918790513,0.2754,0.1333,0.2131,0.0959,0.1016,0.1141,0.0139,0.0528
24.525339808378373,22.063288301430582,0.9302937770634812,0.1445,0.067,0.0044,0.011,0.1117,0.0109,0.0316,0.6189
30.159189917868172,25.141009238035245,1.040498799001774,0.1456,0.0984,0.2208,0.0819,0.1078,0.0768,0.0482,0.2204
25.96049274365954,18.648766212112555,1.177584216236031,0.0113,0.1168,0.1207,0.2229,0.0036,0.0994,0.0555,0.3698
27.441491541548558,26.636095300248524,0.8800648622596661,0.3039,0.0489,0.0704,0.0783,0.0265,0.4222,0.0402,0.0097
35.72847743692603,38.08690831315095,0.8330546857742865,0.0682,0.034,0.413,0.1974,0.0362,0.0775,0.1282,0.0455
26.525016879884376,20.493662428859345,1.0991211042963438,0.043,0.065,0.1591,0.2918,0.03,0.1829,0.0734,0.1548
29.872195656088866,26.167992675252457,0.9886962281427369,0.2423,0.113,0.1373,0.0258,0.0521,0.1232,0.1918,0.1144
25.778432199745243,22.37594941475816,0.9732964530828434,0.1999,0.0532,0.0936,0.1544,0.1338,0.3298,0.0038,0.0314
29.11420769086676,29.925549800666452,0.8392229335184165,0.1166,0.0619,0.0313,0.0183,0.092,0.288,0.3882,0.0037
26.15878205843916,21.545261323954968,1.0284759012786748,0.1771,0.0695,0.163,0.2857,0.0107,0.0507,0.0822,0.161
26.306054800714833,27.88202789022146,0.8000155113731099,0.1713,0.002,0.0915,0.1755,0.2229,0.0077,0.3287,0.0004
23.83014496499037,17.703476392649538,1.1201271730575937,0.0562,0.1529,0.046,0.2268,0.0592,0.2342,0.1012,0.1235
29.59539291389146,23.135394291372965,1.106330525062018,0.0555,0.0496,0.1641,0.0731,0.1248,0.3022,0.0267,0.204
23.685285113217404,20.757484033050442,0.9483463931309853,0.165,0.1446,0.0185,0.0504,0.3258,0.1079,0.1552,0.0327
24.311968666502974,18.198967068049644,1.1161055784403802,0.0658,0.241,0.0126,0.1165,0.0143,0.2165,0.1043,0.2291
24.4184861776315,20.61041298537637,0.9906878718111546,0.23,0.3145,0.01,0.0485,0.0213,0.1254,0.1354,0.1148
25.074184868697408,29.510832947266984,0.7141169111137915,0.0636,0.0745,0.0362,0.2715,0.0553,0.0059,0.4597,0.0333
20.729118514714816,16.933347789181454,0.9879392263709887,0.1567,0.0275,0.0517,0.3508,0.1918,0.0896,0.0506,0.0813
19.800545674023624,17.65308280580311,0.8950587185162637,0.0762,0.045,0.0046,0.4431,0.0586,0.2773,0.0844,0.011
22.491379862733034,20.160692446714762,0.917199640419407,0.267,0.0989,0.1091,0.3957,0.0018,0.0444,0.0776,0.0055
27.788702773890357,26.180712089144393,0.9086346732239623,0.3056,0.0015,0.1826,0.0437,0.329,0.0114,0.0117,0.1145
27.71211724895014,22.637666888228026,1.0474629459841043,0.1184,0.1777,0.1299,0.1498,0.0313,0.1376,0.1798,0.0753
25.805516245047773,21.38960067296796,1.0194447562831523,0.0027,0.1,0.0471,0.0922,0.2499,0.3647,0.1383,0.0051
25.65918008204896,19.505904369164544,1.1103909704534578,0.0165,0.1764,0.0476,0.0087,0.1364,0.0286,0.0648,0.5209
17.72134439126766,16.256198746166273,0.8440684446296886,0.1768,0.1143,0.0331,0.5144,0.0509,0.0827,0.0066,0.0212
32.24673009809309,32.68159010996003,0.8643009719862019,0.2977,0.0043,0.2623,0.1326,0.0354,0.0297,0.196,0.042
32.87576875954338,28.10301482511951,1.0274971898649519,0.1034,0.1592,0.252,0.0141,0.0263,0.2704,0.0059,0.1688
26.30425331836543,28.63101688494007,0.7790241404278406,0.3173,0.0677,0.0526,0.1096,0.1136,0.0001,0.3363,0.0027
36.15586086053618,34.79064127513947,0.9242675524786592,0.022,0.0373,0.3487,0.046,0.1188,0.3354,0.0651,0.0268
25.973108224738922,21.07867813555465,1.0424329307289713,0.1305,0.2637,0.1746,0.2209,0.0652,0.0299,0.065,0.0501
20.688261903492165,17.27626126069511,0.9659648955100782,0.105,0.0316,0.0029,0.1815,0.356,0.1384,0.0041,0.1805
23.933572922726434,18.32599107963425,1.0877214135981272,0.0473,0.4911,0.0822,0.0837,0.1242,0.133,0.0237,0.0149
30.657816223491114,24.326969548807828,1.0958132771123361,0.0127,0.1343,0.1395,0.0128,0.0636,0.1431,0.2181,0.276
24.71468922244887,20.37563121536233,1.0166403682665255,0.0799,0.0012,0.0004,0.1694,0.0704,0.2143,0.2009,0.2635
32.78011513095066,30.088573941387725,0.9565130998569117,0.2553,0.0049,0.2592,0.0666,0.0262,0.2296,0.0214,0.1369
43.76844428913088,52.11024891948135,0.7631597452274594,0.0391,0.0684,0.6164,0.0016,0.0864,0.0945,0.0304,0.0632
27.515536619387653,21.655876534340095,1.0858732308571608,0.0028,0.2484,0.0848,0.0575,0.0874,0.0889,0.2403,0.1899
23.768003694919653,20.118475435039844,0.982579607423444,0.1694,0.1493,0.0082,0.069,0.0361,0.0073,0.0344,0.5263
25.258296386482744,20.654171793625377,1.0292495191234838,0.0361,0.116,0.1183,0.1841,0.2734,0.1012,0.1436,0.0274
31.94952984495837,30.907821500229872,0.904286633231349,0.2431,0.2929,0.3049,0.0502,0.0511,0.0031,0.0342,0.0206
31.955799169051026,31.253733014470804,0.8944787221451979,0.2654,0.0188,0.2455,0.1241,0.047,0.1141,0.1772,0.0078
26.732938436215115,22.887550415114468,0.9932447126889886,0.1437,0.0496,0.143,0.0443,0.3708,0.0069,0.0654,0.1764
24.70249802843193,19.047793756203387,1.0868711774921256,0.0891,0.466,0.0501,0.0181,0.0284,0.1659,0.0068,0.1755
26.286831084402195,22.230453072901618,1.0025360711864797,0.2661,0.0058,0.057,0.0197,0.1347,0.0803,0.0468,0.3897
23.15464269046335,18.16451301899406,1.0545090127345524,0.0397,0.1063,0.0031,0.1771,0.0998,0.0528,0.1709,0.3504
23.29607566152152,22.09994640084233,0.8731277131416959,0.3474,0.2084,0.0209,0.135,0.0035,0.2047,0.0179,0.0621
28.47314880978843,24.54026473179508,0.9972650693568234,0.2337,0.0512,0.1731,0.0748,0.1916,0.1689,0.0192,0.0874
23.14893814027652,16.06125144940642,1.1922444649220787,0.0551,0.2997,0.0586,0.2147,0.003,0.0172,0.0974,0.2543
32.161835757862235,31.64094975031019,0.8900439455862462,0.1017,0.0088,0.2088,0.04,0.2024,0.067,0.2949,0.0764
24.049532051954294,21.834141182917676,0.9182652014561671,0.021,0.1187,0.0025,0.0251,0.3606,0.4341,0.0271,0.011
23.925484749645058,26.249279070265974,0.7590869332566077,0.4242,0.0285,0.0035,0.1837,0.0231,0.0718,0.2498,0.0153
31.25322167015702,26.275963220337932,1.0371921075404262,0.2049,0.0097,0.1979,0.0729,0.0031,0.1746,0.0741,0.2628
25.1918246022238,27.057725232349355,0.7832079164174351,0.5544,0.1062,0.0556,0.0153,0.148,0.0441,0.0753,0.0012
26.455425329014815,19.77583090685616,1.135498449333406,0.1018,0.0572,0.111,0.1097,0.1391,0.1163,0.0205,0.3444
29.771644557827532,26.253096453733594,0.9816611386487483,0.0525,0.0199,0.2241,0.2348,0.0746,0.1382,0.161,0.0949
29.926205269314522,25.545313536673607,1.0149104348276679,0.007,0.3193,0.1988,0.1173,0.0158,0.1396,0.1897,0.0126
36.627096447643936,38.138717613537274,0.8554848848945829,0.2027,0.0651,0.3758,0.0134,0.0903,0.0125,0.1541,0.086
23.878135829935253,19.90634553317202,0.9985828788518839,0.1043,0.2993,0.0549,0.1666,0.0496,0.2919,0.0268,0.0066
27.753885589945206,24.1485687972552,0.983656041456384,0.195,0.1696,0.1869,0.0046,0.3272,0.0036,0.0037,0.1092
31.261315954368783,25.08756749504944,1.086646441897896,0.0016,0.0167,0.1343,0.0373,0.0628,0.2821,0.2121,0.2531
33.15768604880348,32.97850024036932,0.8841422695478206,0.0343,0.012,0.3262,0.2408,0.022,0.0775,0.1874,0.0998
24.263636326908067,17.258065972645777,1.174154529193836,0.0371,0.2205,0.0464,0.0478,0.254,0.1469,0.0505,0.1969
40.29982732479182,43.197898669827374,0.8403146551697044,0.0466,0.1039,0.4867,0.0288,0.0193,0.1924,0.063,0.0593
29.632550190257056,23.388205718829735,1.0959605237959922,0.0062,0.0396,0.1225,0.0083,0.0685,0.0736,0.1075,0.5739
25.582024488540494,21.81437712154563,0.9893486469170992,0.2871,0.1691,0.0737,0.0356,0.1836,0.1053,0.0751,0.0704
21.165542647333496,15.729557895760074,1.0912921241073466,0.0681,0.2961,0.0071,0.2149,0.034,0.1283,0.0126,0.2389
29.17148082226108,24.508121442002388,1.0270669207278296,0.1337,0.0216,0.1959,0.1807,0.0739,0.2461,0.0479,0.1002
22.80506276367277,22.286100962401452,0.8438022781732213,0.3942,0.0593,0.0006,0.0307,0.2497,0.0437,0.0269,0.195
26.111277613736682,21.666599978553094,1.020523646332316,0.109,0.0423,0.0,0.0266,0.0202,0.1753,0.1009,0.5257
28.441271396547123,29.275989782490214,0.8348572184283687,0.1169,0.02,0.3159,0.4296,0.0152,0.0597,0.02,0.0226
25.766012888301937,20.110633387867576,1.0823136431611857,0.1265,0.1497,0.0243,0.0029,0.1653,0.1342,0.1443,0.2527
23.48131114734348,19.7750660148809,0.9851451890316641,0.0701,0.3081,0.0292,0.1997,0.0264,0.0494,0.2459,0.0711
21.175533026594128,16.557994514656123,1.0372954895830773,0.1837,0.1812,0.0097,0.2022,0.0901,0.0152,0.0318,0.2861
28.173944096760934,26.999963423540112,0.895332475735308,0.4385,0.1293,0.1592,0.0797,0.033,0.0438,0.0726,0.0439
27.246923423358076,20.31555626031852,1.1442917499022789,0.0271,0.2504,0.1262,0.0155,0.2473,0.1235,0.0857,0.1244
24.012223269233594,25.240193184534693,0.7928712400464347,0.4161,0.0072,0.0056,0.1007,0.1698,0.1124,0.1758,0.0122
19.86226047060938,16.076847506128942,0.9866524183029196,0.1219,0.169,0.0096,0.3903,0.0071,0.12,0.0959,0.0862
25.528047152409833,22.70556722370152,0.9481395879834035,0.1292,0.0584,0.0639,0.091,0.3048,0.1369,0.1983,0.0176
27.5220985171243,25.154411976701002,0.9351082640656193,0.2171,0.0354,0.1384,0.1707,0.116,0.0512,0.2071,0.064
22.441905653543454,18.83124571777797,0.9793247844529501,0.0232,0.0627,0.0284,0.3202,0.1142,0.1091,0.2216,0.1206
27.38758779429469,22.710664622344673,1.0298064007904022,0.012,0.2196,0.0535,0.0437,0.1069,0.3391,0.1942,0.0312
30.528885572200288,28.39173784502065,0.9343875220675487,0.161,0.176,0.2098,0.1222,0.0279,0.0539,0.2266,0.0226
24.892215496179965,22.44776826617616,0.9307034556152262,0.2894,0.0632,0.0405,0.1899,0.0009,0.132,0.1824,0.1017
26.283396202749753,21.32082109342274,1.0451471875829377,0.0716,0.2991,0.1981,0.2334,0.0518,0.0736,0.0134,0.059
23.86210387013392,18.741891995462503,1.0597704796795662,0.1895,0.1889,0.0468,0.0877,0.1865,0.1531,0.0295,0.118
30.310950334522847,29.342347434845173,0.8966886644957921,0.2961,0.0723,0.2664,0.0884,0.1808,0.03,0.0087,0.0573
21.311502233668172,18.433537777878055,0.9391307540782307,0.1988,0.0411,0.0606,0.3019,0.2454,0.0865,0.0621,0.0036
27.518476251511785,21.99111885797259,1.0694533735824665,0.0063,0.3456,0.2095,0.1724,0.0729,0.0717,0.0432,0.0784
19.08881530671107,15.848838757573155,0.9520454802722428,0.1438,0.0402,0.0221,0.4412,0.0581,0.0811,0.0262,0.1873
30.077801609386718,29.08107377065577,0.8967276041815382,0.0277,0.1181,0.3101,0.2771,0.0999,0.0414,0.0795,0.0463
24.09974270644491,22.373921984796326,0.8983558054820794,0.1477,0.1429,0.0104,0.045,0.2866,0.0049,0.2429,0.1196
29.547204796516773,22.88127408795236,1.116511462531193,0.074,0.1037,0.1206,0.0217,0.0755,0.3229,0.0769,0.2047
30.5029952472493,27.5107191726888,0.9633697716474126,0.0733,0.0073,0.2463,0.0125,0.3609,0.0289,0.0181,0.2528
24.442258104041713,19.767360411653105,1.0341420239391572,0.101,0.0633,0.0586,0.1444,0.2276,0.3149,0.0204,0.0697
24.27444199509479,19.696264750326325,1.029354664556836,0.0246,0.0684,0.0079,0.1042,0.1578,0.3788,0.0061,0.2522
30.342813229988835,25.425115531554386,1.0360941407442386,0.0299,0.0769,0.0878,0.0013,0.0712,0.4401,0.1806,0.1122
27.25870030183637,26.21711255624281,0.8871572051247121,0.1112,0.1718,0.116,0.1924,0.0324,0.0117,0.3234,0.0411
25.95122666008429,26.205235293347112,0.8376656959709569,0.358,0.1043,0.0194,0.0269,0.1067,0.0478,0.2562,0.0809
21.106775419983965,18.752627937956998,0.9122335001036478,0.1697,0.0498,0.0555,0.4095,0.0884,0.0512,0.1533,0.0227
22.088928674005036,18.57586382143227,0.9737866754349574,0.1764,0.1071,0.0973,0.382,0.073,0.0167,0.1051,0.0424
25.105165250674293,21.861688655348814,0.965395015151795,0.271,0.0321,0.0256,0.0609,0.1032,0.243,0.0111,0.2531
26.101213808188202,22.29552421870404,0.9912847794647129,0.2678,0.1137,0.0247,0.0516,0.0084,0.1856,0.1299,0.2184
29.32547143307517,31.324832125693614,0.8084790791999942,0.1692,0.0106,0.0324,0.009,0.0877,0.1616,0.4288,0.1008
20.066177935633377,19.64818027137501,0.8176929218753058,0.3114,0.0084,0.0074,0.2662,0.2586,0.0536,0.0693,0.025
24.503011156027135,18.20211920261744,1.1264079159023874,0.078,0.4886,0.0652,0.0461,0.0332,0.113,0.0226,0.1534
31.460276353600857,28.581251877736918,0.960779341334267,0.0219,0.2119,0.2941,0.0723,0.2083,0.1457,0.015,0.0308
26.599298174497132,26.026718961323297,0.8683114536288864,0.0935,0.0081,0.0553,0.0889,0.261,0.0755,0.3181,0.0997
24.448602008312843,23.63431901585022,0.8652080051301289,0.0404,0.0871,0.0336,0.0822,0.3963,0.0883,0.2644,0.0078
39.708783501541284,42.87035092802734,0.8329482434489697,0.1519,0.1112,0.4803,0.0064,0.0062,0.0393,0.0599,0.1448
44.33580157382922,54.64842341438114,0.7380963448474261,0.1051,0.073,0.6412,0.0399,0.0078,0.0087,0.078,0.0463
26.018771589466194,20.512469185533476,1.0734334999023445,0.1601,0.1367,0.0649,0.0127,0.2361,0.1124,0.1101,0.167
36.20489290894196,34.910768631892495,0.922491660052463,0.0151,0.05,0.3713,0.0131,0.1302,0.035,0.0804,0.3049
37.28845766199173,41.12995079950551,0.8093483462759685,0.1386,0.2274,0.4683,0.0247,0.109,0.0099,0.0123,0.0098
23.49659666789956,20.019545250885972,0.9738780988063018,0.2989,0.3809,0.0726,0.1147,0.0237,0.0424,0.0065,0.0603
31.439768397593227,32.062450087387184,0.8558225688556335,0.0249,0.0351,0.3228,0.235,0.174,0.0063,0.1483,0.0536
30.01135854993896,30.919051832318644,0.8412728401570893,0.5489,0.0027,0.1745,0.0372,0.0132,0.0643,0.076,0.0832
23.801087144250538,16.728229489423118,1.1836929399354736,0.0078,0.2879,0.0195,0.0987,0.0706,0.0661,0.1173,0.3322
37.89229013879287,41.25750237761891,0.821481868402643,0.0295,0.0097,0.4641,0.1332,0.0635,0.0122,0.1081,0.1797
25.758604177897453,20.169560587777617,1.0787842443668687,0.1453,0.5215,0.1112,0.0112,0.0428,0.0595,0.0092,0.0993
24.404512861602488,20.25285629878281,1.0074881567608216,0.0711,0.055,0.0037,0.0315,0.2995,0.3367,0.0426,0.1599
25.45226197572009,20.037102215145246,1.0706269671821698,0.0911,0.0064,0.1114,0.2654,0.0683,0.0567,0.1356,0.2652
26.080837452343665,23.382772856778164,0.9443207436342564,0.0261,0.1162,0.0267,0.1006,0.0848,0.0236,0.3133,0.3088
25.66793714917983,19.509562379375144,1.1106316342639468,0.1046,0.1898,0.0703,0.0885,0.1474,0.0966,0.1507,0.152
27.540253856365425,24.31298399110601,0.9682173880827111,0.1285,0.0806,0.1133,0.0089,0.3233,0.0153,0.1913,0.1388
27.04004427056969,21.25061462199154,1.0842060185274043,0.0923,0.1026,0.1218,0.1462,0.0848,0.0215,0.1611,0.2696
31.750528237640996,28.953900916542285,0.9584383229613885,0.2348,0.1244,0.2745,0.088,0.0268,0.0757,0.0256,0.1502
29.500509695316403,26.366377805199765,0.9671601417426173,0.1473,0.0522,0.2443,0.2306,0.0477,0.1979,0.0268,0.0532
29.85399869635016,29.72854010821661,0.8696693010231077,0.015,0.0244,0.2513,0.2753,0.1161,0.0135,0.2417,0.0627
27.195492295993006,20.63939360482841,1.1238456293874166,0.0097,0.3546,0.1777,0.0993,0.1397,0.0572,0.0518,0.11
25.049889963089957,17.886984037183755,1.1768272347831865,0.0032,0.3244,0.1051,0.1272,0.1605,0.1198,0.0793,0.0805
23.69982144025516,19.20165067568119,1.025944163498657,0.1249,0.1682,0.044,0.073,0.2898,0.2367,0.0095,0.0539
26.142799514814975,23.31759301968882,0.9496177198100214,0.3742,0.0628,0.1335,0.1776,0.0017,0.0568,0.0075,0.1858
24.97788721435041,23.30830102627234,0.9000178601908752,0.1074,0.06,0.0127,0.0127,0.0716,0.009,0.0111,0.7155
25.19793978992446,23.78131715912632,0.891369458137416,0.4126,0.0041,0.0283,0.0607,0.0558,0.1266,0.0435,0.2682
22.807668626269546,18.256808148313873,1.0301728798090344,0.2112,0.0389,0.0376,0.2404,0.0637,0.1379,0.0357,0.2346
32.44037089561897,28.871160145677262,0.9850789075366343,0.0399,0.2224,0.2636,0.0624,0.0813,0.1497,0.1433,0.0375
24.11964364410604,19.031803889081488,1.0571590460559888,0.0447,0.1474,0.0459,0.1463,0.2344,0.2386,0.1241,0.0187
23.150944395000195,17.85201917066047,1.0727606895288624,0.0938,0.2745,0.0166,0.1687,0.0384,0.0418,0.1834,0.1828
26.755706798100665,26.10454711827583,0.8717142915752545,0.1984,0.0076,0.104,0.04,0.3939,0.0524,0.1998,0.0038
34.54401444368805,34.26400825785429,0.8914314464854382,0.0715,0.1555,0.3128,0.0507,0.0949,0.042,0.2289,0.0436
31.19460743782108,25.442001981165628,1.0688863029706894,0.0662,0.1224,0.1793,0.0622,0.0216,0.3122,0.1133,0.1228
23.11173811116511,19.418497593317227,0.9842027180178096,0.1442,0.0013,0.1405,0.45,0.0062,0.1058,0.0176,0.1344
31.93172740108577,31.767444156531806,0.8792563626917603,0.3152,0.0523,0.3096,0.1317,0.048,0.0479,0.0012,0.0942
21.901309000905567,18.409145420515976,0.9724139058055103,0.0642,0.2387,0.0023,0.0029,0.4451,0.1647,0.0046,0.0775
30.108935346827753,24.225218379040484,1.077758513393508,0.0649,0.004,0.1404,0.1124,0.0298,0.257,0.1792,0.2124
27.230751563971054,21.4723383430248,1.0818920227902178,0.0481,0.0241,0.1792,0.1944,0.18,0.103,0.0326,0.2387
33.13656712684686,31.147001603648345,0.935453354310484,0.2313,0.2152,0.3017,0.0348,0.0123,0.0465,0.0573,0.101
28.22627840805542,29.341695171056987,0.8256604898531058,0.0383,0.1982,0.0304,0.0246,0.0982,0.1771,0.4264,0.0068
30.291536038829626,27.37456810882037,0.9604365604715503,0.2044,0.0731,0.205,0.0784,0.142,0.0776,0.1512,0.0683
21.991728903627518,18.042015405100884,0.997212811299388,0.0423,0.2188,0.0089,0.1101,0.3027,0.2716,0.0096,0.036
27.146189077372423,20.918038325941218,1.1065181503500734,0.1442,0.0434,0.0992,0.1011,0.1172,0.1686,0.0977,0.2285
27.812070200447064,27.639758907262564,0.8615151195906509,0.0939,0.1693,0.0236,0.0166,0.0489,0.0402,0.3978,0.2098
23.21997394951632,19.802174567465634,0.9705991573821465,0.2293,0.1847,0.0087,0.1625,0.0399,0.0557,0.1761,0.1431
23.445577164995537,17.492096322976302,1.1116779147536073,0.0092,0.464,0.0346,0.1335,0.0165,0.1232,0.1313,0.0876
31.378654841187707,26.476320114790962,1.0340808209934227,0.0322,0.0251,0.1896,0.1211,0.0493,0.2563,0.1941,0.1322
30.421694783402657,28.11660696665698,0.9397184665537954,0.0485,0.0755,0.2141,0.084,0.2584,0.1015,0.2005,0.0174
31.660748839225406,42.64859147461028,0.6485735608804926,0.1208,0.0211,0.0461,0.0012,0.02,0.0068,0.6823,0.1016
21.781733856322774,18.604988491943057,0.9557508656360204,0.0266,0.1562,0.0031,0.2638,0.1338,0.0447,0.2366,0.1353
28.086621277103646,21.970056553235835,1.0963386106330288,0.0074,0.265,0.1108,0.06,0.0284,0.3618,0.0376,0.129
19.708246946550354,15.843795456106404,0.9914446945536771,0.0006,0.3527,0.0002,0.2572,0.1305,0.2031,0.0087,0.0469
30.186944604816247,24.06362258816433,1.0882378373776638,0.1562,0.0091,0.1502,0.021,0.0632,0.151,0.0694,0.3799
20.02913322227191,14.372412934117643,1.1152708522743244,0.0242,0.2375,0.0279,0.2284,0.2676,0.0262,0.0169,0.1713
24.50284239904782,21.706246644345935,0.9445595424664734,0.3004,0.0967,0.1435,0.2813,0.0603,0.0297,0.0373,0.0507
25.530044028603477,19.539008243098692,1.1019005550708048,0.0685,0.0113,0.0527,0.0931,0.147,0.2338,0.0031,0.3905
34.733729560345836,32.04162105007699,0.9591814818704995,0.0687,0.024,0.2393,0.0409,0.0226,0.4145,0.1807,0.0093
37.72066879312067,37.227148669765555,0.905808529475353,0.0146,0.0664,0.4043,0.0499,0.0441,0.2805,0.0365,0.1036
26.189529531465343,20.043091453055403,1.107091168218101,0.0424,0.0589,0.1291,0.1013,0.2446,0.0529,0.0087,0.362
30.49204082161542,27.657660432128644,0.9578554515348964,0.0149,0.1979,0.2262,0.1892,0.0136,0.133,0.2203,0.0048
25.227014615141385,29.509303571231342,0.7193329576180045,0.607,0.1221,0.0087,0.0231,0.0107,0.0416,0.1865,0.0003
21.628023978514236,16.34312150428808,1.0786203831311554,0.0641,0.1563,0.0167,0.1343,0.2719,0.0158,0.04,0.3008
21.390247901378675,15.56315815500359,1.117398392291456,0.0619,0.1053,0.0548,0.3308,0.101,0.1381,0.0086,0.1993
30.021795749174206,26.652576447262895,0.9763332186913786,0.2009,0.0005,0.2177,0.1663,0.049,0.2686,0.0114,0.0856
23.8685036931049,20.09421280415556,0.9887674569165512,0.0251,0.4708,0.0017,0.0806,0.0215,0.1197,0.2264,0.0542
32.982346827108714,30.523652414901655,0.9495045492314521,0.0194,0.0658,0.3337,0.1796,0.024,0.0777,0.0413,0.2584
18.177925823304392,18.038122479786335,0.7859978686358455,0.0238,0.0387,0.0425,0.6281,0.0201,0.0354,0.1693,0.0421
26.66274506009297,20.532168377483494,1.1037677386742046,0.1185,0.0419,0.0799,0.1307,0.0832,0.1479,0.1443,0.2535
24.826267674064574,20.265249488130305,1.0276837542149613,0.0166,0.0466,0.1343,0.3619,0.094,0.2036,0.1209,0.0221
26.74023404613754,25.16646765319843,0.9035926042345264,0.1369,0.0211,0.0216,0.022,0.1765,0.0349,0.2964,0.2906
25.200539462619293,21.860633327526998,0.9698044491658661,0.2207,0.0367,0.0505,0.2124,0.0172,0.2156,0.1662,0.0807
25.095457053881955,18.6678093765203,1.1300445932566174,0.0629,0.1166,0.0698,0.1314,0.0511,0.1106,0.0045,0.4531
34.43455503349982,31.978255948012002,0.9517265445300763,0.0279,0.007,0.2895,0.0668,0.1348,0.3757,0.0911,0.0072
24.28986989950168,26.14939067740615,0.7759213264205324,0.5032,0.0858,0.0152,0.0879,0.0605,0.0047,0.1807,0.062
19.811684370373076,15.627773518530743,1.0117682056003856,0.0103,0.0321,0.0561,0.4418,0.1921,0.1319,0.0444,0.0912
29.784373015282206,29.279304849630222,0.8806347400562635,0.1533,0.0152,0.1446,0.0363,0.2535,0.073,0.2896,0.0345
17.225929160491056,16.640057400375017,0.7948247318060925,0.1693,0.0287,0.0112,0.4697,0.2254,0.0194,0.0634,0.013
22.355252137422926,18.764037604081437,0.9782144187043413,0.2506,0.0417,0.0296,0.1669,0.1875,0.0345,0.0317,0.2574
26.150452686148757,20.493928603762736,1.0808299918680246,0.0939,0.0042,0.0446,0.1326,0.059,0.3332,0.0727,0.2598
26.56300650435439,21.532034312772815,1.047880854015266,0.09,0.1037,0.0451,0.0546,0.0189,0.0107,0.1596,0.5174
22.04173743388869,16.19641902254999,1.1139337287316102,0.0643,0.5515,0.0405,0.1199,0.0405,0.0151,0.0448,0.1234
20.618375345654233,16.132810863956703,1.030097946711962,0.0667,0.3186,0.0036,0.247,0.1155,0.076,0.1388,0.0337
24.231985463174478,20.866285202097117,0.969601693220464,0.1121,0.08,0.0227,0.1648,0.1396,0.0697,0.2385,0.1724
26.891460143943913,24.8212916866148,0.922250962317502,0.1838,0.0162,0.0032,0.0076,0.1481,0.1978,0.2612,0.182
26.37639090906313,21.109436173308712,1.0600184071877952,0.0774,0.11,0.0165,0.0527,0.0792,0.3155,0.1499,0.1987
27.665011446488197,25.047935790399737,0.9447888897718436,0.3253,0.085,0.15,0.0336,0.2225,0.1184,0.0201,0.0451
25.80083322447298,29.35514910514554,0.7426578944084329,0.2911,0.0723,0.0056,0.0603,0.1471,0.0075,0.3796,0.0365
31.130066004197214,27.90931477935303,0.972079258078658,0.1507,0.1158,0.1515,0.035,0.0042,0.4376,0.0983,0.0069
27.714485056438264,26.156677635230192,0.9066321566962863,0.2175,0.0009,0.0866,0.0018,0.3232,0.1589,0.2006,0.0106
22.244014427954486,19.184005508355202,0.9510013130474071,0.0707,0.0624,0.0561,0.3621,0.1226,0.093,0.1986,0.0345
27.839467151396875,23.93196784520419,0.996134847982179,0.0433,0.032,0.0775,0.1505,0.0048,0.0844,0.2876,0.32
36.77672384649585,40.45609472349714,0.8101801241694971,0.1885,0.0478,0.44,0.0073,0.2383,0.0363,0.0094,0.0325
30.5032295063262,23.587654145614557,1.123605990774361,0.0201,0.0529,0.1381,0.0028,0.005,0.2627,0.009,0.5094
26.20540168931054,19.1126711055803,1.1618157172613754,0.0775,0.3745,0.0913,0.0276,0.0774,0.1511,0.0454,0.1551
23.05834717454015,18.060782417171772,1.0552337509154595,0.0293,0.1311,0.0728,0.2957,0.1209,0.0201,0.1756,0.1546
44.247162741779974,51.89476262564966,0.7755534606085143,0.0517,0.0101,0.6134,0.0342,0.0022,0.1711,0.0197,0.0976
31.140775722923426,26.98778680419609,1.0056688204867377,0.1155,0.0291,0.1847,0.0617,0.1328,0.2838,0.1451,0.0473
28.604454146910363,25.23873564285313,0.9748687293643263,0.1157,0.0624,0.0997,0.0277,0.1627,0.0212,0.2613,0.2492
24.856406551459216,19.129885396071344,1.0902525613531613,0.1302,0.1513,0.0265,0.1077,0.0261,0.064,0.1418,0.3523
29.504637372889647,24.11921994288454,1.0574403912434085,0.0882,0.0981,0.2062,0.1044,0.024,0.0099,0.0074,0.4618
37.662821830256476,37.050189271472185,0.9085735455655579,0.0142,0.0039,0.3805,0.089,0.0092,0.3428,0.0979,0.0625
17.805438199048904,15.748217193405385,0.8766349885515914,0.0125,0.025,0.0438,0.5472,0.1791,0.076,0.0569,0.0594
27.876829737584135,24.16828455582071,0.9879406079664691,0.0291,0.0345,0.103,0.0052,0.3393,0.458,0.0021,0.0288
32.550641461696436,32.27403654945672,0.884631874849167,0.1486,0.0176,0.3093,0.0507,0.2838,0.0127,0.0831,0.0941
35.137040319101175,36.65255785152931,0.8495188915663086,0.3779,0.0198,0.3258,0.0188,0.0473,0.0757,0.1085,0.0261
25.865523757074655,26.903434967140523,0.8127409672326563,0.0408,0.033,0.0803,0.3203,0.0067,0.0529,0.385,0.0811
27.422322788818086,23.100964097568795,1.0139110510666138,0.0695,0.047,0.1723,0.15,0.2472,0.0167,0.1214,0.1758
27.711447219135373,22.24829515675138,1.0657646822857791,0.049,0.1011,0.1954,0.1353,0.221,0.0445,0.0312,0.2225
31.05784470498217,47.21887624348879,0.5730302552194534,0.0401,0.0494,0.0086,0.027,0.0159,0.0069,0.8036,0.0484
22.548507756127638,17.571300248190425,1.0556138415560825,0.0165,0.0396,0.0984,0.3837,0.152,0.2082,0.0511,0.0505
26.57348012994059,23.885901946081216,0.945054542252446,0.1632,0.2428,0.0,0.0102,0.0005,0.2487,0.2348,0.0997
33.075284785888854,29.598368278934963,0.982327286149136,0.0833,0.094,0.2876,0.0648,0.0967,0.2604,0.0117,0.1015
28.12910815196743,22.797263556790764,1.058421248316004,0.1512,0.0903,0.0932,0.0059,0.0965,0.0045,0.1543,0.404
23.941873747889105,18.664075028103557,1.068463008097722,0.0822,0.0113,0.003,0.1508,0.1112,0.2252,0.0869,0.3294
25.31683987112576,26.485028709720865,0.8048637630247986,0.5429,0.1572,0.0422,0.0132,0.0109,0.1134,0.0142,0.106
32.66739676281368,33.61916729530295,0.8527098994155903,0.1287,0.0252,0.1477,0.0047,0.0893,0.1584,0.4052,0.0408
24.224136421408733,17.45270793098261,1.1587964745291013,0.0074,0.121,0.0634,0.0997,0.2488,0.0725,0.0375,0.3497
24.840302885513015,19.899798974021525,1.0472619805214758,0.112,0.2189,0.002,0.0358,0.0933,0.2712,0.0902,0.1767
24.244572423457996,19.776077003769895,1.0236900078614575,0.1774,0.4464,0.0806,0.1152,0.0024,0.1217,0.0328,0.0234
29.358439779750423,32.58411307291935,0.7782455125601014,0.2162,0.0707,0.0591,0.0239,0.0572,0.031,0.4498,0.0921
23.323707981020164,18.910327780823692,1.0218600229984203,0.1627,0.1276,0.0226,0.113,0.071,0.0427,0.0052,0.4552
26.458966525132126,20.71845818264625,1.0840076190584358,0.0074,0.028,0.1102,0.0157,0.4004,0.1556,0.0024,0.2803
26.43103371254399,21.703580210959895,1.0335176728684026,0.1404,0.013,0.1366,0.1973,0.1614,0.0635,0.1225,0.1652
26.099831459861168,19.84384035120511,1.1136872232757633,0.0435,0.1269,0.0378,0.0581,0.0148,0.2084,0.0356,0.4749
31.10498635911762,27.1551806781999,0.9981515748439642,0.0276,0.2176,0.2772,0.1012,0.1272,0.1302,0.0347,0.0844
25.997958689816354,24.64029891415174,0.8927634671340045,0.0981,0.0218,0.0329,0.1234,0.1279,0.0197,0.3166,0.2596
21.59971612894721,16.94138646645311,1.0388592553388534,0.1011,0.0731,0.0054,0.2239,0.2103,0.1194,0.1103,0.1565
25.90048522460158,19.894061681570847,1.1008553997241004,0.0422,0.1193,0.022,0.0997,0.0184,0.1519,0.1862,0.3603
25.25202935261397,20.192208259633837,1.0524866363972094,0.1304,0.1137,0.0862,0.1914,0.1205,0.2016,0.1194,0.0367
24.222690928183926,21.739924996172935,0.9302097836926254,0.2806,0.0121,0.0264,0.1375,0.1467,0.0798,0.1606,0.1564
22.351090984151178,17.215414199490432,1.06596860066802,0.0601,0.4392,0.0396,0.0416,0.286,0.0891,0.0319,0.0125
26.664747112047365,20.011059260998167,1.1326110635343163,0.0865,0.3392,0.0976,0.0599,0.0444,0.1837,0.0792,0.1096
26.115534744326,21.216445665730486,1.0423769887171888,0.2222,0.102,0.0584,0.0141,0.1652,0.2066,0.0296,0.2019
26.109138867814565,21.1224057753479,1.04671499558153,0.1484,0.0442,0.169,0.2527,0.053,0.023,0.0091,0.3006
23.35529932460379,23.250111534583713,0.8324819988847567,0.4517,0.0504,0.0137,0.137,0.0561,0.0743,0.0853,0.1313
18.019323906102308,15.20726146082341,0.9218835319047128,0.0557,0.1373,0.0194,0.4683,0.1346,0.0067,0.1066,0.0714
21.49952700191958,16.84140457645338,1.0390776447699823,0.0653,0.0234,0.051,0.2854,0.2783,0.0866,0.0746,0.1354
20.261123545484725,18.42578481801321,0.8825199960865552,0.0305,0.0081,0.0292,0.2831,0.4143,0.0358,0.1227,0.0763
24.123783060902774,18.568214256906483,1.0837758969426847,0.0147,0.0406,0.0207,0.1124,0.2738,0.2871,0.0819,0.1689
26.96169459423058,19.59169278781328,1.1720117726893697,0.0014,0.272,0.0889,0.082,0.0195,0.0514,0.1737,0.3111
28.17145020701361,23.176856159418623,1.042913242449874,0.1316,0.0592,0.1895,0.1006,0.1712,0.0054,0.0091,0.3332
29.462789638694233,23.85767074497798,1.0672789439871924,0.0033,0.1278,0.1158,0.0313,0.1522,0.2485,0.2133,0.1079
26.994400583659438,21.717292103824505,1.058806064482138,0.0728,0.0157,0.1825,0.3078,0.0279,0.1781,0.0472,0.1679
28.78815560279068,26.514755284904368,0.9348815531744059,0.2796,0.0121,0.2235,0.242,0.0007,0.0997,0.0502,0.0923
31.78616775826612,27.41075006994548,1.013696002019743,0.1441,0.0166,0.1584,0.0412,0.0033,0.4118,0.1093,0.1153
29.24427908100454,31.296251275078635,0.8066230954985554,0.0541,0.029,0.0233,0.0027,0.0532,0.0239,0.4625,0.3513
24.4433278485032,21.77770918599806,0.9387271945778025,0.0402,0.0517,0.1199,0.3941,0.0565,0.1194,0.2133,0.0049
24.719439641161472,21.02125020383225,0.985642596908163,0.2409,0.2612,0.0183,0.0165,0.0983,0.1906,0.0769,0.0974
26.384301354945784,21.512258431543014,1.0405370233989057,0.1335,0.3318,0.0886,0.0516,0.0564,0.2614,0.0389,0.0379
28.201168374965846,21.93709072946703,1.1032077440632357,0.0704,0.0026,0.1288,0.1487,0.0612,0.334,0.0353,0.2191
22.066508357872475,17.605187035695472,1.0262037160549131,0.1826,0.2475,0.0613,0.2228,0.1549,0.0564,0.0732,0.0014
28.809249843101885,22.430741474691924,1.1060378842622558,0.1445,0.0901,0.135,0.0293,0.0404,0.1003,0.0231,0.4373
25.72235006705041,22.28134661691224,0.9749119045867032,0.2739,0.0199,0.0832,0.0361,0.2773,0.1629,0.0012,0.1455
24.93683206783851,18.765918351896214,1.1156838517163714,0.1134,0.3347,0.0228,0.0291,0.0407,0.141,0.1067,0.2116
23.54746369153575,20.12841844750957,0.9711375855242267,0.1278,0.0696,0.0629,0.0572,0.4413,0.0072,0.0637,0.1705
22.83239819616744,17.716917679598865,1.0629613196122176,0.0053,0.2357,0.001,0.1732,0.0576,0.0099,0.1958,0.3215
33.387657691487014,31.43375489079582,0.9349076428693561,0.1977,0.0405,0.2735,0.0661,0.0616,0.2955,0.0546,0.0104
25.309101053146144,23.45153263567393,0.9086442828359639,0.3697,0.1071,0.0697,0.1396,0.0473,0.1194,0.1165,0.0306
31.811770447308994,36.588269510918096,0.760128063422345,0.1325,0.0521,0.1396,0.0478,0.0872,0.0318,0.4963,0.0127
28.596612960089313,22.246182734887945,1.1056554400011858,0.0438,0.3274,0.1837,0.0552,0.1123,0.0313,0.1003,0.146
27.200894295072054,23.956538755670223,0.9684576946484258,0.1907,0.0514,0.1535,0.1585,0.1988,0.1165,0.1253,0.0052
25.6935568998659,20.71915668339069,1.0470289515816213,0.1748,0.3892,0.106,0.0384,0.1373,0.0945,0.0594,0.0003
27.46084766248096,23.797217999529888,0.9858651403262526,0.1233,0.1431,0.1861,0.1289,0.2544,0.0659,0.0919,0.0065
23.287844016642026,18.0413814313089,1.0690890877773929,0.1087,0.2811,0.0732,0.0235,0.3719,0.0014,0.0044,0.1359
33.15491268535652,29.408671550096106,0.9913712911408693,0.1663,0.0613,0.2368,0.0188,0.0686,0.2139,0.1275,0.1068
23.917983310720626,17.11503063905841,1.1637714083470914,0.0257,0.1478,0.1098,0.2505,0.1592,0.0828,0.0612,0.1631
26.380178464060215,19.59322597633558,1.1422406137249004,0.0545,0.1322,0.1438,0.1331,0.1613,0.0398,0.0278,0.3076
24.631213401751594,19.93006657296124,1.0351803555810288,0.2535,0.0761,0.0619,0.1512,0.0285,0.0414,0.0496,0.3378
29.596715232283856,22.908305166536554,1.1173552581128705,0.0007,0.1181,0.0885,0.0155,0.061,0.3196,0.1808,0.2158
36.44622699355438,34.45535107195833,0.9416890550844195,0.0296,0.0458,0.3703,0.0766,0.0021,0.2647,0.0165,0.1944
28.955781031728478,25.1353600311432,0.992855523088103,0.1012,0.1117,0.222,0.1499,0.1852,0.1698,0.047,0.0131
23.5247939013679,20.922717844070107,0.9331863119734034,0.2289,0.0711,0.1501,0.312,0.1809,0.0193,0.0227,0.0149
23.528250776961773,19.96542655125989,0.9781033591656209,0.0583,0.0263,0.0512,0.2703,0.1243,0.0063,0.2144,0.2487
38.15449610838474,39.04723655027807,0.8746968832072578,0.0223,0.0885,0.4395,0.0072,0.0911,0.0202,0.0554,0.2756
29.574446217555874,23.41595423290321,1.092180398167145,0.0107,0.0608,0.1771,0.0649,0.0669,0.0746,0.0114,0.5335
26.66063750844821,23.143549430077613,0.979134059661488,0.0309,0.4044,0.0563,0.0305,0.062,0.0748,0.2894,0.0518
19.87143185242287,15.380874618722656,1.0318939752036644,0.0901,0.3903,0.0465,0.3112,0.0623,0.065,0.0135,0.0212
28.74915326526064,23.240077732431395,1.064934186116053,0.0775,0.227,0.172,0.0255,0.2092,0.0441,0.1242,0.1204
31.22901884914908,26.918666040554985,1.011529278907303,0.0015,0.0829,0.2467,0.1882,0.0405,0.2488,0.1131,0.0783
24.143730048137723,18.442741319966036,1.0922307968572007,0.0486,0.5358,0.1034,0.0349,0.1965,0.0493,0.0054,0.0261
25.989378779950744,22.904024633096498,0.960066151351231,0.0268,0.0269,0.0763,0.2283,0.0579,0.5123,0.0309,0.0406
25.211075665542037,19.25057949988965,1.1018408908502533,0.004,0.0928,0.0723,0.0427,0.3644,0.0876,0.0923,0.2439
28.63370859035389,23.396139143387153,1.0528963107708533,0.1402,0.2591,0.121,0.0383,0.0117,0.2794,0.0811,0.0692
27.911121824561043,22.733323382705272,1.0518093383016667,0.1513,0.1053,0.124,0.1169,0.0578,0.2975,0.0609,0.0863
21.174732555443512,17.126162396447207,1.002836021162942,0.0917,0.0311,0.0327,0.2764,0.2844,0.1285,0.0831,0.0721
28.14676673294494,25.27155979346191,0.9554917436949035,0.2121,0.055,0.0931,0.1183,0.0383,0.2802,0.1908,0.0123
25.394293414936755,23.33763914755549,0.9167291206993278,0.1431,0.2177,0.0181,0.0325,0.1541,0.0106,0.2881,0.1357
30.492599848074764,28.05371755283415,0.9443525549931377,0.283,0.0457,0.194,0.0438,0.114,0.2756,0.0246,0.0193
27.77436563350847,27.723551564497072,0.8575512260108133,0.0012,0.2018,0.0214,0.0183,0.0208,0.6519,0.0696,0.0151
40.00045923795463,46.237401356316795,0.7786004010157541,0.0795,0.0866,0.5305,0.0369,0.1518,0.0465,0.0539,0.0143
33.22312658122709,28.759283426893063,1.0161284670222446,0.0234,0.0313,0.2437,0.0353,0.1374,0.1839,0.1633,0.1818
21.85529911933955,19.338784896995108,0.923289607617174,0.2794,0.095,0.0403,0.1796,0.2411,0.1196,0.0006,0.0442
23.615806993102346,18.421794070163063,1.0648152356058072,0.0222,0.5707,0.078,0.085,0.0772,0.1263,0.012,0.0286
24.13679186481099,21.64610269174436,0.9302733222498751,0.0274,0.1782,0.0385,0.0427,0.4192,0.0847,0.2056,0.0037
34.20023210247824,33.78752659232973,0.893827845608981,0.1231,0.0557,0.2422,0.0333,0.0553,0.0831,0.3157,0.0915
25.366998669923703,19.415296599903424,1.1005239379155292,0.0231,0.3092,0.1584,0.2409,0.056,0.1199,0.042,0.0503
25.78212309790093,21.664711513791072,1.0054194852322458,0.087,0.2866,0.1879,0.1296,0.2806,0.0133,0.0063,0.0087
22.571981861619165,16.4133682413639,1.1315155785523208,0.048,0.1544,0.0248,0.2404,0.037,0.2021,0.0407,0.2526
36.47697388696244,38.40782344369777,0.8455822531722115,0.0432,0.0026,0.4291,0.1576,0.0657,0.0586,0.0875,0.1558
30.132799895222302,27.789136631114037,0.940396250596817,0.0477,0.0192,0.2179,0.0817,0.3246,0.0998,0.1616,0.0475
42.1665805588305,48.38088916617465,0.7888772037185823,0.1154,0.0464,0.5476,0.0127,0.0395,0.0558,0.0969,0.0856
25.762470024803036,21.8942766900078,0.99397985751843,0.0521,0.0667,0.1415,0.2196,0.2342,0.0258,0.1624,0.0976
27.144132361124107,21.896263101172867,1.0569900559828584,0.0174,0.1297,0.179,0.1012,0.3285,0.147,0.0099,0.0873
23.79856956581726,19.565080879038756,1.0119339494797925,0.1184,0.1269,0.0493,0.2288,0.0843,0.0392,0.2069,0.1461
28.421658800964295,25.834254905579606,0.9453208110790057,0.0096,0.1302,0.2131,0.0444,0.4441,0.0469,0.0805,0.0312
25.51405004904206,20.824604014182423,1.0331072818666849,0.2039,0.0986,0.0597,0.0908,0.1407,0.0534,0.1524,0.2006
26.0433667285014,21.836932654993397,1.009453437292201,0.2164,0.2055,0.0362,0.0205,0.0706,0.2478,0.0896,0.1135
31.62394920624603,27.88151327829133,0.9907621917980386,0.1164,0.0781,0.1613,0.0548,0.0218,0.3407,0.1955,0.0314
33.08482090890582,29.613027059152785,0.9821630477292356,0.1303,0.1423,0.2459,0.0556,0.0039,0.1782,0.1666,0.0773
26.908064732515623,25.182933974105627,0.9096662349220651,0.2142,0.013,0.2178,0.3608,0.003,0.0231,0.094,0.0742
23.042954228700093,17.295369246784357,1.1010435196253852,0.0676,0.1746,0.0,0.177,0.0577,0.1885,0.1176,0.2169
28.916916431946028,29.733775261633234,0.8380004292323213,0.0077,0.1351,0.3409,0.3838,0.0651,0.0252,0.0052,0.0369
28.75898116932874,26.34986776010339,0.9396244943140311,0.1375,0.1457,0.2376,0.2182,0.0884,0.0089,0.1268,0.0369
25.30534532360485,19.271653170571465,1.1055276438940334,0.1225,0.2587,0.0625,0.1131,0.0463,0.1937,0.0973,0.1058
24.911389067271845,23.424733082173287,0.8927055430649004,0.3395,0.007,0.043,0.1713,0.0464,0.052,0.19,0.1508
30.363820088518338,24.53129594117914,1.0747014813947542,0.0596,0.1212,0.1873,0.0987,0.0239,0.0749,0.1651,0.2694
34.290597846602076,31.132959552782026,0.9729430893085563,0.0941,0.1144,0.2835,0.0079,0.0822,0.1003,0.1583,0.1593
26.422282356538457,24.521600870972303,0.9143890105103645,0.2338,0.1228,0.0863,0.015,0.2978,0.0256,0.1927,0.0261
35.03284207575092,34.07319133802109,0.9107700469818467,0.1222,0.0141,0.36,0.1311,0.0195,0.1747,0.0452,0.1332
34.78744056989071,34.733565608772174,0.8863887144979773,0.0441,0.1937,0.2583,0.0087,0.0442,0.1052,0.337,0.0088
27.310683472787556,23.61509516799711,0.9871094444869274,0.192,0.0726,0.0133,0.0113,0.0281,0.3181,0.156,0.2087
32.3934493837433,32.240573866505656,0.8806744415067908,0.1556,0.0286,0.2834,0.1384,0.1198,0.0411,0.1954,0.0378
29.637521389455163,25.146959547292134,1.0195077993918296,0.1913,0.114,0.1223,0.0519,0.0141,0.2433,0.1675,0.0957
25.92879293796127,22.128377732885667,0.9909805952639814,0.2497,0.0505,0.1336,0.2497,0.0336,0.0926,0.1001,0.0902
34.65522572870878,34.00240614401078,0.9015604836573727,0.1645,0.1812,0.3222,0.0377,0.0288,0.0183,0.1722,0.0751
33.075117591932326,30.586851330146736,0.9505756992801535,0.0,0.1833,0.3182,0.0491,0.1765,0.0256,0.0906,0.1566
24.405127156898505,20.28121632896487,1.0061096349412075,0.0426,0.1783,0.1023,0.1285,0.3581,0.0402,0.133,0.0169
27.1950583269977,25.141517044538936,0.9225799018375451,0.3637,0.0294,0.0564,0.0672,0.011,0.2002,0.1396,0.1323
27.700674538486098,28.872739795553766,0.8208668351638685,0.0549,0.0828,0.0129,0.0665,0.076,0.1402,0.4325,0.1343
30.715586301591458,24.929763336917482,1.0716341723962306,0.1081,0.1061,0.2188,0.1055,0.0057,0.177,0.0316,0.2473
23.87191274119799,17.759975330147615,1.1189155599481804,0.0296,0.4055,0.0412,0.1023,0.0744,0.1881,0.0799,0.0788
24.28422847264069,17.92739257555242,1.1314656265352434,0.0085,0.125,0.094,0.1869,0.2559,0.1983,0.0507,0.0807
28.540689367855656,27.5869344125253,0.8895765292686324,0.2816,0.0029,0.0867,0.1156,0.0094,0.1676,0.2745,0.0615
30.33500818624497,32.08393988410458,0.8208159060693225,0.064,0.0212,0.0883,0.0431,0.1118,0.0856,0.4506,0.1354
21.60520208480571,15.479250899174632,1.1373419940976883,0.0259,0.1116,0.0567,0.2561,0.2216,0.0887,0.0048,0.2348
25.22281340235749,18.50969720456171,1.1465780972974067,0.0803,0.2077,0.1376,0.2054,0.0444,0.0011,0.0223,0.3011
34.198440511268,36.175842918945875,0.834768123549447,0.0317,0.0033,0.2842,0.1576,0.056,0.0696,0.3518,0.0459
30.468787199195123,26.300576599828467,1.0063957000611066,0.0811,0.1771,0.231,0.1309,0.0671,0.1363,0.1248,0.0517
31.77085232189958,27.516248358011097,1.0092528589136083,0.079,0.1009,0.276,0.1017,0.0853,0.1,0.0349,0.2221
21.558645186982734,18.54550078483369,0.9467873308302359,0.0914,0.1748,0.0313,0.2454,0.2334,0.0256,0.1856,0.0125
25.32075497799505,20.269141467628216,1.0518824890559062,0.1044,0.1572,0.0413,0.1116,0.1205,0.2583,0.1396,0.067
26.229518501715066,21.40283051128118,1.038625171095858,0.1763,0.0352,0.0297,0.0427,0.0357,0.1343,0.0778,0.4683
25.591903460043035,27.501620595653335,0.7851138584704227,0.523,0.0688,0.016,0.0093,0.0673,0.0106,0.1839,0.1211
24.718297524634124,23.0871511864897,0.8973951509772329,0.0216,0.0372,0.0543,0.2529,0.129,0.0471,0.3078,0.1501
23.28396999040657,18.73759144741813,1.0291594864004638,0.2508,0.0784,0.0765,0.2474,0.0471,0.0556,0.0224,0.222
24.643177592217373,21.894045014530672,0.9428672307249244,0.3093,0.0227,0.036,0.0608,0.2174,0.0921,0.091,0.1706
20.2908826015105,18.396272777187498,0.8855534378524866,0.2984,0.3681,0.0215,0.2323,0.0039,0.0386,0.0031,0.034
23.20792520616955,19.972519103670024,0.9617177035339535,0.0793,0.0869,0.0249,0.0937,0.3687,0.3112,0.0282,0.0071
29.493998694761775,27.178633494660343,0.9380162067298365,0.1681,0.1726,0.1122,0.013,0.0657,0.0213,0.3041,0.1431
26.88437043046209,25.22679910165852,0.907145228304354,0.2609,0.2039,0.0572,0.0076,0.1317,0.0729,0.246,0.0199
24.96640595404136,20.315020369619152,1.0320642348651712,0.2368,0.347,0.0436,0.0215,0.0297,0.1278,0.0478,0.1458
40.81507800249972,45.35847793099774,0.8116471204899159,0.0845,0.0041,0.4981,0.028,0.0864,0.1126,0.1237,0.0628
21.16279366708589,19.543060824171157,0.87820397334376,0.24,0.0196,0.0039,0.1565,0.3542,0.0923,0.0596,0.0738
25.410849897694344,20.886353912201837,1.0251118978303864,0.1651,0.0843,0.1267,0.1707,0.23,0.0898,0.0779,0.0555
25.28322848415697,19.366484604137824,1.0989722151024568,0.0291,0.2201,0.0314,0.0026,0.2651,0.1751,0.1476,0.129
32.008940926063254,28.489956041924984,0.9831163264992799,0.0287,0.0017,0.2731,0.0999,0.1804,0.0699,0.093,0.2533
24.277651957589033,22.42973030642971,0.9040524197375766,0.1023,0.026,0.0205,0.0697,0.3945,0.1729,0.1955,0.0187
26.752859104487598,23.87041468148052,0.9531823978801692,0.2637,0.0343,0.1415,0.2526,0.006,0.1542,0.1204,0.0273
29.564500906094988,25.322196798906194,1.0095688422735607,0.2783,0.1151,0.1651,0.0406,0.0555,0.1181,0.0847,0.1426
20.274733845408306,16.74976702240056,0.9716394158583243,0.1134,0.0813,0.048,0.4499,0.0434,0.1626,0.0665,0.0349
30.440577845623178,26.73073285037233,0.9891452656246532,0.126,0.0111,0.164,0.0361,0.186,0.1059,0.2096,0.1614
39.45011756490413,44.92350082615616,0.7891218830448704,0.0776,0.0568,0.5017,0.046,0.1593,0.0555,0.0955,0.0076
25.156233455462257,18.016162295478683,1.1742919001552068,0.0736,0.1456,0.0936,0.135,0.1726,0.1008,0.0651,0.2138
23.174652642056873,19.349056684689405,0.9909864317690207,0.0469,0.2122,0.1621,0.3974,0.0788,0.0014,0.0768,0.0244
40.77211239598659,47.44888928654753,0.7749836286771002,0.066,0.0338,0.4956,0.0692,0.0511,0.0151,0.2485,0.0208
24.774233625241564,19.67409429134511,1.0559181692231911,0.2207,0.0661,0.046,0.1185,0.0709,0.1059,0.0558,0.3161
24.50074956217271,19.940350735059894,1.028103759786306,0.2327,0.0069,0.0475,0.1583,0.1029,0.1155,0.0812,0.255
20.486966756191773,15.18599125291677,1.0856694490078234,0.0708,0.2309,0.0291,0.225,0.2417,0.1085,0.0083,0.0856
29.450246164134885,24.736221939379156,1.0288655327602407,0.2365,0.0476,0.1809,0.0444,0.0941,0.0409,0.0276,0.328
20.80556886923021,16.311400385119413,1.0302958956584511,0.1842,0.2428,0.0029,0.2469,0.0036,0.0327,0.0602,0.2267
27.00636499720128,23.13527767086006,0.994427874370354,0.0603,0.4093,0.0919,0.042,0.0052,0.3488,0.0355,0.007
26.143514276523955,19.875398230920595,1.114116759787726,0.0395,0.0512,0.1023,0.169,0.1814,0.1609,0.1346,0.1612
20.98979517890777,17.15450329801892,0.9903985492176756,0.0891,0.158,0.0142,0.2291,0.247,0.0106,0.1511,0.1009
26.328687435072958,28.02770307528426,0.7966649059716605,0.2919,0.0064,0.0413,0.1168,0.1075,0.0161,0.3357,0.0843
24.18360501930134,27.15032809671,0.7434018825631479,0.1285,0.1401,0.0197,0.2441,0.0499,0.0113,0.406,0.0003
16.92971787721288,14.108556401445307,0.9164451350875511,0.0694,0.2121,0.01,0.4193,0.2033,0.0218,0.0087,0.0553
30.135278503978608,24.204648639299347,1.0797627717489209,0.0328,0.039,0.1058,0.0004,0.018,0.0877,0.1791,0.5372
23.65981188937571,27.046841717457504,0.7268801324291478,0.0742,0.0204,0.0065,0.3426,0.0165,0.1066,0.4153,0.0179
29.815451115642738,24.13430946355016,1.069657748220706,0.1003,0.1789,0.1084,0.0059,0.0292,0.2126,0.2043,0.1604
22.946624852052715,16.902280367513722,1.1209508090084834,0.0518,0.3769,0.0275,0.1435,0.0776,0.0647,0.1475,0.1106
25.515813957419535,20.51883527705668,1.0485884635702316,0.0855,0.0815,0.1715,0.317,0.0815,0.0942,0.0553,0.1135
25.032502789904687,20.590426118513612,1.0214700108121408,0.1157,0.019,0.0507,0.1953,0.0505,0.0304,0.1906,0.3478
29.977118364104026,26.245167031840456,0.9897867417871172,0.0022,0.0359,0.2257,0.0721,0.3458,0.2633,0.0263,0.0287
20.87817826206711,16.684905278606678,1.011583702768049,0.1348,0.3384,0.0299,0.1181,0.3127,0.0154,0.041,0.0097
21.685017513698217,16.4739943578181,1.0735112037540182,0.027,0.2841,0.031,0.246,0.1154,0.2076,0.0672,0.0217
25.309586469250583,19.076307918600456,1.117070795888787,0.1426,0.2285,0.0547,0.0763,0.0939,0.0962,0.1287,0.1791
25.076152057870026,21.221394776704855,0.9931558354027575,0.1257,0.1086,0.0157,0.129,0.0658,0.3456,0.1223,0.0873
23.53396489586085,18.433038970788377,1.0597256874906607,0.1244,0.4097,0.0217,0.0847,0.0426,0.1328,0.1028,0.0813
26.47983176813823,23.73680643252289,0.9470453336695528,0.1923,0.155,0.1188,0.0203,0.3456,0.0212,0.1383,0.0085
25.69532087984216,20.806183665009403,1.0427342769413332,0.0218,0.0697,0.0092,0.0605,0.1975,0.3375,0.1585,0.1453
22.82874240604245,19.08558128067223,0.9865427795542241,0.2466,0.3949,0.0178,0.04,0.0904,0.0778,0.0222,0.1102
28.887270450401047,31.47979915355045,0.7905790735514949,0.0824,0.1171,0.0113,0.0213,0.0112,0.1286,0.4823,0.1459
29.230238851723144,23.429087135883165,1.0768767346928085,0.0307,0.3723,0.1578,0.0515,0.0135,0.1802,0.1459,0.048
26.942578335474277,20.347559755678677,1.1275346336835979,0.0207,0.0021,0.067,0.0136,0.2672,0.2391,0.0578,0.3325
21.584989895963126,18.095809176972605,0.9717714043061689,0.1802,0.0343,0.0401,0.2847,0.189,0.1985,0.0278,0.0454
37.22974140504919,34.30109924485843,0.9687660785398932,0.0331,0.0634,0.3359,0.0036,0.002,0.2676,0.1209,0.1735
25.57928827171975,23.826180686023648,0.9056964922782644,0.4388,0.0887,0.1008,0.1176,0.0369,0.0553,0.0073,0.1546
23.067831055756642,20.43381607226668,0.9331507628492364,0.2402,0.158,0.0015,0.1238,0.1269,0.0145,0.188,0.1472
22.26622270265144,18.759794349642046,0.9736899222991736,0.1568,0.0221,0.014,0.1766,0.2845,0.1949,0.0735,0.0778
27.752446018247728,20.72356089962244,1.1461565960259497,0.0138,0.1711,0.1416,0.0769,0.0703,0.0162,0.0491,0.461
28.149947234741678,25.752252183799307,0.9377800070602899,0.2168,0.1616,0.088,0.0697,0.0353,0.1362,0.2587,0.0337
27.64810341862642,22.921559717230984,1.0316969573780472,0.1109,0.0814,0.068,0.0506,0.057,0.0241,0.2224,0.3856
27.77606714347747,21.677493559444173,1.0968088666837137,0.009,0.061,0.0987,0.0824,0.1212,0.4088,0.0054,0.2135
31.053576864010914,24.513597647185335,1.1036151140841304,0.0229,0.1274,0.2212,0.0723,0.0472,0.1237,0.0567,0.3287
25.372924599259594,20.160754618353554,1.0601252286361607,0.1043,0.0932,0.078,0.0002,0.3894,0.1141,0.0378,0.1831
20.344701824013747,14.24607249273209,1.1473128353342519,0.0472,0.3193,0.0215,0.2118,0.1859,0.0339,0.0367,0.1436
23.665052116276065,20.730311909907844,0.9486134218210848,0.1434,0.0575,0.0801,0.0768,0.4565,0.0115,0.0581,0.1161
24.919816052414028,20.84534573000367,1.003572515580932,0.0052,0.1424,0.12,0.256,0.1675,0.0111,0.2013,0.0966
24.8321681141515,29.331176106533285,0.7102397816741928,0.1256,0.0557,0.014,0.2128,0.1139,0.0213,0.4426,0.0142
40.641086674945065,46.17534637132369,0.7935205592242252,0.0625,0.0282,0.4891,0.0112,0.1459,0.0738,0.1882,0.001
29.18110317225122,24.11081211647917,1.0443905020951383,0.0511,0.1591,0.1266,0.081,0.0605,0.1383,0.2421,0.1414
25.98401364118701,24.532327313989633,0.8961242592198156,0.2329,0.066,0.0417,0.0956,0.1254,0.0538,0.2686,0.116
26.644434771332964,22.241634762956487,1.018110179969655,0.0189,0.2802,0.1964,0.2683,0.0397,0.0334,0.1245,0.0385
25.28869504165786,21.73946487397925,0.9792649067061014,0.1991,0.1505,0.0377,0.066,0.1717,0.148,0.1766,0.0505
29.940209929586594,26.718627157870333,0.9708661218376092,0.0302,0.019,0.0806,0.0768,0.0481,0.3345,0.3042,0.1066
28.854004043366068,26.313929482178285,0.9445189119397395,0.1034,0.0372,0.0801,0.102,0.0431,0.1813,0.3178,0.1351
26.02083191070756,21.611547595637337,1.0189382233391209,0.1797,0.1238,0.1125,0.1459,0.1561,0.0538,0.1485,0.0797
26.742742443052887,21.78517338459474,1.0439550808962248,0.0363,0.1503,0.0952,0.0075,0.3357,0.058,0.171,0.1458
26.124005921115344,22.802576493595488,0.9702414956191142,0.1372,0.0872,0.0212,0.0409,0.1298,0.4151,0.0676,0.1011
27.483511235325576,23.43389397270864,1.0021173289712209,0.1452,0.0356,0.036,0.0351,0.0316,0.4199,0.0494,0.2471
22.966913370921016,20.039715717016612,0.9464661893788926,0.1738,0.0346,0.0101,0.1089,0.3103,0.2517,0.05,0.0606
22.552394270088357,19.271642980036177,0.9626783917337559,0.1635,0.1675,0.0018,0.1206,0.0256,0.0122,0.0046,0.5042
21.60422065707959,18.120990992577347,0.9714822254638592,0.2193,0.052,0.0279,0.2674,0.1435,0.1614,0.0433,0.0852
23.708275634752454,24.04200718958282,0.8197433550095545,0.4856,0.0019,0.0239,0.0881,0.0964,0.0411,0.0162,0.2469
29.63128812241712,28.89752827793714,0.8869716425534655,0.1488,0.1323,0.287,0.1198,0.2865,0.0129,0.0113,0.0015
31.465240694694707,30.635041245538446,0.8965302339423038,0.0295,0.1269,0.3314,0.1681,0.1927,0.0307,0.0492,0.0716
27.245900643097613,22.725641212237267,1.0228930583740887,0.2538,0.0462,0.0737,0.0315,0.1012,0.0754,0.1313,0.2868
34.87318847317843,35.80514696969465,0.8622555997133426,0.0089,0.0052,0.3097,0.0347,0.2665,0.1082,0.2514,0.0155
25.026356727248483,22.205640695470528,0.9468925943459674,0.1472,0.0041,0.0369,0.2002,0.1076,0.1663,0.2377,0.1
23.418578284642557,20.193433425287566,0.9616283608475078,0.0343,0.0311,0.1013,0.1219,0.4841,0.0026,0.0159,0.2089
29.610632940037775,24.680104944545818,1.037703567208599,0.086,0.0908,0.1784,0.0211,0.2408,0.0491,0.1348,0.199
27.088181345248223,23.54540499143433,0.9805811942350346,0.1393,0.0551,0.0379,0.0071,0.2061,0.3681,0.13,0.0564
29.584091062172003,28.935166417374326,0.8841867606059406,0.0827,0.0941,0.1301,0.0119,0.2632,0.0676,0.321,0.0294
32.40078973215225,29.44753787206252,0.9644537976499781,0.0736,0.3871,0.289,0.0356,0.0212,0.0369,0.1092,0.0474
24.11719376484935,22.653074859549967,0.8880557668032623,0.3731,0.0916,0.0118,0.1331,0.0073,0.1032,0.1377,0.142
25.539730565854324,21.249165042169153,1.0136742089916728,0.0875,0.2606,0.0355,0.0566,0.1245,0.0783,0.2431,0.1138
23.23308239422207,19.168239667878538,1.0033828211388756,0.0206,0.0155,0.1387,0.3747,0.2247,0.1059,0.0634,0.0565
25.131931845778727,19.070829818692772,1.1080761585458494,0.014,0.2766,0.1153,0.0137,0.384,0.0532,0.0187,0.1245
32.58538755866518,30.916978577714033,0.924585417905955,0.0862,0.0359,0.3243,0.0919,0.1837,0.007,0.0207,0.2503
26.47889036142052,20.972043925118925,1.071850242240662,0.0003,0.2244,0.1573,0.1111,0.2907,0.1225,0.0717,0.022
28.10494358458191,23.88028536957616,1.0094076855250635,0.0981,0.0014,0.1452,0.1779,0.0875,0.4102,0.0097,0.0701
33.55647264129346,29.57669195506917,0.9993163767670022,0.032,0.0246,0.242,0.0206,0.1596,0.3328,0.1267,0.0617
26.144288207824456,21.92941010102812,1.009798626858014,0.3015,0.0951,0.1016,0.0429,0.1542,0.0357,0.0105,0.2585
26.365171646424212,19.373791695686005,1.1544034331392292,0.001,0.1182,0.1151,0.0581,0.3045,0.1455,0.0398,0.2178
20.638557213412888,16.383367339022143,1.015576155323267,0.0885,0.0022,0.0479,0.4501,0.0163,0.0972,0.0605,0.2372
27.521911497112463,24.041441247916946,0.9783902410239443,0.1708,0.0779,0.1852,0.2164,0.1192,0.1215,0.0995,0.0095
26.94414838142254,24.44361744498549,0.9386560083859207,0.1016,0.0325,0.2374,0.3351,0.1225,0.0728,0.0357,0.0625
30.449882439438035,24.52615112762895,1.0784359234271368,0.0747,0.0544,0.1894,0.0539,0.1559,0.2378,0.0688,0.1651
30.536559554141217,30.690122622275258,0.8646612423399269,0.0398,0.0245,0.3481,0.3451,0.0262,0.014,0.0107,0.1916
26.095417250072945,25.777937751048537,0.857144487796515,0.3421,0.1236,0.0271,0.0146,0.1296,0.069,0.2394,0.0546
20.511844225045895,16.11643054287171,1.0245348175033133,0.0738,0.025,0.0094,0.2975,0.2267,0.1673,0.0507,0.1497
25.392277382590926,20.724998414547777,1.032196816361383,0.1608,0.0905,0.0282,0.0167,0.166,0.2748,0.0022,0.2608
25.043405949761315,19.777587921351316,1.064002649536623,0.0796,0.1022,0.0451,0.1641,0.0957,0.3215,0.0953,0.0965
31.522096229939855,29.993824310192586,0.9175920998039327,0.1473,0.1808,0.1969,0.0637,0.0191,0.0292,0.2938,0.0693
22.94635299600895,21.106228089486624,0.8976664572978084,0.1242,0.0074,0.1681,0.4988,0.0608,0.0303,0.0738,0.0366
27.11656159959963,21.846759346587422,1.0581231400441347,0.124,0.0107,0.1423,0.2146,0.098,0.1585,0.1158,0.1361
26.09291775564651,26.310950661795683,0.8396852717194332,0.1845,0.1992,0.0153,0.04,0.1184,0.0759,0.3408,0.0259
24.88256167903733,20.582532599608086,1.014576878621582,0.0759,0.0338,0.0275,0.0234,0.3742,0.2732,0.0805,0.1116
27.70012591920298,27.265467980925784,0.869235985084979,0.2379,0.0454,0.0207,0.0189,0.0229,0.0265,0.329,0.2985
22.638669197417453,19.377167261150223,0.9618882340344246,0.2227,0.4251,0.0169,0.011,0.1862,0.0845,0.0404,0.0132
23.37423943339339,20.957708546995445,0.9244445493622887,0.1452,0.0654,0.0704,0.3005,0.1138,0.0102,0.2189,0.0756
31.46540908574085,30.50954450214796,0.9002235049365357,0.1351,0.0472,0.2598,0.0074,0.3556,0.0388,0.1176,0.0385
32.44816955532564,28.576664274214735,0.9955035088190809,0.069,0.1425,0.2026,0.0138,0.0209,0.4641,0.024,0.063
30.362007152927895,26.309482541703723,1.0019964136938428,0.1656,0.0671,0.1865,0.1178,0.0207,0.3206,0.0692,0.0525
24.043900839410732,19.27045208096096,1.0401365134144378,0.1492,0.0253,0.0501,0.1606,0.1197,0.0093,0.0745,0.4112
31.250699266682773,28.166246743196943,0.96749487125986,0.1735,0.1134,0.258,0.0352,0.1901,0.04,0.0589,0.1309
27.296303873665206,23.121371006906617,1.0075658518133002,0.2023,0.0657,0.0513,0.0213,0.05,0.0248,0.1869,0.3978
30.637575518281242,36.67111215792949,0.7263912641526289,0.0035,0.0259,0.0578,0.0248,0.122,0.0877,0.5729,0.1054
22.740441013952516,17.362407930511477,1.0793687770127427,0.0396,0.1554,0.0451,0.2874,0.0922,0.1753,0.143,0.0619
28.758067253095064,24.850037759378644,0.9962989792138699,0.1618,0.2047,0.1359,0.0804,0.0355,0.049,0.2301,0.1027
23.571885694418235,19.709255680614646,0.9930301788955164,0.03,0.2442,0.0006,0.0917,0.1734,0.0138,0.244,0.2023
28.32680750928362,23.594862466715124,1.0310213735554101,0.0712,0.1329,0.1422,0.1544,0.0304,0.3795,0.0541,0.0352
23.794064559671202,20.696388849335793,0.9564018488329885,0.3197,0.0933,0.0484,0.1148,0.1609,0.0072,0.0848,0.1709
21.543307350675814,18.376998182276747,0.954634003696808,0.2424,0.2607,0.0378,0.1784,0.16,0.1138,0.0056,0.0014
27.9065822002877,21.595007429941006,1.1070420919208273,0.1045,0.2651,0.1475,0.0939,0.0308,0.011,0.1407,0.2065
29.29986283401828,27.57996224730071,0.91732768185694,0.0888,0.0289,0.0303,0.0069,0.0417,0.1967,0.3614,0.2452
25.635067848763143,21.621567915306432,1.000624373473265,0.051,0.113,0.0048,0.0859,0.111,0.3783,0.1603,0.0958
25.991566537269573,20.83178645634878,1.055673577652642,0.2282,0.0578,0.0882,0.1288,0.0139,0.1246,0.0041,0.3544
30.452491192600707,36.181655222441165,0.7311022956239415,0.0214,0.0198,0.0423,0.0216,0.0945,0.1082,0.5687,0.1235
24.043084510928463,20.109717972097073,0.9966865044422271,0.0238,0.1891,0.0162,0.0847,0.0031,0.0575,0.0073,0.6183
31.028673139833174,26.602323730451243,1.0160267732135706,0.0151,0.0989,0.2613,0.2055,0.0023,0.1286,0.1036,0.1847
22.4393575558995,18.181168650444324,1.0142008971160865,0.0338,0.1582,0.0215,0.1776,0.2203,0.3225,0.012,0.0541
24.69706110808329,20.0863944764266,1.0304020033248558,0.0891,0.0606,0.0632,0.274,0.0115,0.1014,0.2117,0.1885
28.52981781726115,29.94320675400699,0.8192114498217055,0.1969,0.0916,0.1064,0.1383,0.0417,0.0414,0.3774,0.0063
35.73498701496239,35.991870580125294,0.8817265261141067,0.0193,0.2174,0.405,0.012,0.1674,0.0551,0.026,0.0978
24.889260215821267,21.189624258416906,0.9858249472037556,0.0474,0.0936,0.0558,0.2131,0.0963,0.4207,0.0699,0.0033
24.501932905233076,17.873236873034088,1.1470744247878784,0.0089,0.3664,0.1069,0.0501,0.2993,0.0392,0.0372,0.092
30.59424884472052,28.745284285877847,0.925169101833719,0.2089,0.1051,0.229,0.1468,0.0274,0.0096,0.1916,0.0817
31.223019886491006,26.14603799764415,1.0411910167400467,0.1741,0.0432,0.1819,0.018,0.0969,0.2173,0.1015,0.1672
29.12135204676031,25.137397713226655,0.9993616814815363,0.107,0.0841,0.0678,0.0062,0.0981,0.389,0.1832,0.0646
25.78787101287642,24.152727418534894,0.9020873972252228,0.2564,0.0032,0.1808,0.2374,0.2347,0.045,0.0408,0.0017
27.847613244139318,25.51333985921087,0.9347115421084241,0.1819,0.076,0.1813,0.0158,0.4124,0.0362,0.0534,0.0431
27.691541897819032,27.98813706026126,0.8464851321404055,0.2259,0.0303,0.0003,0.0397,0.0346,0.3023,0.312,0.0549
27.48371462219786,26.04092350833102,0.9018003764223239,0.3746,0.1604,0.0686,0.0218,0.0025,0.0133,0.2189,0.1398
30.927206636808723,30.020462773753586,0.8969617437193791,0.1051,0.1521,0.3037,0.2506,0.0075,0.0632,0.1132,0.0047
31.293937833620955,26.952771309101326,1.0126579386070191,0.156,0.0604,0.2301,0.0737,0.0896,0.0808,0.1025,0.2069
31.15607939796734,28.585514620684794,0.9499944205418259,0.066,0.0514,0.1417,0.0623,0.0434,0.1111,0.3312,0.1929
23.324188246219304,17.855679559638105,1.082243225841748,0.2039,0.1467,0.0581,0.1546,0.1249,0.0393,0.0251,0.2473
22.98955685261085,16.501957844168334,1.150745689204485,0.0263,0.3447,0.0077,0.0603,0.1625,0.1462,0.0658,0.1863
35.91435822974384,35.11428924690688,0.9088709728776608,0.2242,0.0252,0.3437,0.0143,0.0557,0.1506,0.0647,0.1217
35.19398575182666,33.90804234988958,0.9199583222747817,0.097,0.2219,0.3695,0.0412,0.0172,0.0476,0.0466,0.1591
25.07839180441065,29.413749380339148,0.7166169648028601,0.0387,0.0377,0.0134,0.2738,0.0152,0.0343,0.4729,0.1141
38.41209252780148,41.02907020095797,0.8387246496021742,0.0184,0.1541,0.3976,0.005,0.0679,0.0332,0.2751,0.0486
34.21558726905372,31.775057100200105,0.9509215726590603,0.0586,0.1521,0.2997,0.0622,0.0051,0.0058,0.1912,0.2254
37.27477093939029,39.753412824800485,0.8370292906935415,0.0327,0.3325,0.4428,0.0407,0.0171,0.0068,0.1136,0.0138
23.83010340639286,18.47120415583829,1.0735685253159337,0.0307,0.076,0.078,0.0975,0.3561,0.0357,0.0113,0.3146
25.34095290825164,22.685116655904768,0.940746888453701,0.3575,0.0548,0.0381,0.1003,0.0186,0.0867,0.1148,0.2292
26.650728787270182,19.151772283751647,1.182696225272428,0.0102,0.4086,0.1258,0.0106,0.1495,0.1166,0.0209,0.1578
26.8444769021814,21.62147404869161,1.0565642680390606,0.1056,0.3216,0.1785,0.1633,0.0639,0.0032,0.0936,0.0704
22.49211418824479,19.056557680982188,0.9703806163638518,0.0241,0.0707,0.1261,0.4983,0.0154,0.1185,0.116,0.031
33.436236807124956,29.3809927728889,1.0018802643825921,0.039,0.0801,0.2163,0.0356,0.0026,0.108,0.2572,0.2613
40.632078077672396,47.27824639560272,0.7748188833221931,0.2298,0.074,0.5361,0.0192,0.0436,0.0007,0.0322,0.0643
26.575004290793817,22.42269456700179,1.0067926592558671,0.2467,0.2552,0.1464,0.0526,0.184,0.0511,0.0301,0.0339
25.557275909324524,21.332534942751046,1.0105351270806118,0.1499,0.0672,0.092,0.1154,0.2688,0.2337,0.0689,0.004
24.246457318004712,18.145884078839746,1.1157603140215406,0.0186,0.1286,0.1296,0.3194,0.0816,0.0554,0.0962,0.1707
24.9941770189252,24.22242082556851,0.8667249722936171,0.4151,0.2542,0.0369,0.0246,0.0579,0.0964,0.1062,0.0086
25.91691516733802,22.512540708703476,0.9735425001970041,0.2387,0.1582,0.0588,0.0454,0.1388,0.2732,0.0547,0.032
29.489737264733062,26.65386903910491,0.9563240979137436,0.1117,0.0655,0.0784,0.0376,0.0315,0.5202,0.1158,0.0393
32.005238876408335,28.784711344109283,0.9729206085000238,0.0673,0.187,0.2469,0.0082,0.174,0.0104,0.176,0.1302
24.732504890900202,19.18354620309462,1.0807441268369717,0.0852,0.2022,0.0138,0.0252,0.133,0.264,0.0263,0.2503
23.224045369530856,20.499511269167794,0.9377806678954683,0.0456,0.2087,0.0047,0.1382,0.1127,0.408,0.0007,0.0815
24.6869259350954,21.19963042211606,0.975815404475835,0.0614,0.0884,0.0712,0.0368,0.4756,0.1538,0.0949,0.0177
30.036798862412684,27.194095342976365,0.957443096894099,0.1522,0.1586,0.2177,0.0346,0.2338,0.021,0.1357,0.0465
25.297891375097446,25.614382134073317,0.8314817536342642,0.5269,0.1112,0.087,0.066,0.0837,0.0324,0.0115,0.0814
26.825439411000573,23.770376628967345,0.9602472761489509,0.1793,0.1512,0.1487,0.0067,0.3947,0.0434,0.0633,0.0127
30.90137812643298,25.17025953262365,1.0687763505801597,0.0297,0.043,0.2049,0.0867,0.1219,0.3224,0.0415,0.15
26.521512030175543,20.99013785174585,1.0729568423631064,0.0398,0.181,0.0246,0.0309,0.1077,0.2047,0.2154,0.1958
28.43920902709609,20.872700803821694,1.1708695130924978,0.0075,0.1437,0.1118,0.0047,0.0826,0.2013,0.0073,0.4411
29.433875367637167,25.874563803534496,0.9829682757458843,0.3292,0.0639,0.1633,0.0207,0.0728,0.0124,0.078,0.2597
29.42105765002242,24.272715259627347,1.0473100095358967,0.0991,0.0137,0.1429,0.1375,0.0553,0.2486,0.1729,0.13
29.53575500939208,24.837239356371445,1.0281237235345742,0.1254,0.0255,0.1298,0.121,0.0012,0.3939,0.0987,0.1046
24.107480258336246,23.76910089519328,0.8459503936222716,0.4165,0.0215,0.122,0.3076,0.0252,0.0366,0.0661,0.0045
24.936889803976737,23.909547039188894,0.8756707004804469,0.0045,0.0368,0.018,0.2534,0.0266,0.1152,0.3521,0.1933
22.387543160668663,17.936971471097422,1.0251197193627288,0.2177,0.1089,0.069,0.2819,0.097,0.0426,0.0708,0.1121
28.472223517630844,24.734943919792254,0.9893785729608553,0.1822,0.1576,0.1338,0.1028,0.0205,0.3371,0.0588,0.0072
29.738654941528846,25.999061718652044,0.9899839932709427,0.2197,0.0499,0.164,0.0983,0.0306,0.0425,0.1868,0.2082
27.059883609166334,24.267133357137407,0.9502516539467568,0.1168,0.0984,0.0406,0.0365,0.1295,0.0511,0.2925,0.2347
24.321199230349126,19.326502935421498,1.0514679918167995,0.0988,0.0472,0.1236,0.2095,0.2634,0.0177,0.0481,0.1918
22.892578950133668,18.980022680519433,0.9953928542732714,0.1362,0.0222,0.0681,0.1605,0.3628,0.0365,0.0515,0.1622
26.752736133252874,21.150339196636896,1.075762233490363,0.0441,0.2033,0.087,0.01,0.2835,0.1881,0.1377,0.0463
25.233564450324142,21.81585079045039,0.9733090244465215,0.0347,0.1027,0.0057,0.0582,0.2444,0.2048,0.2436,0.1059
25.915636574213806,20.850490487853772,1.0510849414780206,0.2225,0.0659,0.1146,0.1066,0.144,0.0167,0.0193,0.3104
26.91420762311655,22.77045077616574,1.0063133070295331,0.0128,0.0882,0.0775,0.207,0.0066,0.4422,0.1353,0.0305
28.481032718168986,24.465269649116212,1.0006443039164843,0.0539,0.0884,0.2266,0.2441,0.0936,0.2402,0.0127,0.0406
29.40469820520323,25.618633749090197,0.9916492211886762,0.0852,0.0656,0.101,0.0825,0.022,0.4851,0.1091,0.0494
25.142116896697758,21.58370999066963,0.9795404453561151,0.1534,0.0406,0.1688,0.3576,0.044,0.1891,0.0064,0.04
24.753705912370815,20.173316313021665,1.0287701630383157,0.1851,0.2669,0.0847,0.1581,0.0236,0.2112,0.0199,0.0505
36.189882497074024,35.989536685146135,0.8944233647319964,0.0736,0.0918,0.3611,0.0242,0.1354,0.1575,0.1321,0.0244
24.474598902601823,19.994509701248525,1.0240110514599574,0.1061,0.034,0.0604,0.0241,0.4026,0.0739,0.0281,0.2708
31.959095877748634,31.25011747104274,0.8946877048912325,0.3353,0.0151,0.2601,0.0219,0.1759,0.1221,0.0342,0.0356
28.486740121298926,34.26934734096123,0.7145376851700523,0.065,0.0567,0.0104,0.084,0.0218,0.074,0.5522,0.1359
25.14804259048764,18.67815102530097,1.1322342646143622,0.132,0.113,0.0778,0.1615,0.0977,0.1358,0.0882,0.194
24.47235350756283,22.65888677044057,0.9035021762088435,0.0123,0.4745,0.0091,0.0416,0.0169,0.3856,0.0563,0.0037
26.399680611687675,19.102970689582012,1.1725757724113328,0.0351,0.1793,0.0714,0.0373,0.0774,0.1028,0.0431,0.4536
24.87635744089756,22.341055326445566,0.9344391809542582,0.012,0.1244,0.039,0.0279,0.3811,0.0014,0.2359,0.1782
24.233716996871156,18.063240524985716,1.1201598610660783,0.0059,0.0306,0.0753,0.3269,0.0082,0.1462,0.1419,0.265
32.555633251808445,35.2298104303049,0.8105531339233297,0.0849,0.0173,0.3809,0.3366,0.0074,0.0148,0.1206,0.0376
44.37412202544668,56.66037596896922,0.7125636096653875,0.0428,0.0519,0.6855,0.1003,0.036,0.0038,0.0271,0.0525
21.284141930166317,17.17904714866447,1.0061176141256483,0.1016,0.0254,0.0354,0.3242,0.2009,0.1401,0.1029,0.0695
22.195029788665497,16.989635946584016,1.0709487740568,0.0179,0.0643,0.0486,0.3036,0.1416,0.0272,0.1375,0.2593
27.71958207412586,27.225870068749476,0.8712148414074663,0.4395,0.0019,0.1176,0.0204,0.1882,0.0321,0.1119,0.0884
29.387820776204098,23.213888254652172,1.0936479273831372,0.0709,0.1349,0.1342,0.0819,0.0338,0.2922,0.1259,0.1261
21.169804319059367,17.884547639150057,0.960035705989785,0.1445,0.1146,0.0967,0.4092,0.1255,0.0247,0.0824,0.0024
36.63101092589066,35.39032809017697,0.9220318851733905,0.1015,0.1601,0.3719,0.0086,0.0207,0.1546,0.0674,0.1152
29.276763555441814,22.63038526393389,1.1169391621328457,0.0819,0.0248,0.1422,0.0703,0.024,0.1468,0.0406,0.4694
32.2604940902207,33.03618057623544,0.8554407197589264,0.3174,0.0314,0.3249,0.156,0.0509,0.0438,0.0246,0.0511
31.232315584284926,28.60558323774968,0.9519930203117654,0.1247,0.089,0.1542,0.0489,0.0336,0.0969,0.3035,0.1492
29.611698879820143,24.835946745904078,1.0312350538456523,0.0122,0.0025,0.1914,0.0365,0.2146,0.0105,0.0256,0.5067
26.35548946189749,26.35381252370084,0.8482829359809885,0.1155,0.0091,0.0337,0.1332,0.17,0.1748,0.3383,0.0254
36.314203235427286,39.70979460495632,0.8137590122763828,0.1527,0.0178,0.3705,0.1401,0.0042,0.0228,0.2675,0.0244
24.00099497498091,17.513066303573094,1.142061283174621,0.0308,0.0077,0.0901,0.2757,0.1131,0.1494,0.0279,0.3053
25.585420106266525,20.65107853709173,1.0452442020157258,0.1038,0.0444,0.0956,0.0341,0.3363,0.0157,0.0308,0.3393
22.502967976100305,19.41884172714991,0.9528358197714181,0.2977,0.4372,0.0549,0.1217,0.0196,0.0084,0.0133,0.0471
24.493794492902293,25.264248739199857,0.8111776726257545,0.4001,0.0157,0.0446,0.2097,0.0276,0.0306,0.2238,0.0479
34.904993205250506,36.07868763372212,0.856599705593619,0.1269,0.0873,0.4007,0.1062,0.1189,0.0558,0.0171,0.0872
24.17218441283505,19.824456877883488,1.0175403309706554,0.1635,0.0145,0.0585,0.2693,0.062,0.1671,0.1494,0.1156
31.916238432403144,30.452666909248837,0.9167091511425113,0.0147,0.0881,0.2112,0.0317,0.2289,0.0884,0.2837,0.0533
25.32538338526708,20.772749026378847,1.026603814362098,0.2477,0.0761,0.0579,0.1481,0.0103,0.0512,0.13,0.2788
24.30671200489977,18.31045651186297,1.109022704690266,0.0466,0.4778,0.0518,0.003,0.1802,0.1135,0.0795,0.0476
26.38714972536572,20.639459234436067,1.0846771454173425,0.1639,0.1136,0.103,0.1301,0.1117,0.1591,0.0973,0.1214
23.420736333237134,18.31447947089668,1.060403401805571,0.0391,0.2381,0.057,0.01,0.4405,0.0728,0.0377,0.1049
26.153968147469765,20.065854877873377,1.1040630106369875,0.1575,0.2019,0.1422,0.1823,0.0162,0.0013,0.0707,0.228
26.443983271611653,24.614275688629437,0.9118278983922996,0.0387,0.0328,0.0051,0.0099,0.2959,0.249,0.2832,0.0855
25.635663212455427,19.786408439685783,1.0934608611970518,0.121,0.0879,0.0782,0.1134,0.197,0.1565,0.1116,0.1343
27.209576253671276,22.70798076446208,1.0220889516514913,0.1616,0.3061,0.1144,0.0778,0.0495,0.0453,0.1924,0.0529
24.77972035407678,21.048751139481357,0.9872186818295383,0.1934,0.1283,0.0225,0.0473,0.1767,0.0133,0.1851,0.2335
29.093330237259085,28.005215104998616,0.8960234778835964,0.0276,0.0855,0.1389,0.1916,0.0082,0.0318,0.3583,0.1581
27.132887130528555,35.27761113062097,0.6557384808420094,0.0304,0.0668,0.016,0.1786,0.0498,0.0495,0.5827,0.0263
26.48273493294383,22.886622788182244,0.9823526669279066,0.0137,0.0785,0.1602,0.0437,0.4802,0.0195,0.0427,0.1614
42.00733821945904,47.1284817043537,0.8064621826327144,0.0895,0.0016,0.532,0.0333,0.0346,0.2112,0.0597,0.038
23.873567793724295,18.981798828306626,1.046980213702814,0.0257,0.0698,0.0228,0.0886,0.3137,0.3187,0.0346,0.126
21.352822333974334,17.464278219367806,0.9936180651731791,0.0602,0.6066,0.0222,0.0779,0.116,0.0811,0.0133,0.0228
29.479244403203907,27.514298022206496,0.9260365059155746,0.0106,0.1775,0.0536,0.0146,0.0518,0.3208,0.3423,0.0288
22.89813161970136,22.651828195200423,0.8342872573837367,0.0974,0.0086,0.1842,0.569,0.0131,0.0019,0.114,0.0118
29.05819236634919,26.204868117250555,0.9562418804868354,0.072,0.1067,0.0775,0.0542,0.0266,0.0773,0.3354,0.2503
43.32367508064385,53.94194051374919,0.7290000082703865,0.1612,0.0241,0.6375,0.0517,0.062,0.0073,0.0111,0.0452
27.26707918410633,19.73476336939556,1.1789895195900166,0.0278,0.3815,0.1059,0.0033,0.083,0.0278,0.1377,0.2331
25.90979054794485,22.571602167525562,0.970679457547197,0.197,0.0367,0.0686,0.2164,0.0097,0.1613,0.2113,0.0989
29.933526778204143,24.3056294115143,1.066976145284214,0.1005,0.0247,0.209,0.1099,0.0841,0.1043,0.023,0.3444
24.72655012169992,25.086035381699485,0.8262186434138631,0.0132,0.0044,0.0267,0.2275,0.1882,0.1313,0.3538,0.0549
28.481918845464953,26.029855808390266,0.9405322498011547,0.1691,0.0151,0.0346,0.0059,0.1058,0.252,0.2737,0.1438
25.52259144251865,21.443441797634197,1.0036910886615777,0.1278,0.0804,0.063,0.0237,0.333,0.0348,0.1532,0.184
27.291035683801436,23.83864043574335,0.9770286919919794,0.1261,0.0087,0.0516,0.1239,0.0447,0.4428,0.1232,0.0791
25.120254979990005,20.042188701373565,1.053789847739661,0.1323,0.0907,0.0866,0.2186,0.0385,0.296,0.0173,0.12
26.351702745329934,19.353444318163092,1.1549211798105103,0.0165,0.2612,0.1552,0.0914,0.2142,0.0668,0.0099,0.1848
33.951141717983226,32.06266290936891,0.934143923187095,0.0516,0.0752,0.3249,0.08,0.133,0.2999,0.0025,0.033
27.63184382537377,26.54709838512365,0.8901855668948166,0.0199,0.1446,0.0046,0.0704,0.0035,0.2542,0.3764,0.1264
27.16026692522432,23.405513432308265,0.9895218488672239,0.0356,0.0639,0.2072,0.2467,0.2166,0.094,0.0838,0.0521
26.756183228164264,22.89645139036335,0.9938738034201177,0.2245,0.0918,0.1623,0.2211,0.0639,0.0851,0.0907,0.0605
26.970320671603897,21.26915839762087,1.0799825852147171,0.1178,0.0655,0.0364,0.0258,0.0908,0.3031,0.0876,0.273
27.188269271072883,20.30625267568085,1.141927545245391,0.0403,0.4623,0.1538,0.0698,0.017,0.0602,0.0574,0.139
21.112545612783467,17.726249691539415,0.9653787975778733,0.26,0.3728,0.0308,0.1565,0.1001,0.0213,0.0077,0.0507
33.53080907822985,35.22053634048256,0.8384542697689438,0.0673,0.0885,0.3861,0.2567,0.0091,0.0138,0.1123,0.0662
29.164604784086634,28.36041924168701,0.8873142730942835,0.4383,0.0125,0.1104,0.0022,0.0608,0.0681,0.1693,0.1384
23.096585899930595,18.91556580577962,1.0095699011073547,0.0113,0.1332,0.0304,0.0456,0.4697,0.1552,0.0784,0.0762
31.595314480922504,25.47405166009067,1.0832715128765773,0.0412,0.0222,0.2001,0.0411,0.1326,0.2322,0.102,0.2286
16.156582501462974,15.063378629374661,0.8070289408882528,0.0286,0.1172,0.0091,0.474,0.2956,0.0582,0.01,0.0072
24.786740406267484,19.720958055402612,1.0540431325836574,0.1534,0.1129,0.0759,0.175,0.1064,0.2606,0.0264,0.0895
35.94772121821811,36.642019230717246,0.8718875730362625,0.0491,0.0869,0.4183,0.0767,0.1158,0.0455,0.0057,0.2021
29.632435984637755,24.344311271072844,1.0529127605715234,0.0403,0.3024,0.1346,0.0277,0.0166,0.321,0.1276,0.03
22.61777233572068,16.380750759016106,1.1365640445675727,0.0219,0.2022,0.0363,0.0854,0.2862,0.0678,0.001,0.2992
33.8953106858036,30.74152913414888,0.9724731178903764,0.1769,0.1109,0.2999,0.0155,0.0455,0.143,0.0176,0.1907
22.418447414778313,19.98871442917929,0.9214423208673832,0.0103,0.07,0.1042,0.1811,0.5104,0.0003,0.0416,0.0821
28.05657456200829,23.30950711341996,1.0320499032842363,0.1045,0.1131,0.1283,0.1113,0.0614,0.3849,0.0034,0.093
22.6033926389007,17.980250622982172,1.0346570261441201,0.1603,0.0463,0.048,0.3281,0.0151,0.0847,0.1245,0.193
28.267342829449397,20.852980210961217,1.163734995379387,0.0265,0.2048,0.1676,0.116,0.0259,0.1525,0.0134,0.2933
25.92225375554067,24.310344163100215,0.9017664911883748,0.1021,0.1098,0.013,0.1068,0.0944,0.1515,0.3201,0.1023
24.949338011276804,20.25324186782438,1.0343696158864468,0.0045,0.0614,0.0068,0.139,0.0898,0.4197,0.0809,0.198
22.227586368041653,17.4766233476574,1.0429695717213536,0.1288,0.0532,0.0469,0.2506,0.188,0.0212,0.104,0.2073
31.46857311899317,27.42832172393633,1.0014675121380727,0.111,0.0648,0.1789,0.0179,0.0953,0.4382,0.0328,0.0611
27.060221708553073,25.790648338905697,0.8941311364308077,0.1903,0.0126,0.2159,0.301,0.1308,0.0041,0.1177,0.0276
20.40598940371613,17.622329270230175,0.9309773499370009,0.0628,0.0984,0.0219,0.3779,0.1454,0.0576,0.186,0.0499
24.828895604188236,18.36708537633082,1.134033798908012,0.0977,0.1628,0.0597,0.0467,0.2055,0.0276,0.0593,0.3408
26.7591263397195,26.12641778558748,0.8711154558767896,0.3763,0.0457,0.0568,0.0428,0.0463,0.3407,0.0048,0.0865
30.645431900600023,26.12935233016887,1.0197509514935543,0.1309,0.2414,0.2329,0.0688,0.0335,0.1963,0.0087,0.0875
25.859609134779415,19.921314220862364,1.0972975423422213,0.0774,0.202,0.1376,0.1975,0.1102,0.1652,0.065,0.0451
29.54225164130426,27.97754343189844,0.9129554817233314,0.0676,0.0531,0.2503,0.0337,0.4613,0.1062,0.0023,0.0255
34.00564113987939,30.03549224215314,0.9990061390693021,0.0072,0.2698,0.3021,0.0343,0.0084,0.1584,0.0931,0.1267
20.995126546716662,16.28134928087867,1.043840178938749,0.078,0.0985,0.0161,0.2148,0.2113,0.0123,0.0337,0.3353
21.655616225847755,16.823770348344333,1.0494446762098892,0.0985,0.1295,0.0941,0.3129,0.2222,0.0696,0.0217,0.0515
29.080277439460094,24.406601310769958,1.0276022097510507,0.0632,0.0349,0.1245,0.018,0.1938,0.0187,0.2006,0.3463
28.252895771050774,23.480395764761663,1.0328997864443343,0.0029,0.1476,0.1111,0.071,0.1451,0.0576,0.257,0.2077
24.27905193482349,23.782615201633327,0.8526838517502808,0.3935,0.0341,0.0399,0.1365,0.1196,0.0113,0.1663,0.0987
24.944000322356523,23.82311651550038,0.8791461146038312,0.0152,0.1064,0.0625,0.0148,0.5133,0.0368,0.2137,0.0373
26.995421825430977,25.240545530090724,0.9110509041104834,0.0255,0.1346,0.0242,0.0391,0.0438,0.5826,0.0102,0.1399
20.28517559536321,14.357848437204895,1.1342350956403824,0.0648,0.2735,0.0269,0.2443,0.1555,0.0515,0.0093,0.1742
26.524147135742677,21.929473641030622,1.0271175452929888,0.2624,0.0555,0.082,0.0966,0.0583,0.0541,0.1173,0.2737
24.139383929352768,19.70917381140573,1.0218279123246694,0.2044,0.0608,0.0999,0.2068,0.1899,0.029,0.0777,0.1314
24.82629557741138,25.159620611277894,0.8277666781698574,0.4511,0.0481,0.0405,0.0374,0.2021,0.0175,0.1278,0.0756
25.349562330635873,20.030231823217463,1.0658669614541927,0.1398,0.1055,0.027,0.1175,0.0407,0.1404,0.1709,0.2582
25.87978527856134,21.87458747998343,1.0002376181302923,0.0379,0.1517,0.1011,0.2215,0.0342,0.4134,0.0237,0.0166
23.63160893115491,19.99636160142068,0.9817590480940366,0.1312,0.295,0.0534,0.121,0.2002,0.009,0.1898,0.0004
28.3323785106983,26.547946697826436,0.9165446498613947,0.052,0.0919,0.0656,0.1047,0.0671,0.2132,0.3447,0.0609
37.55954190788369,37.79892437669372,0.8878438331588089,0.0646,0.1269,0.4007,0.0374,0.0208,0.308,0.0248,0.0168
32.701508266080225,30.280654287179733,0.9478496730578214,0.2619,0.0199,0.254,0.0565,0.0567,0.164,0.0849,0.1022
28.35495850189244,23.072782029361548,1.0555709524278105,0.0578,0.0037,0.0808,0.1393,0.0097,0.4031,0.1464,0.1592
22.32942401586378,16.926422944009335,1.0828882201806846,0.0034,0.0429,0.012,0.3207,0.0196,0.2511,0.0947,0.2557
19.031173017208573,16.822899539999668,0.8934947855730266,0.0953,0.0359,0.0061,0.3919,0.233,0.0987,0.1173,0.0218
26.331721549073844,22.60667396363019,0.98783755562633,0.0248,0.1253,0.1903,0.2124,0.2797,0.0576,0.0875,0.0224
24.881395917735492,20.288795990696656,1.0292082352895937,0.1506,0.2072,0.0573,0.1382,0.097,0.2191,0.1179,0.0127
29.33037555666264,21.923557508088432,1.1553953115190045,0.0219,0.1098,0.1372,0.0131,0.0652,0.1418,0.0353,0.4756
21.08380740800562,19.774404511150273,0.8639353664669144,0.1022,0.1176,0.0027,0.0492,0.5518,0.0597,0.063,0.0537
29.42161099986694,26.368660376776205,0.9640842817429071,0.0788,0.3692,0.1265,0.0198,0.005,0.0549,0.2982,0.0477
24.839764289113397,21.897411403810473,0.9516999020937684,0.0465,0.0223,0.1415,0.2713,0.2666,0.0035,0.1536,0.0948
22.601662763947157,16.452634301113335,1.130619110806371,0.0121,0.465,0.0251,0.0909,0.0466,0.1062,0.0043,0.2497
24.816935017391483,23.473499253968374,0.8868270892279608,0.0457,0.0619,0.0747,0.2939,0.0722,0.0217,0.3091,0.1207
21.140927951520343,16.694279142175645,1.0267546029116228,0.1038,0.2469,0.1061,0.3808,0.089,0.0347,0.0279,0.0109
21.303286988859718,16.656729994716994,1.0388165620951888,0.0913,0.443,0.0011,0.0609,0.2193,0.0845,0.039,0.061
24.161230951484974,20.17389011854404,0.9993724974715,0.2242,0.3383,0.018,0.0402,0.0747,0.0842,0.1367,0.0836
25.49894589553215,20.66418911220841,1.0403963000334024,0.0435,0.0044,0.0041,0.0197,0.2782,0.245,0.1464,0.2588
26.496191114538668,20.688473212786295,1.0873780236540187,0.0865,0.0375,0.048,0.07,0.1564,0.3135,0.0964,0.1916
39.88631621037556,45.14224410803644,0.7949608381118765,0.0369,0.0099,0.5252,0.0586,0.1324,0.0103,0.0387,0.1881
20.982731754397783,19.164102552512183,0.8861741220525639,0.0301,0.047,0.0357,0.1425,0.5602,0.0754,0.041,0.0681
25.642711693967414,19.768889549572414,1.094786413758659,0.0406,0.4116,0.1539,0.1684,0.0472,0.1133,0.02,0.045
27.486897712509055,30.923986904671015,0.7595041928103197,0.2723,0.0361,0.0102,0.0664,0.0327,0.0981,0.4183,0.0661
26.51201466302756,20.764266456560296,1.0841709583203252,0.0135,0.0072,0.1235,0.284,0.0383,0.3338,0.0812,0.1184
27.046743852461624,24.124110796262162,0.9553406567852663,0.0116,0.0615,0.0744,0.1584,0.0853,0.5402,0.0671,0.0014
31.914768188158853,31.598069677167757,0.883432705648143,0.078,0.1857,0.3572,0.1896,0.0773,0.0244,0.002,0.0858
22.446505536736552,19.520641035490847,0.9449743737000548,0.2548,0.469,0.0259,0.0643,0.0734,0.0607,0.0382,0.0137
28.660901270403098,23.176396039727354,1.0640524621744947,0.0197,0.1223,0.0589,0.008,0.0963,0.399,0.1596,0.1362
24.3756743705415,21.025376787448174,0.9690991308515081,0.033,0.0301,0.0165,0.1967,0.1058,0.4621,0.0635,0.0924
30.883660058795144,29.20918397369259,0.9203838108934526,0.3501,0.1531,0.2091,0.0053,0.0789,0.032,0.1217,0.0498
30.941821136727764,28.73803451059988,0.9374969999006164,0.2403,0.0379,0.2406,0.1349,0.0592,0.065,0.1265,0.0957
31.131232059642922,26.279307912185455,1.0324180587367158,0.089,0.103,0.1433,0.0196,0.0597,0.2535,0.2182,0.1138
22.823766436854022,19.363377347862844,0.9721323970857606,0.1614,0.0423,0.018,0.276,0.0092,0.0304,0.1861,0.2766
25.535800799199688,20.866630468090406,1.032068921339868,0.1195,0.0606,0.0727,0.0474,0.3026,0.0186,0.1288,0.2498
24.4241792996904,19.32178771313965,1.0570543265932415,0.2219,0.0958,0.1101,0.2103,0.0992,0.0396,0.0229,0.2003
26.130689190441807,22.79625141119573,0.970803874341066,0.0456,0.1261,0.0846,0.1605,0.1753,0.1288,0.2539,0.0252
27.8677698832253,30.130876425912017,0.7921365958907005,0.042,0.0552,0.0091,0.1082,0.0271,0.1914,0.4635,0.1035
29.399714089413422,26.29738882244736,0.9658644917525924,0.119,0.2697,0.2122,0.0731,0.1551,0.0104,0.1581,0.0025
29.681383414296796,26.25223215251447,0.9782552304542608,0.0346,0.1007,0.242,0.1085,0.2764,0.2258,0.007,0.005
30.6758424642264,27.364010923751852,0.9748513307700765,0.0653,0.094,0.2454,0.0947,0.2218,0.1038,0.1128,0.0623
21.55562978114318,19.55069330873288,0.897954333583733,0.2071,0.0286,0.0029,0.2079,0.2311,0.2626,0.0227,0.0371
25.733486826254907,19.336104545438747,1.1239847599697472,0.0386,0.214,0.0143,0.0012,0.1284,0.2501,0.1085,0.2449
27.940310397410272,23.712899983200668,1.0095901561753606,0.1542,0.3872,0.1609,0.0928,0.0062,0.043,0.1519,0.0037
24.2030527839904,20.0258904971222,1.0088466621194028,0.1673,0.1147,0.0793,0.2854,0.0055,0.0631,0.1774,0.1074
25.291681156942513,26.24919275975564,0.811136607202115,0.0028,0.0806,0.0037,0.2134,0.0183,0.0855,0.4129,0.1829
31.436889540769492,26.30456768459004,1.043046586804116,0.1842,0.1576,0.2255,0.0199,0.0143,0.1388,0.0069,0.2528
26.322657545336135,20.9215973064508,1.0669671736035824,0.0377,0.2383,0.1328,0.08,0.2639,0.0052,0.1391,0.103
31.47622696446577,29.256756731345213,0.9391412457905216,0.1523,0.2399,0.3017,0.1021,0.066,0.0639,0.0132,0.061
26.066591764234325,19.962122170243717,1.1054231396864012,0.1448,0.0674,0.0611,0.0562,0.1718,0.1724,0.0786,0.2477
27.516222006964803,29.71978381886715,0.7912649079242591,0.2099,0.1819,0.0161,0.0127,0.0319,0.0089,0.4199,0.1186
26.262974746007934,27.250221327823347,0.816983263298369,0.1616,0.0495,0.0317,0.1815,0.0422,0.1604,0.3659,0.0072
28.5943367469258,22.399023158247847,1.0980093450133155,0.043,0.1408,0.1372,0.0039,0.2565,0.1228,0.1315,0.1643
29.179693552413365,22.838057814799168,1.102532174872454,0.0436,0.029,0.1874,0.1571,0.0866,0.1504,0.0757,0.2701
30.39930338404532,32.68229236734067,0.8077555603298525,0.0244,0.085,0.0833,0.0217,0.1145,0.0772,0.4774,0.1166
33.250276269389865,34.57467742803083,0.8460028681475334,0.3811,0.042,0.3156,0.0298,0.135,0.0305,0.0394,0.0266
28.71664831720855,23.47539133931191,1.052874815160931,0.1093,0.2769,0.2068,0.0123,0.2169,0.0317,0.0092,0.1369
27.034716763461503,21.48271264587001,1.072244327016582,0.0633,0.0623,0.174,0.2731,0.0332,0.2353,0.022,0.1369
29.112027660615997,29.1873470218323,0.8603737654481601,0.0242,0.0285,0.1366,0.1377,0.1909,0.0854,0.3566,0.0401
22.120056854240573,19.44147094213947,0.932031167197605,0.0468,0.0515,0.0912,0.2586,0.4065,0.0451,0.0939,0.0064
25.73273128892652,21.832183206560238,0.9954447103758347,0.1637,0.1162,0.0519,0.1356,0.0307,0.008,0.2314,0.2624
27.10241187674286,20.912220346829763,1.1047326153602395,0.0448,0.0723,0.0983,0.1544,0.0773,0.3429,0.078,0.132
35.04389701817502,36.1595288697834,0.8585260369395121,0.1497,0.0472,0.3892,0.1637,0.0004,0.0116,0.0928,0.1455
28.871818345424938,22.627502369697577,1.0991853161280811,0.1059,0.315,0.186,0.0533,0.0523,0.1054,0.0382,0.1439
26.390739824287586,22.33443941604718,1.0025207889569843,0.281,0.1162,0.1205,0.1552,0.0416,0.1478,0.0525,0.0852
25.31028186815693,19.923367700558337,1.069612436433612,0.1716,0.1805,0.0321,0.0169,0.0589,0.0364,0.0656,0.4379
29.12410819702548,23.346883861184587,1.0761225500759706,0.0451,0.2088,0.1213,0.0375,0.0499,0.0544,0.232,0.251
29.930602515719045,25.903295272271755,1.0010541995973974,0.1566,0.2622,0.2197,0.016,0.1649,0.0088,0.0931,0.0787
29.325079856729637,27.350774861815708,0.9259364674192784,0.3262,0.0301,0.1639,0.0213,0.1863,0.2363,0.0288,0.0071
25.871111672606652,18.015602137623638,1.214009473873271,0.0015,0.2234,0.1035,0.1088,0.159,0.1069,0.0887,0.2081
31.160960979610053,28.598938142992125,0.9497192113849713,0.0255,0.1271,0.1539,0.061,0.0012,0.0052,0.3386,0.2875
22.611400683959456,18.098461112386893,1.028341612493313,0.1785,0.1118,0.0019,0.1061,0.1687,0.0753,0.0454,0.3122
25.189959992727985,19.509307053314483,1.0861462139490992,0.0803,0.2909,0.14,0.1868,0.1303,0.0245,0.0976,0.0497
27.892887560065866,27.47448246798585,0.8696392220638415,0.0227,0.0932,0.1198,0.148,0.1779,0.0277,0.3461,0.0646
30.84964375480076,27.14107638615691,0.9892623038522971,0.2107,0.1553,0.2274,0.0329,0.1175,0.1401,0.0471,0.069
22.657405865551922,25.233767528744817,0.7393824899234134,0.5744,0.0121,0.0149,0.1148,0.0935,0.0075,0.0122,0.1706
26.69541935249197,22.8723685146242,0.9922636275286012,0.1395,0.1184,0.0846,0.1773,0.0063,0.088,0.2487,0.1372
32.61063745185978,28.133450149373108,1.0169615635463505,0.0703,0.1214,0.2789,0.0422,0.0988,0.0817,0.0458,0.2609
25.287523110290728,19.200899996689817,1.108673193129522,0.1044,0.21,0.0888,0.1865,0.0225,0.2233,0.0651,0.0995
26.485959750474642,23.751483838429348,0.9467181041587338,0.2567,0.0277,0.037,0.0579,0.1053,0.0959,0.2141,0.2054
27.0223915898652,23.203263543845623,0.992204891624894,0.1668,0.054,0.1943,0.284,0.0326,0.1902,0.004,0.0742
33.565592637679266,36.32052676522795,0.8140188282176668,0.0519,0.0639,0.1687,0.0021,0.0598,0.0292,0.4821,0.1423
29.17739620374768,23.88745932747721,1.054000589120279,0.1905,0.3048,0.17,0.002,0.0717,0.0722,0.0858,0.1028
25.731599730655176,21.732238061151897,0.9999706274846187,0.2501,0.2112,0.0849,0.0203,0.1951,0.1765,0.0134,0.0486
24.295766868454848,24.100888035563962,0.8421169725574358,0.4295,0.0416,0.0543,0.0983,0.1985,0.0628,0.0913,0.0236
25.117084105931937,20.847433696787125,1.0129344653671386,0.0946,0.4525,0.0423,0.0141,0.1064,0.046,0.2109,0.0333
22.883084057816692,19.29990448909012,0.9784029795842226,0.0654,0.1528,0.0268,0.0576,0.4389,0.1595,0.0869,0.012
22.717100641602322,19.083143269610147,0.9808185358755469,0.2384,0.0208,0.0644,0.3114,0.0533,0.0239,0.1058,0.1822
29.518060675486247,28.289282761724067,0.9020398604807566,0.12,0.1308,0.0857,0.0384,0.0731,0.2096,0.3372,0.0052
26.51659274938699,26.35903960019801,0.8542265989546086,0.1097,0.0296,0.0955,0.2722,0.0407,0.0977,0.3341,0.0204
31.61109565667862,31.25092572616127,0.8835288880279276,0.2335,0.0168,0.2711,0.1339,0.1329,0.0715,0.1386,0.0018
22.59721410851692,21.96110981874907,0.8468248764295027,0.3426,0.0637,0.0345,0.0601,0.3755,0.0706,0.0159,0.0371
31.773981722972827,29.436216174336188,0.9435309741741682,0.2702,0.1244,0.2376,0.0684,0.0087,0.0554,0.1403,0.095
23.38614083347107,17.686607594389596,1.096091533099914,0.0824,0.1577,0.0949,0.2691,0.1336,0.1752,0.0409,0.046
28.44984986930089,25.296898633697158,0.9665157070571513,0.0276,0.0479,0.1692,0.0131,0.4285,0.0285,0.1362,0.1491
24.723656033283188,20.225397937240558,1.024635267874023,0.0184,0.1036,0.1335,0.2562,0.2493,0.1215,0.1154,0.0022
26.813202928620072,25.308287314557543,0.9014123573465883,0.1717,0.0135,0.0213,0.1337,0.0204,0.2568,0.2895,0.0931
30.91154871866265,27.957461753675418,0.9625891275743134,0.1449,0.0794,0.247,0.0333,0.2587,0.2018,0.0036,0.0312
22.84142260739297,22.4995091514068,0.8374148289459413,0.3441,0.0064,0.0268,0.1628,0.2444,0.0765,0.13,0.009
24.786660235687762,21.804802132269987,0.9533065289743938,0.0262,0.1794,0.0469,0.1939,0.035,0.4588,0.033,0.0269
23.512734271185636,18.462410412663868,1.0568898553897015,0.2241,0.238,0.0397,0.0729,0.0908,0.0171,0.0052,0.3122
24.383990747126404,18.63554538269416,1.093823138981268,0.0876,0.0586,0.035,0.071,0.2113,0.1438,0.0183,0.3743
22.601107814822605,17.739062866253754,1.0485958562224151,0.0288,0.0873,0.0532,0.2045,0.3063,0.2576,0.0209,0.0415
34.33162889240728,32.85533869411866,0.9231872230809438,0.0057,0.234,0.3624,0.0983,0.0437,0.1356,0.0444,0.0759
27.070857652907577,24.032739181199442,0.9599762007551625,0.0959,0.0001,0.0222,0.0129,0.2426,0.3877,0.1761,0.0625
22.05677821664997,17.47447663077859,1.0333229771726467,0.1229,0.2187,0.0634,0.1566,0.3235,0.0303,0.0569,0.0278
26.69661512599416,20.594962051702566,1.1020469505607975,0.0301,0.1076,0.1622,0.1682,0.2089,0.0756,0.0713,0.1762
28.67284132090779,26.6895132213401,0.924439539840695,0.0695,0.0841,0.1522,0.2034,0.0378,0.0491,0.301,0.1029
25.171115033831576,20.455651014868312,1.0349763504687886,0.2145,0.4122,0.0736,0.0435,0.0531,0.0673,0.0944,0.0414
26.567545892295445,20.324040907168396,1.1103867579963271,0.1643,0.2002,0.0989,0.031,0.1567,0.1508,0.0388,0.1593
22.8730458030102,17.53992085677406,1.076005185948218,0.0525,0.0905,0.0491,0.3407,0.0057,0.1183,0.1615,0.1817
32.33285568837992,29.665337792517022,0.9550828608979057,0.0468,0.0807,0.1889,0.0612,0.0075,0.5618,0.0511,0.0019
26.697889590656843,21.764286878556433,1.0428960855602512,0.1195,0.2116,0.0747,0.0226,0.1928,0.2382,0.1234,0.0172
23.564849897131616,17.741991412663005,1.102742608880285,0.0848,0.0022,0.0418,0.2163,0.1092,0.1493,0.0469,0.3494
26.826999618298235,20.883282495921772,1.0930752683519003,0.154,0.0829,0.0928,0.0117,0.1678,0.07,0.0207,0.4002
24.75000793305301,23.323566856516287,0.8896584326361616,0.0283,0.0022,0.0094,0.1258,0.3051,0.2481,0.2647,0.0163
22.78227803865728,17.015229863099428,1.1038509729092767,0.1425,0.3167,0.075,0.147,0.1851,0.0375,0.0327,0.0636
22.745569361486947,21.86274391940998,0.8574207076013194,0.0812,0.1923,0.0006,0.2182,0.1179,0.0546,0.3019,0.0334
21.821281299238223,16.81926577615189,1.0595754616415596,0.1819,0.3071,0.0504,0.2531,0.017,0.0337,0.0757,0.0811
26.31602488473858,23.75919274662292,0.9392585481638694,0.0972,0.146,0.0136,0.0753,0.0231,0.0526,0.3136,0.2786
19.7862210518021,16.154138121370114,0.9772245930545005,0.0448,0.0116,0.0266,0.3468,0.2031,0.0244,0.0195,0.3233
31.63216362342326,31.957119528205112,0.8646637754393139,0.4397,0.0598,0.253,0.0632,0.0258,0.1063,0.0347,0.0175
35.27037874753852,36.389977982229155,0.8593129339844405,0.075,0.0151,0.3473,0.0249,0.2403,0.0053,0.184,0.1081
24.30129827538602,20.110372985820515,1.0094938711330776,0.0647,0.0639,0.0606,0.1482,0.3118,0.1389,0.1591,0.0528
24.358550455875648,22.956183284143123,0.8868438713824968,0.1729,0.047,0.0864,0.2983,0.0804,0.0014,0.249,0.0646
30.350866627105262,25.245053087419535,1.0438031774326826,0.0032,0.1876,0.2508,0.0981,0.1511,0.0861,0.0502,0.1729
24.647463488323172,18.343715466681843,1.1255878628201403,0.0009,0.1133,0.0464,0.1488,0.1962,0.1807,0.1563,0.1574
25.994012966354095,19.551621209206967,1.124920165494869,0.1155,0.0904,0.1107,0.1324,0.0843,0.0806,0.0021,0.3839
27.970765610472544,23.49867274305198,1.0200901928624948,0.1726,0.0896,0.0828,0.0455,0.1134,0.1601,0.2009,0.1351
29.03828749424129,26.875530593678835,0.9316388157237101,0.203,0.026,0.0652,0.0106,0.0465,0.0512,0.2975,0.3
24.623819937888616,22.144921245946453,0.9313115051905516,0.1414,0.0046,0.0228,0.0085,0.4256,0.2807,0.0729,0.0435
19.970801837986517,15.853029283737346,1.007429025212865,0.1054,0.0945,0.0008,0.2662,0.2429,0.0621,0.074,0.1541
25.583056685114077,21.998251198441814,0.9811260218104451,0.2593,0.0711,0.0324,0.0443,0.1461,0.2252,0.0873,0.1343
25.984661975284023,20.71126579315355,1.06148326204917,0.0489,0.3014,0.0549,0.0242,0.1757,0.1118,0.2062,0.077
33.243202781024614,31.262747638347133,0.9354009161099671,0.0538,0.0189,0.2928,0.0023,0.2837,0.0273,0.1102,0.211
28.645881268384336,25.043505603599307,0.9841226567275061,0.1878,0.01,0.1935,0.1973,0.0498,0.0001,0.1291,0.2323
23.379640153680707,17.036257318215757,1.1375526790710846,0.1173,0.1631,0.0558,0.1344,0.1789,0.109,0.0038,0.2378
24.974044482717193,18.521902119240142,1.132391497789518,0.0078,0.1331,0.067,0.0358,0.2677,0.0585,0.0229,0.4071
21.031959757561488,16.01506162333167,1.0634963609973465,0.0629,0.2044,0.0095,0.3044,0.0163,0.196,0.0542,0.1524
44.40313765526288,52.2836460623452,0.772768173189079,0.0385,0.0033,0.622,0.0037,0.0402,0.0669,0.021,0.2044
28.422096601056612,24.166361692178153,1.0105822677048333,0.0481,0.0106,0.1175,0.0426,0.2865,0.4208,0.0527,0.0212
28.89215577659551,26.134363249681613,0.9524684239972351,0.0637,0.1073,0.0449,0.0563,0.0039,0.4244,0.2517,0.0478
22.60547561292448,21.1585133673284,0.8793375645027048,0.0461,0.0217,0.0577,0.0922,0.5864,0.0782,0.0732,0.0444
36.622518443326896,37.21876081400256,0.8765073777269218,0.0993,0.0726,0.3614,0.0837,0.0048,0.1157,0.2073,0.0551
28.892261872901294,26.191233775730964,0.9504043255864749,0.0679,0.2744,0.2772,0.1959,0.101,0.0064,0.026,0.0514
21.323194767641755,17.857182462383395,0.9700967554166792,0.143,0.0914,0.0581,0.2111,0.366,0.0702,0.025,0.0351
31.83390857443441,30.301941830145,0.9185519769807182,0.0607,0.0689,0.1752,0.1021,0.0093,0.1189,0.3463,0.1185
27.192142869592374,21.717193017148347,1.067916228919611,0.0071,0.1554,0.1581,0.2559,0.0283,0.2252,0.1257,0.0444
27.62051340957538,24.833899699779717,0.9511399214431433,0.2537,0.0537,0.1594,0.0188,0.3378,0.1148,0.0117,0.0501
29.52286941529095,24.87900635167373,1.0258797740760215,0.03,0.0662,0.1416,0.0053,0.3016,0.2933,0.1395,0.0227
28.817470899150138,22.713902681455476,1.0926114832486316,0.0844,0.1901,0.1625,0.0759,0.1133,0.198,0.0863,0.0896
28.879588979247185,23.251546737760325,1.0700186641279623,0.1242,0.061,0.1283,0.0752,0.0389,0.034,0.1623,0.3761
24.90301950988899,17.786989080292322,1.1751859415627106,0.0295,0.4146,0.0454,0.0211,0.0125,0.0026,0.0738,0.4004
24.661146177295933,23.50980559342655,0.8788310092650399,0.0775,0.225,0.0024,0.1003,0.0347,0.4857,0.0329,0.0414
26.21887197749927,23.319754732924526,0.9527918381632484,0.1872,0.0071,0.1826,0.2247,0.2404,0.085,0.035,0.0379
27.410594021892326,22.197533875796,1.0546484196345358,0.0111,0.2821,0.1958,0.1355,0.1918,0.047,0.084,0.0528
27.520672171512473,21.032141245324752,1.118320379135952,0.0504,0.4083,0.1834,0.0818,0.0581,0.0516,0.0128,0.1537
30.680373100014833,25.04531133284017,1.0652841462198446,0.1112,0.0157,0.2058,0.1158,0.0266,0.1202,0.0842,0.3204
32.09458385676772,28.264781540773303,0.9939784539370995,0.0278,0.2924,0.3035,0.0329,0.1057,0.0306,0.0033,0.2038
33.48808688798501,29.57530833464887,0.9970508694050817,0.0223,0.0006,0.2043,0.0382,0.0318,0.1327,0.2705,0.2997
28.19171122108788,25.38700817889229,0.9529169822067404,0.2449,0.0496,0.207,0.1955,0.1041,0.1115,0.0474,0.0399
24.067839596488444,22.283344778969344,0.9005757347266888,0.1694,0.0286,0.0295,0.0343,0.4164,0.0424,0.1613,0.1181
26.351335287915408,26.705625721023463,0.8369523156433578,0.2583,0.0163,0.0943,0.1995,0.0938,0.0008,0.2906,0.0464
25.658734076744103,23.517033501691458,0.920980704270643,0.0644,0.1153,0.1235,0.2209,0.2045,0.0163,0.2399,0.0152
23.56879059041185,19.903723462135986,0.9831723510246061,0.2056,0.0449,0.0252,0.1167,0.0986,0.0383,0.0142,0.4566
30.495061227976567,28.29839739989632,0.9362742650604533,0.3241,0.0253,0.2296,0.1194,0.028,0.1482,0.02,0.1054
21.810845572570255,16.79518748880848,1.0604731614004643,0.0524,0.1276,0.0261,0.336,0.0395,0.2064,0.1157,0.0962
21.913677957070547,20.42066545721412,0.8772328205759858,0.0338,0.0659,0.0343,0.0864,0.5758,0.0616,0.0909,0.0512
32.23659739736364,29.516000185888565,0.9566539239576034,0.0959,0.356,0.3095,0.0522,0.0291,0.0699,0.012,0.0755
24.936247473577247,21.967241265042585,0.9530667606812329,0.2803,0.0196,0.0025,0.0241,0.1156,0.129,0.0668,0.3621
26.234300727761813,25.212424994750165,0.8818787059313623,0.033,0.0869,0.1009,0.2664,0.0467,0.0106,0.3334,0.1221
25.54754733517782,26.27546129836157,0.8200635220254512,0.439,0.1479,0.0386,0.0204,0.0569,0.2697,0.0048,0.0227
25.68240876606362,26.0603989428432,0.8320060185424798,0.4876,0.0088,0.0445,0.0254,0.1186,0.1733,0.0262,0.1156
32.42241829353924,32.25269564426183,0.8812416365760719,0.0363,0.2153,0.3451,0.166,0.0942,0.0003,0.1086,0.0342
26.021962916423437,21.328126362877963,1.032531528636904,0.0462,0.069,0.0684,0.0964,0.2051,0.4123,0.0127,0.0898
30.714793596991097,24.78195804151554,1.0779936578149962,0.1229,0.0335,0.1866,0.0024,0.0992,0.1213,0.0109,0.4232
23.962821881331333,19.453941430195353,1.0261582185266644,0.2013,0.0078,0.0971,0.2848,0.085,0.1747,0.0191,0.1302
29.78216108462557,36.342309694230266,0.7094254961103578,0.196,0.0258,0.0375,0.0246,0.0647,0.0844,0.5384,0.0285
24.517089997773468,21.223147210182635,0.9667317384449743,0.1183,0.0217,0.0512,0.2494,0.0689,0.0595,0.2378,0.1932
26.39371490282782,20.52299561034131,1.0911523506609275,0.0315,0.0883,0.1325,0.0509,0.352,0.066,0.0278,0.251
26.45657408044754,23.352660147372934,0.9616280945609446,0.1378,0.1064,0.1499,0.0405,0.4286,0.0952,0.041,0.0006
39.73330050298517,42.871205635513945,0.8335035129822469,0.0194,0.0641,0.3944,0.0261,0.0027,0.1453,0.3282,0.0199
25.252217011618534,19.719671867933,1.0777165641471789,0.0701,0.1305,0.0621,0.1996,0.032,0.3148,0.0919,0.099
35.38537814927079,36.19365010367457,0.8671515047354781,0.052,0.08,0.3971,0.0898,0.1678,0.1386,0.0407,0.034
27.897163908205698,25.280872729160148,0.9452665722509486,0.3614,0.036,0.0851,0.0371,0.0498,0.0874,0.1517,0.1915
22.343612276937574,19.53322549435966,0.9390979632234525,0.1608,0.1027,0.0288,0.244,0.1599,0.0228,0.1974,0.0837
24.357744852259067,19.281195843750787,1.0558341410580714,0.0299,0.2726,0.0727,0.1492,0.1941,0.0929,0.1781,0.0105
23.91440116750946,19.815578014574957,1.004987144602182,0.1214,0.0946,0.1013,0.3248,0.066,0.0574,0.1645,0.0699
28.975974949364947,25.101687919215042,0.9949918519322414,0.054,0.1146,0.225,0.0553,0.346,0.0777,0.0238,0.1036
29.78226187382964,26.953573399989622,0.9565433677836412,0.0232,0.0202,0.2539,0.1473,0.3002,0.145,0.0551,0.0551
28.696404030276305,26.98571852535166,0.9151657017053423,0.0056,0.0922,0.0339,0.0785,0.0245,0.4732,0.285,0.0071
22.87417938966349,18.16847610100951,1.0388421838315194,0.2015,0.06,0.0436,0.2363,0.0629,0.0269,0.0802,0.2885
24.72578654844697,21.315692638203732,0.9723252675965366,0.2821,0.0395,0.0975,0.2297,0.0872,0.1113,0.0831,0.0695
21.785027231631343,17.053943819897388,1.0428688765164675,0.0462,0.0562,0.0469,0.293,0.2282,0.2425,0.0398,0.0472
24.008900492318833,19.24891142803414,1.0394821840770612,0.0175,0.0614,0.0203,0.2508,0.0382,0.3623,0.1189,0.1306
32.14554790610028,32.56413899935774,0.8643111339948341,0.0107,0.1106,0.1593,0.0139,0.0906,0.0022,0.4191,0.1936
23.77549162794688,21.61175295357895,0.91503413306749,0.2432,0.0488,0.021,0.0045,0.3948,0.1304,0.0634,0.0939
19.805455067958057,15.560932047759163,1.015713905789731,0.0359,0.1195,0.0783,0.4543,0.1276,0.1121,0.0006,0.0718
30.99652942429118,34.561245039520365,0.7811214379985726,0.0596,0.0353,0.1588,0.0958,0.1505,0.0024,0.4513,0.0464
25.258349349621756,19.045098001463206,1.116211076886478,0.0763,0.2641,0.0347,0.0228,0.0908,0.2423,0.0224,0.2467
23.0844385637081,20.095489414284845,0.9496876722067769,0.1044,0.363,0.0038,0.0458,0.2231,0.0272,0.214,0.0187
25.907903658921246,18.136538316972818,1.2079429533925472,0.0218,0.2064,0.0758,0.1071,0.0727,0.2117,0.0628,0.2416
25.59847048818144,20.472844697424726,1.054981406218468,0.0202,0.0027,0.1169,0.1273,0.3837,0.1823,0.0496,0.1172
27.140044575263694,23.680938659874297,0.9771590943932003,0.0886,0.1585,0.0383,0.066,0.0007,0.461,0.0849,0.102
31.684342652266483,26.468527986417552,1.0459343514105823,0.0523,0.1744,0.1847,0.0004,0.0753,0.3622,0.0861,0.0646
18.643951678219796,16.543437390565668,0.8851819203287762,0.2142,0.0417,0.0,0.3478,0.1848,0.0424,0.0157,0.1534
25.003206773606333,21.824033025658114,0.9623888833431131,0.058,0.0262,0.0197,0.0503,0.3486,0.162,0.2075,0.1276
22.503466339467018,16.05193607166044,1.15272489604134,0.0037,0.1639,0.0906,0.3395,0.0151,0.0497,0.025,0.3125
30.752490930832053,30.278310994757295,0.8835529477012196,0.2061,0.0526,0.1451,0.0081,0.1614,0.0937,0.3043,0.0287
27.172880643519605,22.03630031626347,1.0515776383033453,0.1003,0.015,0.1216,0.039,0.3456,0.2157,0.035,0.1277
29.751735676287815,25.677623005752743,1.0028862745791725,0.0915,0.0455,0.1851,0.1011,0.1634,0.368,0.0304,0.015
30.054017182367016,34.718508789572944,0.7504359516210516,0.0836,0.0898,0.0306,0.0005,0.0266,0.0718,0.5408,0.1564
29.20022880008354,30.14373862433331,0.8360021002750084,0.147,0.0349,0.0316,0.0133,0.0263,0.0786,0.4211,0.2472
26.095774266003463,25.38088438637792,0.8705675471995137,0.2892,0.0107,0.0291,0.1096,0.0734,0.1023,0.2657,0.1201
37.461589018806066,41.20245559127466,0.8121260866280052,0.1327,0.0198,0.4203,0.0125,0.2254,0.0287,0.1498,0.0108
24.90606007654415,18.978489985630173,1.1015660409428496,0.0131,0.1354,0.0199,0.0182,0.2555,0.0919,0.1433,0.3228
28.268570439458827,30.8156369741658,0.7875407689870021,0.5352,0.0462,0.0653,0.0051,0.0087,0.087,0.2299,0.0226
25.0452124208625,22.59393170755775,0.931454192800928,0.3492,0.1646,0.0501,0.0851,0.0604,0.1522,0.0782,0.0602
26.301852887745664,21.4301534725646,1.0406763029624138,0.0416,0.0325,0.1014,0.162,0.229,0.3315,0.0896,0.0124
30.25030154080056,25.92932601194257,1.0123788612442204,0.135,0.1108,0.1641,0.0585,0.078,0.3446,0.085,0.0239
31.736712443665642,28.584022031983956,0.9703572300857375,0.0176,0.0625,0.2831,0.1283,0.1873,0.1996,0.0576,0.064
27.244764116611304,22.575509151631422,1.0296451770139374,0.101,0.0534,0.1461,0.1174,0.2689,0.1267,0.1126,0.0739
26.743246001498512,23.749218140630653,0.9576418839064388,0.3335,0.1667,0.0931,0.0744,0.002,0.2105,0.0238,0.0962
27.73828083656306,24.31119741142008,0.9764340453840462,0.1269,0.1709,0.2012,0.1612,0.181,0.0158,0.1148,0.0282
27.345908758399535,20.134351938699993,1.1595063416730411,0.02,0.2341,0.102,0.0978,0.0313,0.2689,0.0833,0.1626
21.03273708991618,17.431515286860634,0.9771231479087166,0.0805,0.0804,0.0443,0.4463,0.0057,0.1721,0.1276,0.043
26.41815528342067,24.582139667898627,0.9119692421525102,0.0367,0.0017,0.0002,0.0877,0.1579,0.5088,0.1811,0.0259
24.53105472989377,20.68764094147756,0.9924309295570842,0.2203,0.1124,0.0626,0.1855,0.0812,0.0379,0.1742,0.1259
21.486145480251086,16.849821517905657,1.037764433389946,0.0702,0.0825,0.0399,0.2324,0.3154,0.1228,0.0669,0.0699
33.41978521073023,31.68079354871666,0.9286315750105943,0.2076,0.0186,0.283,0.0586,0.0803,0.0366,0.1392,0.1762
26.03441194623367,23.53253653972778,0.9363381592560172,0.021,0.1179,0.0057,0.0477,0.1415,0.0611,0.3146,0.2904
24.678129934323838,21.89135388785235,0.9445797660691174,0.104,0.0525,0.017,0.0402,0.0989,0.0198,0.0249,0.6428
29.372236081890215,27.061248391159893,0.9375855731097229,0.0234,0.2446,0.2073,0.1511,0.104,0.025,0.2408,0.0037
30.111646515124047,29.495504174358345,0.8852754765868345,0.0094,0.0203,0.1218,0.1309,0.1011,0.2321,0.3702,0.0142
35.01809100042198,33.68506863837475,0.9208261183438858,0.1191,0.0728,0.2711,0.0175,0.0019,0.0116,0.2737,0.2323
38.843853743795414,41.18213002489988,0.8460915868782853,0.1353,0.0211,0.4324,0.0302,0.0707,0.1576,0.1175,0.0352
28.55784675800239,23.929936407520405,1.0262395327671934,0.1665,0.1061,0.1302,0.1111,0.0325,0.0806,0.2015,0.1716
27.625953910905032,25.126554035202687,0.9402783158329117,0.19,0.1112,0.0213,0.026,0.0088,0.1616,0.2859,0.1953
34.901927654124655,34.64637855188597,0.891923743425199,0.1833,0.0323,0.3077,0.0706,0.0322,0.0642,0.2097,0.1
34.03567386343517,34.788615068139315,0.8633765329434727,0.0852,0.0035,0.3441,0.0859,0.2532,0.0887,0.1225,0.0168
24.792030188689484,22.557701114439563,0.9217264686329298,0.2919,0.0499,0.064,0.2176,0.0467,0.1344,0.1637,0.0317
23.6033777439473,19.464887951567146,1.0071148517640967,0.1211,0.155,0.0007,0.1196,0.1385,0.2822,0.0968,0.086
24.63777084316206,17.562162700937076,1.175126958712259,0.0731,0.3364,0.0587,0.0816,0.1022,0.1014,0.0987,0.1479
26.07415568243252,23.600266589019395,0.9353350140842503,0.4021,0.227,0.0826,0.0468,0.0179,0.0139,0.0943,0.1154
30.132475397583434,27.948236352592566,0.9350312866936703,0.0136,0.0354,0.1381,0.0309,0.2592,0.1454,0.2987,0.0788
28.965317145357478,22.848634934706997,1.0926393290758587,0.1414,0.1794,0.185,0.048,0.0792,0.0314,0.016,0.3196
25.26850424367368,24.697067263691157,0.8611752973172632,0.2153,0.157,0.0285,0.127,0.0653,0.0349,0.3073,0.0648
26.5002434132785,20.735394060694304,1.0851128918706985,0.0959,0.2301,0.0463,0.0628,0.0365,0.2025,0.1771,0.1488
21.272967923634813,18.108415799346954,0.953864110203264,0.0418,0.1137,0.0704,0.1693,0.4867,0.0231,0.006,0.0889
27.660022757449244,25.520970944184494,0.9270816070906851,0.1016,0.0854,0.0289,0.067,0.0294,0.5044,0.15,0.0333
24.444008677952066,17.480716682909815,1.169517763418667,0.0021,0.3244,0.1273,0.259,0.0086,0.0487,0.0798,0.1502
23.26084247373636,18.8668681783886,1.0208818067536531,0.1864,0.2444,0.0371,0.0575,0.2617,0.12,0.0502,0.0428
39.004016797858334,39.82544480986408,0.8789359909217747,0.0936,0.0244,0.4294,0.0253,0.0305,0.2479,0.0497,0.0993
23.298044764794554,23.75982357277418,0.8122133022447071,0.2834,0.0405,0.0122,0.1006,0.2976,0.0002,0.2174,0.0482
34.194781606162174,30.46115328401281,0.991255364648638,0.1023,0.0411,0.2771,0.0556,0.0137,0.3322,0.0394,0.1385
24.875195700736047,18.984765654716487,1.0995761591373612,0.1174,0.3416,0.0669,0.0726,0.1275,0.0883,0.124,0.0617
24.104074722429804,23.248878335096958,0.86473310379367,0.2079,0.043,0.0593,0.2234,0.1702,0.0225,0.2463,0.0274
27.069824837983052,20.81210954032128,1.1084808482911204,0.0371,0.0591,0.087,0.1256,0.0796,0.0855,0.1792,0.3468
25.66781124899384,21.36825602008691,1.0140187027254508,0.0898,0.1233,0.1525,0.3225,0.0051,0.2541,0.045,0.0077
37.15966527856659,38.29349549928593,0.8659346671338721,0.1028,0.1211,0.4054,0.0448,0.0684,0.147,0.0986,0.012
31.443507814103956,27.81259748385889,0.9867294067025154,0.2253,0.0415,0.2413,0.0685,0.0724,0.0691,0.0605,0.2215
25.94437700738572,20.387746994157034,1.0763512522337464,0.0745,0.3332,0.1701,0.2054,0.0542,0.0279,0.074,0.0607
25.02364759195758,20.95981853986564,1.003045305567438,0.22,0.0161,0.0251,0.0874,0.067,0.0717,0.0858,0.4271
30.422325972110848,29.115290250281344,0.9075068716464376,0.3322,0.0117,0.1701,0.0606,0.0795,0.1089,0.1878,0.0491
28.492205390552517,22.10156997244197,1.1081658642843648,0.0157,0.0478,0.1648,0.199,0.0053,0.0886,0.1256,0.3531
44.85005969940889,56.66257251046455,0.7209354939164583,0.02,0.0738,0.6767,0.0325,0.1075,0.028,0.0485,0.013
27.36582304755013,24.982695459823073,0.9352803057270909,0.2525,0.2106,0.2259,0.2358,0.0071,0.0144,0.0227,0.0311
26.045257315173536,27.036119904365343,0.8154001903066732,0.1766,0.2561,0.0241,0.0503,0.0939,0.0138,0.3688,0.0163
23.189887837712014,21.926619444594607,0.8751867968613256,0.3199,0.0195,0.0063,0.227,0.0244,0.1491,0.1588,0.095
21.95915074535087,17.801436376544107,1.0088596428664918,0.1936,0.1632,0.0996,0.3462,0.0765,0.0267,0.0463,0.0479
26.038160169049146,22.93304009213653,0.9609785741667007,0.1348,0.2353,0.0038,0.0413,0.0011,0.3481,0.1499,0.0858
27.973888365202278,23.892155989564017,1.0034208874106614,0.0087,0.0876,0.1781,0.0627,0.3845,0.0622,0.1063,0.1097
22.982231743730793,18.4596618196852,1.0283087485106759,0.0238,0.2034,0.0826,0.0716,0.4693,0.0327,0.0212,0.0954
24.15220423548581,21.790885899441456,0.9247996767310113,0.3569,0.0483,0.028,0.0775,0.1102,0.0152,0.0634,0.3005
23.033673879737417,18.14212772976188,1.0491423146863292,0.0759,0.4068,0.0069,0.0733,0.075,0.2017,0.0517,0.1087
31.384312300355084,29.066288299756575,0.9421330999659981,0.0178,0.0059,0.2935,0.2691,0.0463,0.1899,0.0972,0.0803
28.330408189158234,22.995194760134748,1.058064888901844,0.1625,0.0402,0.0853,0.0663,0.0614,0.2561,0.1475,0.1807
28.493257111607328,26.692638989138207,0.9176034307276304,0.3277,0.0064,0.0803,0.023,0.0529,0.3703,0.0514,0.088
26.620914203658764,23.014963902819215,0.9828785436803495,0.125,0.0176,0.1455,0.0812,0.3817,0.0507,0.0774,0.1208
28.035622571780856,24.441276273365197,0.9834029247471662,0.0766,0.1305,0.1008,0.0681,0.15,0.0627,0.2719,0.1394
29.122936727933713,25.177236326959314,0.9978433058211613,0.1596,0.2238,0.2389,0.1286,0.0845,0.0628,0.0141,0.0877
19.272974070176733,17.625878749283938,0.8665085178120384,0.1875,0.0146,0.0763,0.5391,0.0436,0.0022,0.0561,0.0807
31.904562240799102,31.17753408707778,0.8950214652275776,0.0122,0.0304,0.1481,0.0515,0.0922,0.1259,0.3919,0.1479
26.188889656024056,21.127405060638928,1.0502420714867018,0.0187,0.0662,0.0454,0.0201,0.1989,0.0206,0.151,0.4791
23.721771346689767,18.1157513607833,1.0886532362871326,0.075,0.4797,0.0577,0.0638,0.0836,0.1436,0.0086,0.0879
29.078834512069612,29.068084418591106,0.8627618576761088,0.0705,0.0024,0.0308,0.021,0.0396,0.6999,0.0784,0.0575
24.28346194715186,19.251569076240216,1.053600455465481,0.0277,0.2847,0.0214,0.164,0.0167,0.2066,0.1938,0.0851
32.86931868453593,28.008217037990807,1.0307446077476876,0.0294,0.0443,0.2397,0.088,0.0308,0.3724,0.0595,0.1358
26.03309375922628,25.22675025763973,0.8734019853609056,0.2127,0.1706,0.0114,0.0263,0.0606,0.4403,0.0684,0.0097
33.863746885422714,33.76127157427151,0.8845563420123373,0.0476,0.1588,0.3604,0.1561,0.0448,0.0229,0.125,0.0844
25.965139339659004,22.034674509589635,0.9968442842257385,0.0083,0.286,0.2157,0.202,0.2371,0.0302,0.0007,0.02
23.016846682674725,18.689152407501158,1.0175339292028054,0.0659,0.0045,0.0661,0.3847,0.006,0.3186,0.0439,0.1103
26.049332769858246,19.68732404133226,1.119976118824839,0.0242,0.2493,0.1245,0.0263,0.331,0.1122,0.0355,0.0971
28.088269923372057,23.035368782732352,1.0457080218932278,0.1679,0.0226,0.1732,0.2036,0.0076,0.0505,0.0892,0.2854
23.374553319476163,18.49327086193343,1.0476542232102795,0.0369,0.1028,0.0908,0.2206,0.3008,0.067,0.1111,0.0702
31.46279576452835,28.59751799598173,0.9603209540208063,0.1482,0.0635,0.1729,0.0613,0.0366,0.1073,0.2695,0.1407
26.201083620198144,20.282286744801432,1.0946045630623245,0.1394,0.0756,0.1342,0.1513,0.1748,0.1073,0.0401,0.1772
32.43835481911789,35.62235356543732,0.7983289135255308,0.0499,0.0084,0.2102,0.1221,0.1211,0.0376,0.425,0.0258
30.539813717054965,25.893296420769968,1.0249685202601861,0.1098,0.2695,0.2367,0.0774,0.0418,0.0388,0.0999,0.1262
27.32575851063287,21.869149209587086,1.066605668427523,0.0941,0.0297,0.1021,0.0888,0.0301,0.0529,0.0387,0.5635
24.51593129730027,20.031325759469727,1.024192384650399,0.1108,0.1585,0.0874,0.0657,0.3762,0.0604,0.0864,0.0547
20.470711146846945,19.535376188937413,0.8431222919666149,0.3339,0.0124,0.0344,0.3474,0.0898,0.1239,0.0023,0.0559
30.60249211916868,26.880364397573032,0.9896626297808135,0.0339,0.2987,0.2745,0.1395,0.028,0.1592,0.0134,0.0528
29.34801196366303,26.147485297314265,0.96942446569677,0.0427,0.2682,0.1298,0.0387,0.0685,0.0198,0.3078,0.1245
24.145294396907723,21.007477126332784,0.9589582926002895,0.1172,0.0079,0.1303,0.2344,0.325,0.0121,0.0851,0.088
27.857593055401132,25.079382757138006,0.9512831031940315,0.1689,0.1216,0.0502,0.0238,0.0449,0.4457,0.0869,0.0581
23.682850656462172,16.89207073981795,1.165212421829717,0.0533,0.227,0.0486,0.0569,0.2304,0.07,0.0079,0.3058
26.367051800092554,20.091935590795206,1.1132352927878018,0.162,0.1767,0.1161,0.116,0.0865,0.0402,0.0941,0.2085
26.57052949136183,24.765144372237042,0.911382915928587,0.2531,0.0076,0.1486,0.2639,0.0688,0.0628,0.1729,0.0223
27.91632708328049,25.002929434691417,0.9565409983558457,0.2819,0.0562,0.173,0.0969,0.1973,0.0999,0.0472,0.0475
29.568569363386544,26.072580486883133,0.9806689206022338,0.061,0.2273,0.1616,0.0182,0.1998,0.0808,0.2309,0.0205
25.692617907784342,24.226162048296516,0.8954211510902396,0.2406,0.0198,0.1236,0.3078,0.0216,0.0717,0.2059,0.0091
27.186159694813806,25.154531577263086,0.9217488158583533,0.0134,0.0539,0.2656,0.4072,0.0279,0.0111,0.0416,0.1792
29.35857693576414,25.142885286582395,1.0085786355353916,0.0951,0.2578,0.2339,0.1543,0.0453,0.0965,0.075,0.0422
26.914525667253685,23.212273258348997,0.9871728379301145,0.1268,0.1101,0.1264,0.1245,0.2123,0.0711,0.1869,0.042
33.90857750963224,29.355084777486212,1.018855088865917,0.0988,0.0575,0.2442,0.0248,0.0266,0.2788,0.1197,0.1498
30.985196120592473,26.897132812318468,1.0032740779059421,0.0387,0.115,0.2133,0.1322,0.015,0.0299,0.2186,0.2374
33.67166644037755,32.636868582583354,0.9091456297437747,0.0047,0.0875,0.3369,0.1847,0.0149,0.0268,0.1615,0.1831
23.196516265480156,18.12341099608393,1.0592109989465064,0.2004,0.0876,0.0447,0.1897,0.1019,0.0355,0.0723,0.2679
23.204770353838846,21.050965293439724,0.9122987989450431,0.3401,0.0731,0.0258,0.1094,0.1925,0.0695,0.0742,0.1154
27.099678971512553,24.670564749336755,0.9363255039442729,0.1257,0.0632,0.2216,0.2982,0.1212,0.0165,0.0992,0.0544
25.030695771115035,18.554048052833107,1.1334828772260164,0.057,0.2701,0.153,0.2152,0.0903,0.0683,0.0027,0.1433
29.697361796059692,26.01570794007641,0.9877633103527306,0.0201,0.0151,0.2435,0.2144,0.1487,0.3007,0.0034,0.0541
28.083495841543858,28.424245524596397,0.8472870747159726,0.0338,0.1691,0.0678,0.0204,0.2131,0.0593,0.3896,0.0469
25.953013963570516,20.816667236724605,1.0545883120445514,0.0851,0.4316,0.0967,0.0349,0.1366,0.013,0.1733,0.0287
23.236318018259553,17.63560530902876,1.0907659635822813,0.14,0.5188,0.0483,0.0548,0.0612,0.0148,0.0525,0.1095
25.5130216842516,20.604912946360567,1.0440724374936723,0.2328,0.3012,0.0838,0.0033,0.1712,0.0922,0.0344,0.081
33.84610050537971,31.612220823416763,0.944131722731457,0.1603,0.0795,0.3259,0.0729,0.0455,0.1013,0.0199,0.1947
25.93423290960981,19.61263912439565,1.118372329725192,0.0317,0.5232,0.1286,0.0656,0.0724,0.0198,0.0959,0.0628
23.579754022018413,18.10076922501963,1.0817083947434938,0.1218,0.5613,0.0599,0.0381,0.0611,0.0309,0.0346,0.0921
40.44568708524777,44.044791564072405,0.8274687151653303,0.0044,0.1851,0.5134,0.0127,0.0315,0.0949,0.0492,0.1089
29.904510001126667,28.806122304144814,0.899270985786218,0.1232,0.0119,0.2541,0.3001,0.0108,0.073,0.1808,0.0461
27.870934054282436,23.210056375202015,1.0284737644922963,0.0214,0.0117,0.1348,0.1835,0.172,0.2526,0.1776,0.0464
29.115645791127953,24.835208899476637,1.0112919079032683,0.1375,0.2036,0.1558,0.1051,0.0202,0.0876,0.2089,0.0814
31.280970785889593,29.375990072505758,0.9286825982223836,0.1205,0.0767,0.259,0.1358,0.1189,0.0234,0.1727,0.0929
30.627179801877276,27.01566693317471,0.9856199318618198,0.3146,0.0001,0.1913,0.0295,0.0595,0.1154,0.0288,0.2608
26.955226425529638,19.64314898314908,1.168612346483847,0.0739,0.1988,0.1132,0.1332,0.0019,0.1979,0.0565,0.2246
24.887197785310615,22.892816083382957,0.9123909312525275,0.0485,0.1758,0.0389,0.1898,0.0607,0.0169,0.321,0.1484
25.967664725626204,19.496203816840136,1.1267662634225903,0.0316,0.1751,0.0833,0.0937,0.1688,0.0418,0.1667,0.239
22.60466986454313,19.316198295926608,0.9631641578491393,0.0915,0.0272,0.0354,0.3162,0.1127,0.0872,0.2084,0.1215
34.37210359254489,34.65242549088718,0.8764784329608349,0.1237,0.0705,0.3297,0.0586,0.1725,0.0735,0.1611,0.0104
20.176448871841053,16.2211060594072,0.9972469702495872,0.0253,0.2575,0.0028,0.2636,0.1622,0.2348,0.0247,0.0291
28.089138542309932,26.9610000202398,0.8934808992331907,0.0094,0.024,0.0555,0.1026,0.1029,0.1006,0.3775,0.2275
22.65952856862089,16.72444071707867,1.1157041891132504,0.0577,0.2067,0.0901,0.2314,0.2292,0.0884,0.0448,0.0517
25.732732820616867,20.966171408528016,1.0365618212859333,0.1549,0.064,0.0118,0.0302,0.084,0.2676,0.05,0.3375
33.361698161531976,38.55364142173439,0.7615804131274483,0.0136,0.0148,0.1297,0.0288,0.0561,0.1419,0.563,0.0521
15.39125560423301,16.880890070525446,0.6748018354862989,0.1723,0.0216,0.0043,0.6434,0.0352,0.0691,0.0039,0.0503
24.605832289869053,21.776737611273763,0.9462313711858045,0.2808,0.0641,0.1328,0.27,0.0941,0.12,0.0277,0.0104
26.79558371734799,20.98365685915668,1.0863494323393224,0.0289,0.0373,0.1599,0.231,0.163,0.1924,0.0731,0.1144
23.241473710432484,16.521825256013837,1.1646094431018579,0.0291,0.3521,0.0541,0.1734,0.0894,0.1019,0.1103,0.0897
24.608820558717028,27.760486203120184,0.7423796689987607,0.237,0.0243,0.0217,0.1757,0.1661,0.0124,0.3619,0.0008
29.758789154719278,25.45066466889753,1.012106736300616,0.1663,0.0408,0.2295,0.1773,0.0168,0.0517,0.0512,0.2664
25.03156608462532,17.560590218721885,1.197657130123276,0.0036,0.1614,0.0591,0.1012,0.1206,0.0938,0.0662,0.394
21.567021191306242,17.835483908370698,0.9849478310516454,0.2169,0.2577,0.0268,0.2309,0.0273,0.1395,0.0195,0.0814
28.40988735396468,25.506514884964265,0.9570059831401728,0.3183,0.1541,0.113,0.0241,0.0614,0.1727,0.1233,0.0331
26.005389348690333,19.770974924790494,1.1130148833023983,0.1022,0.0532,0.1181,0.1372,0.2151,0.1587,0.0351,0.1803
37.66258923169961,40.454493668758886,0.8321100124828817,0.1567,0.1094,0.4461,0.0464,0.077,0.1175,0.0327,0.0141
32.02897424863229,28.38727625704675,0.987378077235377,0.1043,0.0969,0.2038,0.0256,0.1301,0.2586,0.1683,0.0122
24.594606476399957,20.379621960902544,1.0105489942801613,0.1883,0.1285,0.1095,0.2637,0.0683,0.1035,0.1153,0.0228
25.033499157416227,20.75716331073998,1.0133127943611289,0.0102,0.1262,0.0399,0.0415,0.1013,0.0464,0.0008,0.6337
23.424568875797856,17.993625531092256,1.0795250152468157,0.0839,0.1771,0.0436,0.0353,0.3663,0.0574,0.0517,0.1846
30.682378315156257,29.52111565952089,0.9038404450189161,0.0478,0.1272,0.1834,0.066,0.1838,0.0767,0.3036,0.0115
30.950103641484617,25.197858048995858,1.0695394659768944,0.0698,0.083,0.2312,0.0826,0.0792,0.1797,0.0048,0.2698
26.540759076367372,21.09154264102909,1.0687107842230155,0.0693,0.1236,0.1189,0.1698,0.0917,0.3324,0.0131,0.0813
30.72162592012913,28.764576348782,0.9289768636297202,0.0611,0.248,0.3072,0.1235,0.1646,0.0701,0.0043,0.0212
26.1081073531477,20.861507744824923,1.0597559689151432,0.1532,0.0198,0.0496,0.001,0.2261,0.2032,0.017,0.3303
33.003466425416214,32.182552428718964,0.9012170954947064,0.1107,0.3036,0.3519,0.0724,0.0717,0.0197,0.0162,0.0538
24.55865227754364,22.028533646063774,0.9332737533901725,0.1455,0.1215,0.0958,0.0579,0.4408,0.011,0.1082,0.0193
28.195256099750598,21.92413376240731,1.10359006024847,0.1131,0.1898,0.1657,0.1165,0.0656,0.0879,0.0939,0.1675
35.736031713951654,39.6170894875281,0.8010692386663718,0.1965,0.0789,0.4445,0.1738,0.0196,0.0075,0.0378,0.0414
33.464226090741725,33.25204191300515,0.8860877226074356,0.0201,0.0526,0.3193,0.1203,0.1718,0.0329,0.1903,0.0927
21.444871162360137,15.71078945877077,1.1103752111337275,0.0577,0.5019,0.044,0.1526,0.125,0.009,0.062,0.0479
36.479277909613764,36.54064868237476,0.8888533477316186,0.0082,0.1135,0.4054,0.0113,0.1892,0.113,0.0352,0.1241
27.170181002742183,21.01094341834157,1.1027672837629794,0.018,0.2012,0.0614,0.0879,0.0153,0.1372,0.231,0.248
24.440808571961355,22.27111777061793,0.917816913479247,0.3235,0.1068,0.0255,0.1014,0.0871,0.0195,0.1735,0.1627
29.491029669664858,25.296129705944782,1.0077047345181138,0.1237,0.146,0.1633,0.0102,0.2068,0.0335,0.1838,0.1327
21.491707052123115,16.85918758602361,1.0375177903960133,0.1029,0.0336,0.0232,0.2831,0.0877,0.1307,0.0003,0.3385
29.050635679113846,23.845412953697164,1.0505431685228925,0.0644,0.1953,0.1684,0.0642,0.1267,0.3202,0.0187,0.0421
27.908878735044958,24.077936226989696,0.99297873827927,0.219,0.0233,0.1547,0.1423,0.1133,0.0202,0.1379,0.1892
29.54802121584901,24.794349832266903,1.0303969004503313,0.1109,0.137,0.2202,0.1623,0.04,0.2069,0.0282,0.0944
26.334770397941142,22.059512631248424,1.0124779622874716,0.0749,0.1801,0.192,0.1849,0.2422,0.0895,0.0252,0.0112
29.470432937316147,24.48309796136324,1.0403272076724532,0.1706,0.289,0.2148,0.0587,0.0478,0.0226,0.0488,0.1477
24.718095513465656,20.673968549933296,1.0021344215275252,0.2218,0.2695,0.1388,0.2336,0.013,0.0919,0.0159,0.0155
22.266376984364328,24.279664320762258,0.7523323528301092,0.5483,0.0714,0.0639,0.2308,0.0603,0.0047,0.0116,0.0089
29.613442608522185,24.858699326753868,1.0303613343501057,0.0475,0.0198,0.2353,0.1757,0.116,0.0639,0.0443,0.2976
26.39231002189426,19.625117647448995,1.1410025878140386,0.0168,0.0229,0.0507,0.0411,0.216,0.233,0.0776,0.342
23.550155458631767,20.685632271291066,0.9451079474986516,0.307,0.1417,0.0891,0.2379,0.0785,0.0557,0.077,0.0131
25.26395103040318,28.303006176217476,0.751296554790385,0.2077,0.0853,0.0308,0.2151,0.0251,0.0166,0.4005,0.0188
23.31389287650783,17.39266413838429,1.1104620156427636,0.0999,0.3159,0.0321,0.0919,0.1695,0.0951,0.1074,0.0882
26.788367874585873,20.480927391722755,1.1126628906362734,0.0801,0.2087,0.0852,0.0726,0.0551,0.2983,0.0273,0.1727
20.193905571543926,22.22328931347284,0.7286907596404459,0.0393,0.0303,0.023,0.0692,0.7397,0.0011,0.0257,0.0716
27.84536032180867,21.37401361851397,1.115623894856792,0.1536,0.2227,0.1214,0.0264,0.0987,0.1397,0.0761,0.1613
24.803897193682634,17.986298593859168,1.1566524977398875,0.053,0.256,0.0666,0.0022,0.2269,0.0125,0.0183,0.3646
29.32790785040829,25.295068314576202,1.0012982584361383,0.0703,0.0576,0.0644,0.0049,0.0631,0.1262,0.2936,0.32
24.7414532677015,19.944382286652846,1.0399646862756973,0.1774,0.1489,0.01,0.1057,0.0103,0.2087,0.1122,0.227
32.28288302887282,34.88633204717414,0.8107152964842511,0.0078,0.0378,0.4091,0.3311,0.0758,0.0326,0.0068,0.0989
27.546462558428665,21.529053282427675,1.093706362724627,0.0006,0.3361,0.1516,0.0356,0.1872,0.2404,0.0065,0.0419
27.980047973241458,20.66565124421096,1.1603819153755899,0.0312,0.1478,0.1089,0.0802,0.0902,0.2457,0.1099,0.186
25.363872010660142,20.10679953979019,1.0625197694134403,0.2275,0.12,0.1226,0.168,0.0888,0.0638,0.0074,0.2019
35.15494793368622,35.80860344967795,0.8700408542172964,0.005,0.0768,0.3804,0.1289,0.1396,0.1441,0.1159,0.0093
31.81404819788842,32.062784560871485,0.8674869815216207,0.0208,0.012,0.1913,0.0773,0.1704,0.0434,0.3613,0.1234
32.32935488175389,29.41036304978525,0.9632439706303033,0.0913,0.0476,0.2758,0.0279,0.2537,0.1132,0.0694,0.1211
25.1152045655868,19.257343329034153,1.0964754693733672,0.0453,0.0907,0.1243,0.1647,0.255,0.0153,0.0693,0.2353
35.22500185068338,33.514576653588065,0.9316842093346399,0.1046,0.1119,0.2988,0.0008,0.0953,0.1916,0.1742,0.0227
24.183950851445932,21.16248753563401,0.9537607909967866,0.0441,0.0681,0.0054,0.087,0.3168,0.1928,0.2139,0.0718
28.633038472309515,26.26623586584879,0.9378214144622544,0.0413,0.1448,0.2135,0.1415,0.2557,0.0193,0.1701,0.0138
25.221534741491432,26.755706676955437,0.7931591939513015,0.132,0.0426,0.0255,0.2311,0.0535,0.1056,0.3802,0.0296
23.61916954064948,18.175179676226296,1.079448450587367,0.0599,0.2246,0.1018,0.185,0.2596,0.0528,0.0888,0.0275
31.082613426339545,29.900172699431053,0.9057677926674611,0.1231,0.0792,0.1575,0.0472,0.0832,0.0366,0.3346,0.1387
24.936855589501732,24.83307197733214,0.8431037291162805,0.1702,0.0075,0.0138,0.183,0.0405,0.5251,0.0482,0.0118
22.905779890827542,17.456666309512904,1.083012045691963,0.0752,0.1613,0.0085,0.0779,0.2627,0.0549,0.1055,0.254
21.7365141355864,15.834428173789933,1.1201234386818535,0.0109,0.0784,0.051,0.36,0.0999,0.1525,0.0914,0.1559
24.0298974464479,21.11781159719368,0.9484835753108836,0.0958,0.0402,0.0816,0.2491,0.2053,0.0084,0.2078,0.112
26.178420748167948,23.77387701229862,0.9328903626738997,0.1514,0.0397,0.0543,0.0185,0.2957,0.417,0.0146,0.0088
26.56926668846879,27.46388815208255,0.8217797335719703,0.2303,0.1136,0.0631,0.1531,0.0442,0.0445,0.3452,0.0059
28.22771651540193,27.082912411341397,0.8945757438279123,0.1992,0.0429,0.1609,0.058,0.3224,0.0122,0.1854,0.0189
24.560187916543217,23.213740492290633,0.8856904350839679,0.2594,0.0487,0.0845,0.1876,0.2083,0.0133,0.1875,0.0107
35.657248232879915,33.008166038756116,0.9590732243563597,0.0694,0.0821,0.3445,0.0207,0.0013,0.0306,0.0518,0.3994
31.33340504409798,30.563203790443122,0.8943239469104651,0.1956,0.0454,0.1772,0.0356,0.1313,0.0621,0.2901,0.0628
23.0893819698125,21.078157708541525,0.905647553916768,0.2595,0.0484,0.0546,0.2879,0.0628,0.0141,0.1859,0.0868
31.515721201679188,30.588186542900413,0.899553857600808,0.0862,0.0321,0.088,0.0106,0.0261,0.2633,0.3873,0.1064
22.67628862925422,17.465290949962395,1.0693373893833946,0.0192,0.0966,0.0894,0.2376,0.3169,0.0528,0.0714,0.116
22.100425146305387,16.842689970187514,1.0746754335764732,0.0617,0.5434,0.0609,0.133,0.0984,0.0545,0.0242,0.0239
20.35629593396302,16.922225904122563,0.9665570018172567,0.076,0.1419,0.0662,0.4846,0.0049,0.0733,0.1211,0.032
25.946939998917895,24.421120324652975,0.8986868623206687,0.2931,0.0486,0.0114,0.0148,0.1634,0.2559,0.1523,0.0605
31.37951071020621,27.968172433008725,0.9789524423087523,0.192,0.1352,0.2422,0.0596,0.0944,0.1503,0.0686,0.0577
26.446348528713614,24.856955024235976,0.9030208449437199,0.3261,0.0236,0.1846,0.2618,0.0699,0.1078,0.0146,0.0116
26.948899384756036,20.12075912036187,1.1405583282159635,0.0193,0.0522,0.0633,0.0475,0.103,0.1669,0.0658,0.4821
34.49793320314307,32.49889459563643,0.9384298630033397,0.0015,0.0519,0.3128,0.024,0.2287,0.1646,0.1343,0.0821
23.801306270370752,18.551463589061918,1.0673716483504705,0.196,0.3492,0.0789,0.1204,0.1077,0.0267,0.0696,0.0514
18.622849603656277,15.112972544995138,0.9675693884919303,0.022,0.2681,0.0528,0.4872,0.0422,0.031,0.081,0.0155
25.282357099972565,19.61768175311353,1.0848558646127915,0.0188,0.1366,0.0261,0.1476,0.049,0.1611,0.2175,0.2433
29.010931177803922,26.323633781559348,0.9501321658457725,0.0956,0.0238,0.1502,0.21,0.0308,0.1698,0.264,0.0557
25.330399430563794,21.255307154333554,1.003532871846311,0.2015,0.1074,0.0879,0.1262,0.2026,0.1839,0.0848,0.0057
26.91372724864156,26.6436765356389,0.8600062089025846,0.0546,0.0467,0.1683,0.2825,0.1616,0.0021,0.2719,0.0124
26.535476763824622,24.202960000708735,0.9311041609441454,0.1339,0.0562,0.0232,0.096,0.1083,0.2883,0.2516,0.0425
24.441401835826177,19.608517011708702,1.0424756662434052,0.0948,0.2751,0.0515,0.1639,0.0647,0.165,0.1688,0.0162
26.338207658410774,21.417550831333383,1.0429860927763268,0.2166,0.0378,0.1305,0.144,0.0994,0.0062,0.0323,0.3331
30.372210091743103,27.030489775552503,0.975646771875929,0.0338,0.0273,0.0917,0.026,0.0705,0.1533,0.3296,0.2679
23.89258476011815,19.933465091546694,0.9979491608086805,0.2291,0.2542,0.0298,0.0757,0.079,0.1953,0.0148,0.1221
30.085750001770244,30.277534777805787,0.8615546210483349,0.1198,0.0337,0.1472,0.1033,0.1016,0.0042,0.3596,0.1305
29.796803170056968,25.510345546251813,1.011229076583294,0.0742,0.0508,0.2045,0.0377,0.3092,0.1148,0.0867,0.122
25.12460736431914,20.301882844925647,1.0405245427568373,0.0697,0.0736,0.0184,0.1262,0.087,0.3748,0.0766,0.1737
24.330364636321118,22.448296069750278,0.905652908940241,0.3817,0.0423,0.0181,0.1193,0.0099,0.0875,0.0882,0.2531
24.905196367087008,19.955135667949687,1.0476098341272233,0.0214,0.0948,0.074,0.2171,0.1656,0.1655,0.1941,0.0675
22.720166147120597,21.358097918130767,0.876490323196297,0.0564,0.1189,0.0023,0.1561,0.282,0.031,0.2645,0.0889
28.377216835223557,25.496300376858926,0.956108002922217,0.2929,0.1394,0.1505,0.0929,0.0632,0.0608,0.1517,0.0486
27.27588303363826,21.916687799186143,1.0620164528009834,0.0915,0.4967,0.1315,0.0167,0.0267,0.1594,0.0453,0.0322
33.11427438672966,28.056549168248253,1.0376997617254529,0.0155,0.1431,0.214,0.0191,0.0256,0.1676,0.2196,0.1954
31.43233890701371,26.511408348687425,1.0347371420715896,0.026,0.1469,0.2378,0.0363,0.1872,0.23,0.0556,0.0803
29.266278126092487,25.688936696700154,0.9835470585802036,0.0165,0.0157,0.2531,0.1913,0.2378,0.1627,0.0097,0.1133
26.864442747491225,22.95143551554673,0.996209702526163,0.0128,0.3594,0.2131,0.2506,0.0322,0.01,0.11,0.0119
26.526178945236655,22.136615663156686,1.0175981409266794,0.014,0.068,0.0276,0.1229,0.0845,0.267,0.2552,0.1608
27.633422228896382,19.99958162591259,1.1816958309905634,0.0485,0.3163,0.0973,0.0349,0.0101,0.1497,0.1175,0.2258
29.972509167057265,23.905584910511564,1.0864619821804424,0.0415,0.0268,0.1686,0.0517,0.2015,0.2867,0.0728,0.1504
30.139999901242,33.406442727785404,0.7824837895565688,0.2914,0.0589,0.1046,0.0619,0.0022,0.012,0.4203,0.0486
29.35696866794438,24.431474100591338,1.0378812413668743,0.1231,0.0545,0.1455,0.0105,0.2342,0.3006,0.0616,0.07
24.23452275165325,21.815644774539376,0.9275234796300211,0.2388,0.0039,0.0026,0.1208,0.0237,0.009,0.1288,0.4723
28.75572078660882,24.71079126377684,1.0018182146557904,0.2531,0.1109,0.1806,0.0174,0.2007,0.0268,0.035,0.1755
20.62656433365732,16.741126144417553,0.9931568635364214,0.2276,0.2895,0.0069,0.2115,0.0736,0.0258,0.0586,0.1066
20.319632087602084,17.859051216195244,0.9138017406435816,0.2592,0.034,0.0272,0.36,0.0826,0.0194,0.0801,0.1373
25.09770815057196,20.130479111836046,1.0480479889903473,0.1911,0.1988,0.1037,0.1492,0.1376,0.0619,0.1032,0.0544
21.81108987715233,19.630189543630983,0.9073315281833915,0.3144,0.1272,0.0192,0.2278,0.0686,0.1313,0.0492,0.0623
23.4930227171669,24.31439850497502,0.801706968534648,0.5041,0.0534,0.0429,0.0818,0.1745,0.047,0.0084,0.0879
34.80154795797863,34.891461310261526,0.8827818268798028,0.0378,0.0279,0.3583,0.0318,0.2897,0.112,0.0817,0.0609
28.58564639238138,26.613320746351967,0.9238097953541357,0.2248,0.0351,0.0986,0.0246,0.2054,0.1915,0.2187,0.0013
26.730118987277358,22.056351375470896,1.0305475552296361,0.1383,0.0734,0.0506,0.0487,0.0955,0.0317,0.1985,0.3632
24.772330252583306,17.57972714950612,1.1816070907088496,0.0374,0.2272,0.1258,0.1769,0.1266,0.0147,0.0217,0.2697
29.057122650946066,31.23497638417448,0.8022135935931591,0.1282,0.0189,0.0215,0.0404,0.0272,0.1334,0.4561,0.1743
27.468932779898957,22.927714613509306,1.0236054127292198,0.1,0.0812,0.1106,0.139,0.1082,0.3624,0.0848,0.0138
27.273406742735546,27.155344129056004,0.8570470192581056,0.1792,0.049,0.0303,0.0377,0.0897,0.5638,0.0497,0.0006
31.39298899949879,33.22226247492751,0.8245371313941062,0.0102,0.0304,0.3741,0.3053,0.1629,0.0706,0.0313,0.0153
29.043985935690053,22.36443010000759,1.119813284921647,0.1251,0.0745,0.1468,0.0747,0.0102,0.1438,0.0365,0.3884
27.243309298737163,27.01191890655219,0.8604834546981818,0.2432,0.1462,0.0222,0.0151,0.0027,0.4741,0.0833,0.0131
26.542548534195078,19.905945256603065,1.1324530557883161,0.0179,0.1255,0.1096,0.1345,0.1747,0.1281,0.1452,0.1644
26.66639644283179,22.33603493013197,1.0147905173739746,0.0544,0.0131,0.0521,0.1117,0.1728,0.2013,0.2362,0.1583
27.488294831780735,23.52915840639964,0.9982632793781612,0.2477,0.0396,0.0822,0.084,0.0738,0.1567,0.1671,0.1488
35.531828690735054,35.30072249673392,0.8932346552865154,0.024,0.174,0.3961,0.0652,0.1,0.0718,0.0453,0.1236
24.202646998521427,22.016395069269045,0.9176182992246861,0.1821,0.2113,0.0114,0.1605,0.0238,0.1471,0.2397,0.0242
27.14344256729366,22.547294570457403,1.0264398903812328,0.0005,0.3138,0.2304,0.2643,0.0119,0.0619,0.0246,0.0927
19.473314316394223,14.617947292241116,1.0585148521233974,0.0488,0.342,0.0192,0.3575,0.0126,0.0272,0.0953,0.0973
25.939382187657195,24.472904398053146,0.8964764390369009,0.395,0.2722,0.0573,0.0059,0.0215,0.1554,0.056,0.0367
31.73008541221616,29.295285992505104,0.9465715890027705,0.0369,0.2103,0.2797,0.033,0.2467,0.0623,0.1077,0.0235
28.54186581510935,24.66852089703667,0.9948657204679614,0.0788,0.0036,0.1461,0.1151,0.1859,0.0378,0.2087,0.224
21.219624686555218,16.202222180110518,1.0627940102990094,0.023,0.2507,0.0276,0.2207,0.2024,0.2197,0.0136,0.0422
26.835023172596923,21.968006509069852,1.0394672435648227,0.0024,0.1053,0.0854,0.2088,0.0088,0.4125,0.1233,0.0535
27.507583743474452,23.56116163401152,0.9977260081073538,0.0443,0.2828,0.2089,0.0342,0.3602,0.0378,0.0001,0.0317
27.42590108841863,22.983109467957902,1.0192659579452488,0.0523,0.1211,0.022,0.0004,0.0734,0.1011,0.2636,0.3661
24.87059844987398,20.375036150785352,1.0243220328749958,0.1944,0.068,0.0742,0.2115,0.0256,0.2697,0.0199,0.1367
27.517340609086254,24.031906458249182,0.9785882218684195,0.0209,0.0415,0.0627,0.1102,0.1123,0.1203,0.3018,0.2304
27.85168569868377,24.22697427059881,0.9845094741207333,0.1295,0.1031,0.1424,0.1899,0.0049,0.3871,0.0299,0.0133
28.58596455600699,28.283912203798963,0.8692561474117685,0.0625,0.0249,0.1051,0.0265,0.3414,0.1124,0.3124,0.0148
24.29245159964867,20.048681720405998,1.0121588981581047,0.0257,0.0247,0.0202,0.2025,0.1319,0.4054,0.0964,0.0931
28.91322048538767,28.078863571753153,0.8872588600932529,0.0154,0.0632,0.0845,0.0085,0.2895,0.169,0.3416,0.0282
23.583167684132544,20.245936421229576,0.9672641105203678,0.2546,0.1131,0.0028,0.101,0.0127,0.1021,0.0248,0.3888
33.58507379072831,28.82854981723007,1.0262421793081693,0.0101,0.0887,0.2483,0.068,0.0184,0.2145,0.175,0.1771
27.657604658124708,22.111690704712792,1.0699138737990046,0.1244,0.088,0.0734,0.0186,0.1664,0.2855,0.1122,0.1314
22.96871454657996,18.826733197008576,1.0075414756285994,0.0654,0.0675,0.1547,0.435,0.0697,0.0347,0.0318,0.1412
29.810397865617617,26.50723054934089,0.9737115998434398,0.2063,0.1929,0.2105,0.0462,0.155,0.0902,0.09,0.009
25.88425568957129,18.85618760813525,1.1605875028592534,0.0453,0.1341,0.1086,0.1543,0.1401,0.2243,0.0347,0.1584
26.441574764161714,21.943467459037493,1.0226995713441391,0.2388,0.0342,0.0761,0.0514,0.1627,0.049,0.1123,0.2755
27.529870842280204,23.611079537904583,0.9965605682919321,0.0212,0.0734,0.1916,0.0824,0.3982,0.042,0.049,0.1422
22.206922444206135,16.839293633469058,1.0812165189648357,0.1582,0.3339,0.039,0.1234,0.1748,0.0463,0.0542,0.0703
26.18987841739398,21.964489857439496,1.01026149759987,0.089,0.3939,0.0554,0.0194,0.0536,0.2906,0.0966,0.0015
29.235373929043508,25.99065020075311,0.9709404625942096,0.0996,0.171,0.111,0.0718,0.0268,0.1064,0.2998,0.1134
22.67831150709881,17.623966692126896,1.0598244897638691,0.0095,0.0367,0.122,0.4453,0.0546,0.1044,0.0608,0.1669
34.16046994868561,34.80266412420653,0.8666138270635408,0.0339,0.0699,0.2154,0.0629,0.0138,0.1348,0.4043,0.065
20.67721758585382,16.67117221599809,1.0003626241620807,0.0249,0.1583,0.0004,0.1117,0.4282,0.0868,0.0308,0.1588
32.593886222388306,29.36060360046728,0.9738861847490504,0.0797,0.1943,0.303,0.0015,0.1711,0.0059,0.0211,0.2234
26.51440868962312,25.248303465211375,0.8917196642794166,0.0506,0.1149,0.0779,0.2082,0.0336,0.0263,0.3472,0.1413
27.624939268131914,22.182929461337537,1.06500538214791,0.1046,0.5288,0.1509,0.0066,0.0398,0.0137,0.1055,0.0502
24.1632207740102,17.410417885689096,1.1581123960605122,0.0034,0.3801,0.0824,0.1239,0.1636,0.0693,0.1145,0.0628
25.543008711158944,19.71656865128598,1.0926347830687992,0.1189,0.0586,0.0343,0.1168,0.0067,0.1688,0.0803,0.4155
24.6168606430999,18.89037951145782,1.0913947298197422,0.1002,0.1458,0.0469,0.0425,0.2542,0.0206,0.1105,0.2793
22.108518387922658,15.618037201978163,1.1594618551445794,0.0234,0.3653,0.032,0.1852,0.0917,0.1264,0.0696,0.1063
24.37408873040992,23.972083446147924,0.8499089691632051,0.2601,0.0163,0.018,0.1403,0.1809,0.0903,0.2452,0.0488
28.815944186408466,23.644224956482592,1.0495562545222958,0.0257,0.0765,0.1507,0.1479,0.0369,0.4274,0.0005,0.1345
35.389533724533386,36.45230676223557,0.8611124099573529,0.2753,0.0714,0.366,0.0193,0.0938,0.0143,0.0651,0.0947
28.17241748930449,23.398617890706443,1.033070312195892,0.0467,0.276,0.2233,0.111,0.1934,0.0353,0.0356,0.0787
26.220522108798725,21.5701827218756,1.0301499247970476,0.0137,0.2632,0.0831,0.0416,0.2654,0.1211,0.2014,0.0104
16.456643304649585,14.106314906886436,0.8830543899575422,0.0171,0.2902,0.0048,0.5036,0.0565,0.0014,0.0615,0.0648
29.190068698725185,32.07135055038669,0.7854383512521417,0.0542,0.0223,0.1045,0.0988,0.1753,0.0099,0.4427,0.0923
25.63114452692711,20.189749095752806,1.0713924390213208,0.1341,0.0791,0.0652,0.1235,0.1323,0.0763,0.1625,0.2271
32.46301060633124,30.04162636020761,0.9474523870662555,0.0967,0.0743,0.2439,0.0214,0.2149,0.1338,0.1782,0.0367
25.35507080429764,22.340689527700956,0.9558823499077226,0.2821,0.078,0.0497,0.0947,0.1011,0.2643,0.0417,0.0885
31.31156062794608,33.39622252674758,0.8178038880317019,0.0114,0.0474,0.3623,0.1863,0.3416,0.0138,0.0245,0.0128
27.158268875014336,26.080845128595637,0.8879416583637881,0.1159,0.0579,0.0053,0.0425,0.1235,0.2646,0.3182,0.0722
23.321598587137736,16.66348401985079,1.1595173352775685,0.0346,0.3996,0.0852,0.1966,0.0088,0.1106,0.0005,0.1641
23.192283253351196,20.92118758425411,0.9173610807732474,0.2881,0.049,0.0814,0.339,0.0082,0.0868,0.1193,0.0282
28.82454284900341,25.206950196586252,0.9848292893586693,0.0145,0.112,0.0583,0.0148,0.1024,0.1478,0.322,0.2283
28.511995193104156,22.696768963630543,1.079977296873504,0.0985,0.2684,0.1931,0.0824,0.0974,0.1378,0.0113,0.111
23.001039639251957,19.77764625840363,0.96073311206981,0.2142,0.1731,0.0223,0.2195,0.0365,0.0915,0.1775,0.0655
32.768648078639934,31.2580287404195,0.9203602798355429,0.0909,0.2795,0.3357,0.1215,0.0012,0.1207,0.0143,0.0362
33.033693126771865,34.02028108741321,0.853423081725028,0.4045,0.0449,0.3124,0.0485,0.0725,0.0475,0.0043,0.0654
32.58120622058851,34.696824109847356,0.823741277590788,0.3755,0.0049,0.212,0.0558,0.0211,0.0335,0.2894,0.0077
22.07788319178535,17.65350203425114,1.0240394884092023,0.2312,0.1679,0.048,0.1988,0.159,0.0584,0.0355,0.1012
33.084635903689765,32.71232357352567,0.8891033325198637,0.1037,0.069,0.3073,0.2004,0.0008,0.1166,0.1898,0.0124
26.32374143173099,19.63268366725343,1.1370702961493817,0.1225,0.0908,0.0675,0.1022,0.0419,0.1902,0.0663,0.3187
22.000745883744525,17.868929875092295,1.0073768272399999,0.1287,0.1308,0.0037,0.251,0.0639,0.0527,0.1761,0.1931
24.149463955557017,23.572549854465645,0.8547850817988555,0.1683,0.1648,0.0014,0.1489,0.0871,0.0753,0.306,0.0483
24.315335075815927,20.18260539701006,1.0065764392750565,0.2126,0.3067,0.0348,0.0943,0.0478,0.0509,0.1688,0.084
23.943188166900367,18.928084418129583,1.053629502402182,0.0811,0.0279,0.0955,0.2811,0.1891,0.1662,0.0992,0.0599
38.37214964632915,42.04847404568324,0.8174410707267471,0.0291,0.1006,0.416,0.0043,0.1608,0.0257,0.2467,0.0168
26.80119724740417,33.09220108008994,0.6890202677126424,0.0526,0.0607,0.0179,0.1981,0.0193,0.0613,0.5382,0.052
28.965089002628453,24.94034572952932,1.0009920982398346,0.0544,0.1482,0.0794,0.0174,0.1029,0.1634,0.2904,0.144
30.93756227819436,28.41519231249411,0.9479985911040258,0.2171,0.1559,0.2342,0.053,0.1235,0.0495,0.1272,0.0396
23.348684983746487,20.869977248133715,0.927106184817558,0.2537,0.0209,0.0694,0.3323,0.0213,0.1863,0.1072,0.0089
27.769183019025373,24.50277708492209,0.9700607786883005,0.0178,0.0176,0.0402,0.0021,0.289,0.3586,0.2249,0.0498
24.2512169467708,19.173062712544183,1.0562327600128916,0.1766,0.2947,0.0018,0.0065,0.0341,0.0515,0.0784,0.3563
28.218337624779643,24.557990657810272,0.9861693475755677,0.0463,0.126,0.0437,0.0083,0.1408,0.335,0.2457,0.0543
24.603278232210766,18.12098251744593,1.1369846095472476,0.0164,0.0515,0.0333,0.0849,0.2332,0.1953,0.0546,0.3308
25.673325315087336,22.877505666022653,0.9473640016304858,0.0483,0.022,0.0101,0.1614,0.101,0.3141,0.259,0.084
23.350311661308805,21.45073749218685,0.9020814164714337,0.3622,0.0619,0.0117,0.0986,0.0696,0.0495,0.0224,0.3241
19.53275684832581,17.645427611433725,0.8802709228911536,0.0756,0.0499,0.1128,0.6004,0.0203,0.0372,0.0291,0.0746
31.52118581278993,28.685510960936035,0.9594106882135836,0.0159,0.2244,0.2395,0.0768,0.1072,0.033,0.2258,0.0773
25.58500908555994,20.144674699219856,1.071499510805993,0.0042,0.228,0.1198,0.2546,0.0431,0.1321,0.1748,0.0435
25.099496804468156,19.87707669524017,1.0614989884061126,0.0911,0.3515,0.0729,0.1419,0.0168,0.0331,0.2015,0.0913
24.49227027568906,22.890526996780817,0.8952292919499393,0.2698,0.2012,0.0206,0.0735,0.1341,0.0723,0.2137,0.0148
24.09872043933395,18.792467761889394,1.0695093743937982,0.1278,0.144,0.0212,0.0953,0.0441,0.1071,0.0239,0.4365
24.828873023784354,17.807408197894166,1.1696745979152368,0.0113,0.2129,0.1104,0.186,0.1305,0.0004,0.1046,0.2438
26.88178129103949,26.270938559619424,0.8709921512362964,0.2624,0.1226,0.0237,0.0552,0.0154,0.0848,0.3095,0.1263
22.887794553316557,18.170728919153742,1.039462678539382,0.1236,0.0467,0.0541,0.1732,0.2747,0.0153,0.0785,0.2338
29.516290590715823,25.32559319123784,1.0075298295300725,0.1541,0.0812,0.0986,0.0061,0.1068,0.3434,0.1526,0.0572
29.297551080096447,24.247161272918003,1.0433201146870599,0.1803,0.227,0.1811,0.0503,0.0771,0.1266,0.0765,0.081
23.948438712987265,20.30539510377047,0.9824206133907278,0.0244,0.0765,0.0484,0.095,0.3842,0.3521,0.0074,0.012
37.259920047378,38.54919624481585,0.8627915310128118,0.1825,0.1618,0.4059,0.0064,0.0348,0.0745,0.0855,0.0486
22.069675156730856,15.431026839162412,1.170996288521242,0.0494,0.4129,0.0173,0.0959,0.1112,0.009,0.0555,0.249
30.280902102291506,27.575947665307616,0.9530371329850846,0.1378,0.0855,0.114,0.0159,0.1096,0.2313,0.2722,0.0338
22.66891775450556,16.835026392660275,1.108933085049681,0.0767,0.2847,0.0032,0.1027,0.1534,0.0627,0.1329,0.1838
25.046434943086766,19.196117289630784,1.096390203578068,0.1018,0.2219,0.0543,0.1119,0.1047,0.2251,0.0991,0.0813
26.045191680077433,23.211483987692496,0.9497536517599017,0.0207,0.0672,0.2271,0.4013,0.077,0.1789,0.0041,0.0237
33.97174564474552,35.27175782968347,0.8497377927539054,0.0945,0.2706,0.4017,0.1341,0.0386,0.018,0.0163,0.0262
35.62464476164463,35.69931207265345,0.8858614613436736,0.1569,0.0088,0.3303,0.0392,0.1163,0.1131,0.1782,0.0573
29.17340931064043,22.521906182275,1.117729960639486,0.0801,0.2565,0.1859,0.0034,0.1476,0.0523,0.0399,0.2343
28.43366276001375,27.392563189341963,0.8919816152699621,0.144,0.1454,0.1305,0.0862,0.1584,0.0265,0.2978,0.0114
23.363612236504316,19.957735944371123,0.9702309064754225,0.2544,0.0563,0.079,0.3147,0.0072,0.1668,0.056,0.0656
26.358357640848073,21.38959287504915,1.0452914074362294,0.039,0.5789,0.0883,0.008,0.0288,0.0737,0.1707,0.0126
22.887118836176487,21.7589011858762,0.868018043504706,0.1048,0.0595,0.0061,0.0048,0.5224,0.0359,0.142,0.1244
22.07143868144809,17.25137014834808,1.04753642905161,0.0545,0.0376,0.0587,0.2322,0.3255,0.185,0.0102,0.0962
25.27863750097795,21.146564387667276,1.0062456061840332,0.2363,0.015,0.1179,0.2195,0.1188,0.0424,0.0875,0.1626
36.183231434366824,34.35276183545887,0.9368455319114208,0.0497,0.0867,0.3557,0.0164,0.0806,0.091,0.1095,0.2104
33.65744018426335,29.10279107041614,1.0190582790669527,0.0307,0.1361,0.2978,0.0136,0.0682,0.0848,0.0207,0.3483
25.277724343977198,22.08353455275154,0.9635108135951026,0.2499,0.1018,0.0543,0.1588,0.0427,0.2448,0.1124,0.0355
27.243563626580265,20.801245265691048,1.1174121226731315,0.0226,0.3877,0.1368,0.0351,0.1417,0.1743,0.0594,0.0423
32.910485833395015,26.72113692136453,1.0819332245657565,0.003,0.1137,0.2412,0.0434,0.0107,0.1478,0.1039,0.3363
25.723419554451986,19.518308093156485,1.1129765679879116,0.1132,0.2578,0.0498,0.0646,0.0433,0.2244,0.0819,0.1651
39.10703745681788,41.784532723029095,0.8401921756437165,0.0583,0.0604,0.4623,0.0811,0.0256,0.2367,0.0656,0.01
30.608221735412794,27.52154711762229,0.9668141700644189,0.174,0.1771,0.2686,0.1521,0.0147,0.0844,0.0375,0.0917
24.160325981100822,18.677937608119922,1.0793657417688587,0.0517,0.0536,0.0448,0.1473,0.2028,0.3139,0.002,0.1839
30.56628381470783,29.881217970543666,0.8890629505429252,0.0874,0.0896,0.3167,0.283,0.0476,0.045,0.0757,0.055
28.967776822389496,26.1362663110215,0.9552924096071342,0.1961,0.1025,0.0912,0.0525,0.0482,0.1915,0.2553,0.0626
22.322684458176585,16.87805265739816,1.0855923269172405,0.0164,0.2891,0.0536,0.1176,0.3408,0.0163,0.0973,0.069
26.095886695768623,22.776749714726343,0.9701071036260496,0.3142,0.0407,0.1206,0.173,0.0856,0.108,0.0642,0.0938
27.078958119730622,22.23445831676721,1.0379815775555266,0.0681,0.1479,0.1881,0.1324,0.2714,0.0906,0.032,0.0694
33.144277245901584,30.81881092053266,0.9456652082084246,0.2322,0.0009,0.251,0.0602,0.0473,0.1318,0.1501,0.1265
37.88104866164363,37.636623516582524,0.9002148836947556,0.0621,0.0293,0.3899,0.0305,0.0398,0.1052,0.1459,0.1973
25.81844254804216,24.663470569623776,0.8846460795713952,0.0399,0.4568,0.0237,0.0348,0.0259,0.0242,0.35,0.0448
20.887022515457073,23.156918795252263,0.729243068335988,0.5182,0.0129,0.0219,0.2953,0.0394,0.0093,0.0594,0.0436
25.241357656691736,20.678400313390462,1.0272244145953944,0.0238,0.1743,0.006,0.006,0.263,0.2053,0.2002,0.1213
25.441549070084825,22.65518429800535,0.9464301321959504,0.2555,0.0115,0.1779,0.2945,0.1028,0.0563,0.0038,0.0976
21.01863082615395,17.228257409216052,0.9878323977821478,0.0935,0.0782,0.0086,0.3116,0.1564,0.1856,0.1218,0.0442
23.821159266597682,18.02300325615444,1.0997700541295312,0.1253,0.0763,0.031,0.1759,0.1094,0.1796,0.09,0.2125
23.57943517901961,25.014514504445735,0.7827229737175124,0.5236,0.0204,0.0214,0.0401,0.1858,0.0215,0.0242,0.1629
25.905748930834548,18.753171883119833,1.1681090040321351,0.0439,0.2052,0.0576,0.1222,0.0202,0.1934,0.134,0.2235
20.90734164896032,16.98596397051028,0.9953713359049587,0.2159,0.1,0.0271,0.3293,0.0171,0.0793,0.0416,0.1897
24.049163697425033,21.615038311011865,0.9275562415825518,0.35,0.1528,0.0818,0.1429,0.1448,0.0027,0.0815,0.0435
25.58929316930883,18.79809521436876,1.1484830203863714,0.1041,0.181,0.0817,0.113,0.0998,0.043,0.1216,0.2558
34.57649169814624,35.39337984954706,0.8639042619869358,0.0402,0.1569,0.342,0.1448,0.0023,0.0007,0.2406,0.0724
24.629965288325252,19.874567695364068,1.0380082527851606,0.0848,0.0579,0.1066,0.2189,0.2106,0.0105,0.1373,0.1733
22.268348486075702,17.98185698825549,1.0159322531598005,0.0304,0.0535,0.022,0.1635,0.2058,0.0532,0.0024,0.4691
31.440980601858072,30.51975752858635,0.8991218418480377,0.3487,0.0943,0.2695,0.083,0.0485,0.0615,0.0288,0.0658
28.972616594185656,23.981221090305592,1.0413404930527426,0.0755,0.0172,0.1771,0.1143,0.0429,0.0016,0.0341,0.5372
25.113368367824396,20.171434265382644,1.046696436656379,0.1871,0.4173,0.04,0.0245,0.0082,0.0374,0.153,0.1326
22.55255390950964,18.25243733616474,1.0164425477988224,0.2198,0.4006,0.054,0.1568,0.0167,0.067,0.0181,0.0671
29.145452143464773,27.03401133211206,0.9301413628393365,0.2724,0.1345,0.2083,0.138,0.0722,0.057,0.1171,0.0005
28.87114911059626,27.23494535647395,0.9132072337602176,0.3993,0.096,0.1805,0.0938,0.0346,0.0129,0.0922,0.0907
23.27416402607046,19.62800989623405,0.9819724020909789,0.244,0.0673,0.0212,0.1743,0.0139,0.0119,0.0732,0.3942
24.233274879625302,19.77381243077415,1.0232359060985168,0.0828,0.0617,0.0157,0.1545,0.0872,0.0406,0.1907,0.3667
26.405449889475147,25.810174488172255,0.8680859519079441,0.0421,0.0129,0.0602,0.096,0.2741,0.0124,0.3209,0.1814
31.026626826136045,25.25270126953021,1.070246962401058,0.0006,0.1678,0.1529,0.0257,0.0469,0.1563,0.2398,0.2102
25.114016652741867,23.234731038388265,0.9087265360574835,0.0494,0.0597,0.0502,0.2521,0.082,0.1523,0.3033,0.051
24.555765308893676,18.98393420756905,1.0827979640120078,0.024,0.5714,0.1186,0.0722,0.1294,0.0473,0.0362,0.0009
35.58666641182251,39.40517739862974,0.8015867075609435,0.0886,0.0308,0.4277,0.2219,0.0458,0.0257,0.1389,0.0206
22.170586393063754,20.724522771902542,0.8767674215253192,0.2497,0.1484,0.0003,0.1888,0.0944,0.2715,0.0438,0.003
24.83431138890889,25.444330873777048,0.8188193862225219,0.0683,0.0935,0.0529,0.286,0.0298,0.0317,0.3682,0.0695
24.19669808120047,19.213493427985686,1.05117261246113,0.1965,0.0497,0.0629,0.1857,0.0355,0.0557,0.025,0.3891
26.3566490002368,19.124461573628295,1.1690080222214219,0.0225,0.0647,0.0962,0.1524,0.0902,0.2636,0.0221,0.2884
29.6250031580504,22.888349433335488,1.1195653593408157,0.0337,0.0157,0.1759,0.0869,0.0962,0.1667,0.0229,0.402
22.580857289260692,19.346804113574876,0.9604096459643818,0.2912,0.037,0.0779,0.295,0.082,0.0354,0.0444,0.137
28.062336294741712,22.874742657274457,1.0519172458138928,0.0165,0.1757,0.2011,0.2174,0.0848,0.1381,0.1014,0.0651
25.959707312726227,23.22585577118727,0.9454853904659238,0.3516,0.0027,0.0756,0.0917,0.1209,0.049,0.1018,0.2066
36.11586243976945,36.485326828322876,0.8802405030078697,0.2204,0.0157,0.3593,0.057,0.0216,0.3018,0.0028,0.0215
32.9608577420971,33.13934224199538,0.8739116645893126,0.0367,0.0491,0.3585,0.1297,0.2552,0.126,0.0145,0.0302
34.15998053415546,36.33181548317068,0.830125886445887,0.1735,0.0522,0.3934,0.1582,0.1171,0.0589,0.0386,0.0081
25.69714117918303,20.275331634835144,1.0701250943735523,0.1283,0.4044,0.1488,0.0747,0.1545,0.0478,0.001,0.0405
32.393880320526506,29.30968571928051,0.9687541719987954,0.0994,0.2374,0.209,0.0275,0.0093,0.1778,0.2312,0.0084
22.594441843088724,21.474699090907485,0.8658767121426962,0.0192,0.039,0.1008,0.1103,0.6152,0.0038,0.0047,0.1069
38.00935765185917,41.93003301568544,0.8110978028358992,0.0901,0.0878,0.4782,0.0798,0.1025,0.0349,0.0517,0.0749
24.030988206475993,19.283313398806495,1.0387731502468747,0.1198,0.447,0.012,0.0449,0.0244,0.1119,0.1452,0.0949
31.18159764895604,29.08879742400634,0.9344352484824164,0.0639,0.0957,0.3063,0.2166,0.0521,0.0155,0.0787,0.1713
25.94919258887604,20.986116075780046,1.0458911267629685,0.0064,0.0393,0.0708,0.2252,0.0978,0.3072,0.1859,0.0672
29.025104771167715,25.930427146553985,0.9650864842962457,0.2162,0.0047,0.0846,0.016,0.0456,0.4472,0.015,0.1708
24.77689388505234,18.84385610111119,1.1025818587007337,0.1691,0.2011,0.0721,0.1071,0.1369,0.1351,0.0577,0.1209
23.784398971045057,22.825792897635854,0.8667562638358203,0.0628,0.0144,0.05,0.181,0.3413,0.0263,0.2492,0.0749
22.168793940994085,18.13430820445178,1.001901684704677,0.0977,0.3772,0.0209,0.026,0.3103,0.1515,0.0056,0.0109
29.924752547171035,26.480713960790293,0.9790050444092081,0.0983,0.064,0.1338,0.0034,0.166,0.4884,0.0134,0.0327
33.60461516351185,35.634950317206744,0.8307747001184096,0.0453,0.0224,0.3335,0.2138,0.0788,0.0247,0.2508,0.0306
25.804184123094586,28.152656354920524,0.7744982870607039,0.2947,0.0703,0.0087,0.1248,0.0075,0.0176,0.3682,0.1083
36.527610424278976,37.100959833476665,0.8767323155593647,0.0712,0.0947,0.3884,0.0964,0.0379,0.1836,0.1168,0.0109
26.89828242182022,20.475727995269537,1.1183134698365966,0.031,0.1434,0.0525,0.0922,0.0121,0.3437,0.0934,0.2317
25.707458051442632,19.662939564911355,1.1039782724135374,0.0958,0.1397,0.0752,0.0039,0.2209,0.0216,0.0243,0.4186
28.80810533387607,24.949476639175547,0.9943336965602919,0.3353,0.0232,0.1229,0.0505,0.004,0.1511,0.0584,0.2546
25.15571745937166,20.695458107624187,1.0222396310028004,0.0701,0.1464,0.0293,0.1475,0.0884,0.2714,0.1885,0.0582
28.170517481303435,26.765478541033318,0.9030482098143089,0.2245,0.0886,0.1262,0.0857,0.1488,0.0122,0.2565,0.0575
22.688926173894362,22.269315838745726,0.8392231853561504,0.3658,0.0627,0.0021,0.0452,0.2839,0.1405,0.0136,0.0864
29.252581940179827,23.800065864047788,1.0610299183384277,0.0232,0.3655,0.1994,0.0277,0.1397,0.1796,0.0401,0.0248
27.218758580979685,23.224299090506527,0.9997614348013151,0.0238,0.168,0.0576,0.0055,0.209,0.0613,0.2745,0.2002
28.31790994055782,22.132950918050952,1.0987197337850183,0.1089,0.1795,0.1648,0.0653,0.1409,0.1871,0.0171,0.1365
25.968085539542585,24.308109561683516,0.9037348414033202,0.3733,0.1057,0.078,0.099,0.0757,0.1835,0.0802,0.0046
24.936040546688535,20.89171739974043,1.0021215655036888,0.1028,0.0551,0.0499,0.2166,0.0147,0.3969,0.0302,0.1338
33.64615438441344,32.18276174377,0.9211811783105409,0.136,0.0008,0.2131,0.0027,0.0767,0.0411,0.2991,0.2305
29.703219610073354,24.953209706719683,1.0300566505138498,0.2228,0.0108,0.1702,0.0357,0.1452,0.1894,0.029,0.1969
28.059789010310578,23.159524852381267,1.0388723069090402,0.1627,0.4631,0.1678,0.0183,0.0321,0.0692,0.0517,0.0351
28.595782985591452,35.562057286043476,0.6916299242126298,0.0084,0.0925,0.0016,0.0604,0.0673,0.1158,0.5856,0.0684
27.164716505027727,20.8944227484301,1.1086554906987418,0.1733,0.1644,0.115,0.0519,0.0981,0.1659,0.0124,0.219
23.013009198111167,17.987339192889696,1.0570217748285369,0.0384,0.048,0.0006,0.2554,0.0561,0.2523,0.1421,0.2072
27.511865362730553,20.707934277993814,1.1354037079264085,0.0938,0.1209,0.1199,0.0899,0.1183,0.1041,0.1165,0.2365
25.708227468846673,30.282299744257834,0.7168619177598297,0.679,0.0219,0.0448,0.0233,0.0393,0.1205,0.0368,0.0343
32.88756719090013,37.518294061073185,0.7699595067909072,0.0608,0.029,0.1406,0.0016,0.1114,0.0396,0.5229,0.094
26.19530453077843,20.91175782458395,1.0613791875824774,0.0515,0.3025,0.1805,0.1901,0.1289,0.0727,0.0513,0.0224
29.24538415808866,24.035374945996516,1.0503428473577314,0.068,0.2382,0.2255,0.1666,0.0041,0.0352,0.0915,0.1709
29.442863599939738,23.909321667756014,1.0641399180409143,0.0719,0.0035,0.0942,0.011,0.1068,0.4395,0.0439,0.2292
27.6438536252883,23.330203770850094,1.0134439397751893,0.0954,0.0553,0.0489,0.0322,0.0963,0.4528,0.0574,0.1617
27.125674000485052,21.497148007225668,1.0757554440576023,0.0157,0.3932,0.0944,0.0766,0.0103,0.1036,0.2196,0.0867
24.199556337691032,19.738617681743943,1.0233521244181858,0.0299,0.0167,0.1418,0.4405,0.0137,0.1607,0.0999,0.0968
21.05633020325418,16.54520582187249,1.030892597341158,0.1131,0.0816,0.0908,0.4162,0.0972,0.0459,0.0362,0.119
22.668320987758555,20.073145679258992,0.9300147214618183,0.3353,0.1314,0.025,0.2024,0.0144,0.0898,0.0671,0.1345
26.58655271866317,21.297864527027695,1.0605078593677824,0.0297,0.1563,0.1793,0.2599,0.0828,0.2157,0.028,0.0483
19.856865924119724,21.144645453741187,0.7499234715857636,0.0113,0.0341,0.0149,0.1443,0.6594,0.0079,0.0893,0.0389
23.907090387386802,20.154649233887955,0.9877170352295236,0.2384,0.1755,0.0947,0.0966,0.2953,0.0138,0.0338,0.052
24.674501046408647,25.250071808199863,0.8187897921024796,0.4991,0.0259,0.0694,0.1803,0.0202,0.0592,0.0972,0.0487
26.077593201673693,20.258092888212975,1.089815972485711,0.0808,0.3639,0.1282,0.0927,0.1304,0.1306,0.0677,0.0057
28.297258724527325,25.869297172231576,0.93923149758426,0.2971,0.156,0.1782,0.0104,0.2483,0.0792,0.0303,0.0005
33.17513533872008,34.263885685767505,0.8514835592869964,0.037,0.0899,0.3083,0.0823,0.2443,0.0122,0.2253,0.0007
26.76288557050988,23.404211911825453,0.9725978236852518,0.0992,0.0865,0.1816,0.2104,0.2193,0.0284,0.1268,0.0479
29.89127202488873,28.401004843006127,0.9116322527322327,0.0189,0.048,0.0583,0.0645,0.0159,0.2639,0.3867,0.1439
27.016150465113054,20.077673838272478,1.1463554319345097,0.075,0.2894,0.0701,0.0457,0.0079,0.1455,0.1545,0.2117
32.57943649116793,29.208692451599678,0.9784565515394279,0.0221,0.0733,0.2418,0.1012,0.0279,0.4728,0.0056,0.0553
23.860980666524227,17.34566935892532,1.145010910536274,0.1518,0.3115,0.0817,0.1546,0.0588,0.0146,0.06,0.1671
31.515779339921522,32.45745441512208,0.8477491484083175,0.0174,0.0672,0.1861,0.1328,0.0725,0.0627,0.398,0.0634
28.93583662445111,36.03768541308761,0.6919377961880787,0.109,0.0543,0.0386,0.1053,0.0274,0.0543,0.5681,0.0431
27.470399539753345,21.862866157164703,1.0735280256043571,0.0251,0.0778,0.1713,0.171,0.1928,0.267,0.0102,0.0849
32.51350584551037,28.031191748970365,1.0172063357440995,0.0021,0.0065,0.203,0.0826,0.0919,0.3452,0.185,0.0836
30.653684836509576,29.866859243377576,0.8924167291684525,0.0025,0.0512,0.2498,0.1169,0.3031,0.0327,0.202,0.0417
22.678543285510894,17.04274102712068,1.0959823455503492,0.0762,0.4817,0.0616,0.1308,0.1152,0.0474,0.0726,0.0144
27.407795580116336,23.834035438369575,0.9821163369772014,0.114,0.1237,0.2182,0.2145,0.1777,0.0953,0.0321,0.0246
22.9415655597474,18.439859598728198,1.0272076887751251,0.1457,0.0138,0.0086,0.1924,0.1504,0.2241,0.0718,0.1933
24.15437575688464,21.957271585636207,0.9178907168989535,0.0118,0.0651,0.0054,0.0094,0.4813,0.2308,0.1693,0.0269
23.756904727937428,20.180069116625294,0.9790305778319043,0.216,0.0747,0.0051,0.0252,0.2612,0.178,0.0329,0.2069
27.5940899045492,21.875154462200925,1.078579351076972,0.0412,0.1621,0.1494,0.1603,0.0645,0.0019,0.1744,0.2461
32.02664298480897,28.015570876458533,1.0003952126622464,0.1234,0.2599,0.2602,0.0042,0.0933,0.1519,0.0377,0.0694
27.587068632964616,24.641689554315725,0.9572017609009118,0.2348,0.0003,0.0626,0.0776,0.0779,0.1332,0.2305,0.1833
24.452146115295374,27.84739036384544,0.7344367227260407,0.6005,0.0176,0.0561,0.0265,0.2267,0.0635,0.007,0.0021
30.560025118337215,26.155328284765172,1.015472825619542,0.1114,0.2489,0.2436,0.1078,0.0227,0.0726,0.0889,0.1042
22.151322584765847,18.89325091540962,0.9607305098542545,0.1506,0.0096,0.0515,0.3579,0.1004,0.0917,0.1581,0.0802
29.589609483850214,23.68328663104545,1.0804923270364784,0.1687,0.1918,0.1864,0.0281,0.011,0.0398,0.0014,0.3729
29.23946138227788,26.915797545210097,0.9377192461001205,0.1107,0.0191,0.1613,0.0886,0.2391,0.0834,0.2313,0.0666
23.225929531810078,21.664363118898912,0.8874449447829986,0.0523,0.042,0.0141,0.1371,0.3685,0.1042,0.2306,0.0513
21.966628245341973,17.46472503320194,1.0287381113178633,0.1891,0.167,0.0141,0.1512,0.1997,0.0889,0.0688,0.1212
27.563792746440186,21.108550974039257,1.1163150315443515,0.0773,0.0804,0.0505,0.0151,0.1042,0.1953,0.1551,0.3221
24.312892780122134,20.09343848361126,1.0109216895201818,0.0048,0.4079,0.0315,0.027,0.2225,0.0466,0.224,0.0358
23.588441334755082,20.969533564394652,0.934138152124442,0.3517,0.2182,0.02,0.0326,0.1259,0.054,0.0431,0.1545
23.212402084764054,18.036805276822463,1.0651776625571407,0.1402,0.2997,0.067,0.1115,0.2122,0.1301,0.0136,0.0258
23.677339276050763,20.745502441212153,0.9485110968901181,0.1197,0.0398,0.0932,0.3155,0.1396,0.0195,0.1924,0.0803
28.819111838892386,22.676529674533906,1.0944845703954706,0.131,0.2778,0.1561,0.0423,0.0507,0.0839,0.1181,0.1402
23.10849380955895,26.60093570466573,0.7183391600095997,0.6004,0.1483,0.0084,0.0717,0.062,0.0276,0.0759,0.0057
25.7371588853868,22.90163316875074,0.9491532208736595,0.3687,0.1735,0.0753,0.0392,0.1077,0.0177,0.0958,0.122
26.035601429557364,21.77857973747632,1.0118015818836323,0.2411,0.2422,0.1177,0.138,0.0502,0.0826,0.1029,0.0253
25.693983360315336,20.726204002135727,1.0466935169643163,0.2037,0.0291,0.1019,0.2077,0.0373,0.2252,0.0173,0.1778
24.008386222891083,19.303043343736235,1.0365405012357147,0.0075,0.018,0.0462,0.2288,0.1362,0.4016,0.0038,0.1579
31.986512185672044,30.954998451155507,0.9041031686637784,0.0615,0.1315,0.2446,0.0964,0.1308,0.0639,0.2593,0.012
20.78958120654302,19.488439961408886,0.861514889841867,0.3567,0.1033,0.0119,0.2757,0.0558,0.0305,0.0743,0.0918
26.144989536996587,22.310364069148395,0.992587546682822,0.3389,0.199,0.0967,0.0204,0.1041,0.0606,0.0102,0.17
28.76290660703851,25.19333846281755,0.9829148544003284,0.1567,0.0517,0.1372,0.0136,0.2726,0.0776,0.1768,0.1137
21.12677635322743,18.003092999815916,0.951324105996817,0.0466,0.1061,0.0231,0.4177,0.0132,0.216,0.1612,0.0162
32.15881875836692,30.249090440693564,0.930898031911907,0.2041,0.1059,0.2996,0.0866,0.1004,0.0542,0.0333,0.1159
25.953179021364072,22.034495400890368,0.996309587397086,0.1751,0.0137,0.0155,0.064,0.1312,0.1952,0.185,0.2203
26.718772543788198,21.963522723633645,1.0343865521782567,0.014,0.086,0.2027,0.3099,0.0974,0.1763,0.034,0.0796
20.356593683006707,17.49266883888334,0.9350542123480138,0.0077,0.1147,0.0104,0.3762,0.1053,0.0068,0.2083,0.1706
27.837710544231914,22.893963463476393,1.0412225293475774,0.0531,0.5373,0.1494,0.0274,0.0271,0.0009,0.1714,0.0335
27.40257817928879,21.84524672233624,1.0712892592492542,0.2075,0.1298,0.0777,0.0118,0.048,0.0337,0.1156,0.3759
29.58085819048726,23.04217438955781,1.110175531093972,0.0007,0.1648,0.1485,0.0841,0.0276,0.3611,0.0616,0.1516
34.99847259615831,39.02427592793581,0.7943381871684602,0.0338,0.0817,0.4422,0.2523,0.051,0.0057,0.1026,0.0308
26.81391301918393,28.98783590597956,0.7870167712132631,0.0501,0.0387,0.0238,0.1921,0.0124,0.1258,0.4474,0.1096
28.54050349468529,25.179598762977257,0.9746185285036527,0.0345,0.0284,0.1164,0.0898,0.2454,0.2529,0.2288,0.0038
21.564214943070116,15.999906665953572,1.0977698376481941,0.0423,0.1733,0.1076,0.3845,0.0938,0.0503,0.0131,0.135
21.44866454247755,19.027734875271154,0.9170121749569994,0.2526,0.0193,0.0477,0.319,0.1233,0.1873,0.0032,0.0476
23.32508305794847,21.859351249088917,0.8840648031013236,0.2922,0.1367,0.0203,0.152,0.1288,0.0396,0.1928,0.0377
26.343199293585663,20.500332169489006,1.0898945006773804,0.0168,0.0698,0.1365,0.1005,0.3398,0.1174,0.0546,0.1646
26.030313100483426,21.248350911604426,1.0368010765697562,0.0271,0.1245,0.0499,0.1387,0.0723,0.0835,0.2568,0.2473
27.44018112603764,26.215274496818115,0.8941421204223017,0.3775,0.0558,0.1873,0.1755,0.0896,0.0181,0.0566,0.0397
27.572633351195602,23.777325784846752,0.9913912760626091,0.0681,0.0091,0.0667,0.1716,0.0311,0.2645,0.2628,0.126
27.343258279712394,20.260221345644908,1.1521719275159947,0.0828,0.278,0.1544,0.0572,0.1101,0.0063,0.039,0.2722
24.705527374729986,19.66570836198178,1.0528747296364065,0.0416,0.1222,0.1128,0.1231,0.3701,0.0683,0.0752,0.0869
21.981278841480602,16.18607416265315,1.1109104444220086,0.0567,0.1289,0.0632,0.2527,0.2292,0.1559,0.0157,0.0977
28.465179571349168,25.57159676158957,0.9567325732313157,0.0,0.1141,0.1599,0.1327,0.2265,0.1052,0.2433,0.0183
28.06467730669095,22.629597900850577,1.0634160364725893,0.0154,0.1898,0.1243,0.1374,0.0055,0.3936,0.0525,0.0814
25.73045371619274,22.309013045216197,0.9740661172302502,0.2919,0.0183,0.116,0.0997,0.2297,0.0288,0.0302,0.1854
24.877100311344275,21.1490844875278,0.9871396713959923,0.0702,0.0334,0.0241,0.1968,0.0917,0.3893,0.1365,0.058
38.14853990972624,42.14662189028663,0.8102319563978228,0.2361,0.0298,0.4618,0.0737,0.0315,0.0482,0.0475,0.0714
32.0876033123449,29.79415365245061,0.942721972907415,0.1594,0.0225,0.1382,0.018,0.0337,0.287,0.283,0.0584
29.52547036746035,24.559289780006534,1.0393407381120758,0.0496,0.1399,0.0659,0.0149,0.0001,0.2547,0.2671,0.2079
19.50426235835795,14.68819891388819,1.05555912261633,0.01,0.2638,0.0268,0.2565,0.305,0.0396,0.0527,0.0457
30.272634615821907,32.10613980565606,0.8183056192633137,0.0956,0.0086,0.0285,0.0358,0.0095,0.368,0.4313,0.0228
28.28082027285993,22.556749948257103,1.0764325680143492,0.1355,0.0402,0.0649,0.0427,0.0073,0.3283,0.0801,0.301
19.01451867612786,17.363179354467835,0.8647332593649891,0.031,0.0442,0.0367,0.5337,0.068,0.0143,0.1679,0.1043
21.43114552943073,19.103760315665333,0.9124457824744043,0.301,0.0291,0.0469,0.3355,0.0543,0.0058,0.0866,0.1408
28.438940132665564,24.901650117541717,0.9814185010755491,0.0911,0.0711,0.1617,0.1868,0.1021,0.1268,0.2126,0.0477
29.159207425546175,24.144438391249402,1.0420291007748002,0.0159,0.0234,0.2045,0.0634,0.2902,0.0579,0.0304,0.3143
34.19689040196705,35.28606171257031,0.8557738930442813,0.127,0.087,0.3497,0.1554,0.052,0.0535,0.1713,0.0042
37.548637522068404,41.32709290903648,0.8117831466130719,0.0145,0.1196,0.4067,0.0443,0.14,0.0017,0.2605,0.0127
30.419455123411467,24.39283704966961,1.0830825077712436,0.0476,0.0845,0.2114,0.0325,0.1975,0.1457,0.0302,0.2507
27.249102715381806,23.14872861302825,1.0043360524904623,0.1512,0.0371,0.1324,0.0652,0.3097,0.236,0.0426,0.0258
26.887836276896504,25.37285719232199,0.9020598706488021,0.418,0.0011,0.1245,0.1157,0.0987,0.0377,0.0805,0.1238
24.75082743384576,19.081423475605035,1.0874884392338444,0.0431,0.1204,0.0858,0.253,0.036,0.0192,0.179,0.2634
27.51832143311065,25.172690579552302,0.9342792086045226,0.3793,0.1283,0.0971,0.0218,0.0539,0.195,0.0411,0.0836
23.44504328715702,18.769070627430366,1.0360152440760035,0.0443,0.0438,0.0976,0.347,0.1095,0.2928,0.0264,0.0386
25.699215726618846,18.57471579832358,1.1682125294523893,0.1341,0.2933,0.0992,0.076,0.0515,0.0258,0.0415,0.2785
33.5152630653993,30.53043777884998,0.9667487665652166,0.1067,0.0375,0.2715,0.0435,0.1212,0.1161,0.1524,0.1511
33.599325388288925,31.87396188458353,0.9286365308294237,0.075,0.012,0.2488,0.0726,0.0975,0.1346,0.259,0.1005
30.86217060516387,25.006311715061823,1.0742156184906,0.1666,0.04,0.1398,0.0006,0.0079,0.1356,0.1417,0.3678
34.108554363332665,32.039900350474426,0.9397205994395934,0.2015,0.1128,0.2991,0.0237,0.0544,0.1097,0.0998,0.099
30.197532573494414,27.325746584844442,0.9587124176883144,0.2064,0.0478,0.2171,0.0645,0.2043,0.0659,0.1057,0.0883
31.51939856736712,29.14375135597154,0.9442641145004284,0.1857,0.1237,0.2486,0.0226,0.2003,0.0786,0.1081,0.0325
34.197732172102306,31.571167327682375,0.9564971690363884,0.0757,0.085,0.3053,0.0894,0.0115,0.062,0.1561,0.215
29.430059696536336,24.30585769681907,1.0462523073137382,0.0744,0.1461,0.2307,0.1517,0.0863,0.0679,0.0577,0.1852
25.27420585276569,20.33897455781377,1.0459822245361245,0.0865,0.083,0.0166,0.0748,0.1807,0.2829,0.1404,0.1351
27.64318598480709,24.6436389412965,0.9594031969518548,0.1703,0.0126,0.0878,0.1066,0.0955,0.0363,0.2539,0.237
26.70125035113803,21.55877594516179,1.0529934727686907,0.0537,0.3252,0.1147,0.0514,0.1371,0.2952,0.0072,0.0155
27.713742799887214,23.445396098848637,1.0114456032180985,0.1849,0.1648,0.1901,0.1829,0.0484,0.1598,0.0174,0.0517
24.732097386164018,20.488469910163705,1.0118909551112676,0.0685,0.0616,0.1857,0.3627,0.1093,0.0556,0.0142,0.1424
27.054984945597894,22.474791083482287,1.0258153172574767,0.1273,0.0929,0.1343,0.1461,0.1406,0.0077,0.1723,0.1787
33.00434729852725,31.79380916377793,0.9122639929402151,0.0334,0.0175,0.2629,0.0864,0.1904,0.125,0.2347,0.0498
25.43956632834204,27.496151852228707,0.7797297033986321,0.5845,0.1355,0.0563,0.0122,0.062,0.0821,0.0296,0.0377
26.365233557523982,22.21686533952122,1.0066781796502513,0.2847,0.1748,0.1056,0.114,0.0444,0.1001,0.0935,0.0828
18.01015695154964,14.336574758318351,0.9772318135767178,0.0063,0.1292,0.0149,0.47,0.1215,0.0659,0.0659,0.1264
26.656982046336825,21.644717666085135,1.0467672711590872,0.0463,0.2978,0.1806,0.0945,0.2616,0.0946,0.019,0.0057
30.4918337821319,28.639460093434423,0.9250116341475704,0.3935,0.1878,0.2194,0.0067,0.0309,0.0413,0.0175,0.103
23.906547913175668,18.45456868383896,1.0786785784166406,0.0169,0.2576,0.0178,0.0516,0.0731,0.0044,0.0528,0.5257
21.43354182022032,17.975336462637227,0.969858998548202,0.1687,0.2279,0.0298,0.2778,0.0093,0.2098,0.0011,0.0754
24.740634154609605,21.851266923556008,0.9491730720771561,0.0614,0.0535,0.0301,0.0291,0.4173,0.1293,0.186,0.0933
25.98890650819316,22.83964577106196,0.9627516437252852,0.1749,0.018,0.0152,0.1178,0.036,0.1496,0.2421,0.2464
28.565617528919198,25.689677693069047,0.9562446762633726,0.2731,0.1042,0.1922,0.1482,0.0715,0.1194,0.0716,0.0199
29.46953987849011,24.27837570771913,1.0490627620690562,0.1438,0.0662,0.0862,0.0052,0.0375,0.1444,0.2175,0.2991
31.740567662446352,29.36240050840934,0.9447649777306696,0.1624,0.0177,0.2547,0.1033,0.1453,0.1229,0.1261,0.0677
22.982844521911826,17.481462169365393,1.085884254875285,0.0049,0.0098,0.047,0.2742,0.2078,0.1882,0.1254,0.1429
31.31768162321249,31.94574543191634,0.8551273809350511,0.137,0.0757,0.108,0.0006,0.0338,0.0458,0.4204,0.1787
20.641238613082923,19.816433604417576,0.8397696046261915,0.0821,0.1062,0.0418,0.4573,0.0455,0.0274,0.2375,0.0023
33.49135584291775,33.189148874326,0.8885842765835812,0.3612,0.0696,0.2901,0.0128,0.0584,0.1272,0.035,0.0457
27.68781502456906,20.875399265177037,1.1347239266500404,0.0095,0.2179,0.1188,0.0992,0.0532,0.3132,0.0476,0.1405
26.593017777470457,20.823215813687952,1.0849917697447644,0.097,0.1706,0.1164,0.0451,0.2652,0.2057,0.0342,0.0657
35.42485428030142,33.211474960141054,0.9462047174362519,0.0528,0.1482,0.3545,0.0551,0.0127,0.2299,0.0064,0.1406
32.70904719263621,29.912610260698795,0.9597640240161889,0.18,0.0669,0.2142,0.0347,0.0345,0.096,0.2284,0.1453
24.754859409081416,22.40552044077481,0.9263279317230484,0.1936,0.4551,0.0277,0.0446,0.0081,0.0132,0.2387,0.0189
26.97565261247542,21.757756532597803,1.0559752600436054,0.2325,0.0523,0.0782,0.0794,0.0526,0.191,0.0728,0.2412
23.477903064768547,19.13494222565421,1.0179232753916827,0.1184,0.0634,0.0414,0.0978,0.3595,0.1791,0.0575,0.0829
26.346973831797932,19.29906704836137,1.1579302655303927,0.0523,0.2198,0.0794,0.0658,0.1386,0.203,0.1038,0.1374
24.287117905563697,18.61759079650651,1.0896747128726487,0.1076,0.4047,0.0951,0.0181,0.2772,0.0167,0.0336,0.047
23.78255192385923,17.833530951534215,1.1092896845622902,0.0853,0.1603,0.0359,0.0758,0.1685,0.0312,0.0349,0.4081
25.43256196442157,23.271685560416692,0.9209716205892997,0.2027,0.1104,0.0985,0.2614,0.0114,0.0454,0.2353,0.035
22.922826659071198,18.620766414568603,1.0162216870013612,0.0498,0.1463,0.0145,0.0373,0.3976,0.0384,0.1138,0.2024
34.83746580655498,36.51103326622668,0.8446067680883782,0.0405,0.035,0.4094,0.1395,0.1739,0.0286,0.0466,0.1266
27.91087208188292,23.246948327054405,1.028559609007082,0.1236,0.2112,0.1309,0.0597,0.1594,0.1021,0.1755,0.0377
24.643214586866048,19.810813855987185,1.042017492917248,0.0409,0.1074,0.0129,0.1123,0.1263,0.3779,0.0566,0.1658
28.76886564507698,25.545407074875783,0.9696015245510595,0.1051,0.2767,0.1052,0.0477,0.0009,0.0284,0.3038,0.1323
32.83883966150994,34.27596325140057,0.8413721140377155,0.065,0.0424,0.3725,0.2724,0.0641,0.0795,0.0905,0.0136
24.398162496181826,18.397323527281582,1.108757068164463,0.1263,0.1631,0.0311,0.114,0.0366,0.0489,0.0997,0.3803
25.3146907836862,21.873892699636006,0.9744351897657836,0.0005,0.0103,0.004,0.1393,0.0161,0.0699,0.2126,0.5473
26.003821283041077,20.650309329694238,1.0655443912116391,0.0564,0.2485,0.0532,0.0671,0.0811,0.3394,0.0665,0.0878
25.99687332115373,19.38113027306727,1.1349633902271112,0.015,0.0272,0.0555,0.0455,0.2702,0.2057,0.0807,0.3003
32.350344687395435,29.508228705653046,0.9607606396911317,0.0931,0.2247,0.2782,0.0016,0.1909,0.09,0.0909,0.0305
29.958022573014293,27.340867422405278,0.9494220564393003,0.0808,0.0145,0.1963,0.1336,0.163,0.0338,0.2243,0.1537
34.35142122832663,35.423184446040636,0.8568236228044458,0.0024,0.108,0.3497,0.0831,0.2175,0.0313,0.1874,0.0207
24.622759398383682,19.66927852617085,1.0484756403720747,0.0105,0.6544,0.071,0.0168,0.0532,0.0996,0.0827,0.0118
28.695100507177035,24.512805104885675,1.0074367417972505,0.006,0.0644,0.2165,0.0651,0.3821,0.1127,0.0071,0.1461
32.92736894636445,27.183509272758577,1.0641513814904484,0.0146,0.1359,0.1888,0.0034,0.0166,0.2716,0.1973,0.1718
31.083852119890782,27.21284073446604,0.9952600092054377,0.2562,0.0901,0.2073,0.0436,0.0352,0.0639,0.1096,0.1941
28.997158538466056,27.336459347118115,0.9144256109049224,0.4051,0.1093,0.2,0.0839,0.0466,0.0083,0.0339,0.1131
28.16454978848134,22.372427490671075,1.0801040610616595,0.0703,0.0813,0.1734,0.0638,0.2727,0.1196,0.0326,0.1862
30.21148390046251,26.693695181751735,0.9819353866894055,0.0888,0.0335,0.0952,0.0065,0.1402,0.3467,0.2384,0.0505
26.37425450977553,20.123631827787477,1.1118397862397933,0.0888,0.0551,0.0474,0.0138,0.1942,0.2468,0.0464,0.3075
28.470182363858292,24.33060950070382,1.0057365132242346,0.1352,0.0817,0.1625,0.074,0.2234,0.2946,0.0227,0.0059
25.004176098231035,19.11126036673544,1.0990471426358857,0.1666,0.0775,0.0996,0.1522,0.1291,0.0661,0.008,0.3009
26.15829498232071,20.05788413694239,1.1047174682552785,0.0821,0.1659,0.1453,0.2401,0.0374,0.1452,0.0812,0.1029
34.785798113997004,31.17085847898072,0.9876467834453976,0.0251,0.1694,0.3297,0.0347,0.0223,0.1157,0.0528,0.2503
27.035344979536735,22.930179472411346,1.0045863359792677,0.1158,0.1613,0.151,0.0322,0.3505,0.0201,0.0972,0.0718
23.252288505471217,19.299416122738318,0.9975580806710739,0.1682,0.0265,0.0817,0.1779,0.3088,0.0085,0.0569,0.1714
24.22017152978253,21.481078305904422,0.9413015139107187,0.1263,0.2921,0.0135,0.0811,0.0671,0.3477,0.0496,0.0225
29.183010977737776,24.541276148643234,1.026149203701048,0.0835,0.0629,0.0668,0.0516,0.0207,0.3064,0.2398,0.1684
17.63406005018016,17.08893612264871,0.7978296572898032,0.1409,0.0148,0.0049,0.422,0.2946,0.0308,0.0846,0.0076
22.958234326122863,25.992343647849836,0.7293776422385498,0.5495,0.0391,0.001,0.0934,0.1302,0.1182,0.0555,0.0131
22.13413757386525,21.169913246690644,0.8565995222819366,0.1829,0.0414,0.0033,0.0064,0.516,0.0274,0.0606,0.162
21.84476103580465,16.359656587960547,1.0907784610183704,0.0824,0.085,0.0668,0.2613,0.1984,0.0152,0.0179,0.2731
31.033228274231845,28.318024564580053,0.9546297345911897,0.0621,0.0274,0.2978,0.2343,0.0573,0.1065,0.0388,0.1759
26.22142339632721,21.884147294340554,1.015411891423061,0.065,0.0227,0.0689,0.0645,0.302,0.099,0.1898,0.1881
38.218584097730904,45.15213193031779,0.7578509061441356,0.0862,0.0187,0.5105,0.1957,0.0616,0.0077,0.1167,0.0029
22.502998182111867,18.08200185064553,1.023282617430509,0.0045,0.0717,0.0023,0.1812,0.183,0.026,0.1506,0.3807
25.18250594965452,20.687597504045602,1.0239229541038846,0.0313,0.0296,0.1293,0.33,0.0547,0.0173,0.1714,0.2364
26.909771166380104,23.547369049357865,0.9729227549098463,0.2333,0.1278,0.1859,0.1394,0.2006,0.0337,0.0244,0.0549
24.76148583349928,20.469677834909568,1.0142556224354469,0.1837,0.0077,0.0306,0.0386,0.2841,0.1845,0.0538,0.2171
33.65617085553069,29.460340041831095,1.00664726929226,0.0364,0.0517,0.264,0.0728,0.055,0.1952,0.1542,0.1706
29.032088987929868,25.877747249676208,0.9673210247558577,0.2131,0.1732,0.1557,0.0712,0.0288,0.3381,0.0055,0.0144
25.48458574703714,23.618209845148204,0.909661904433059,0.4129,0.1751,0.1057,0.1319,0.0059,0.0878,0.0162,0.0645
21.278703697055676,18.124289905498916,0.9533451399832944,0.1163,0.0907,0.0549,0.4012,0.0849,0.0976,0.1508,0.0036
22.741659156951453,17.816574075926546,1.0519227252715697,0.0605,0.2029,0.0435,0.1957,0.2136,0.0793,0.1582,0.0463
36.02354224020225,35.91798175506889,0.89157409952977,0.0157,0.0644,0.3816,0.1414,0.018,0.1432,0.1365,0.0993
29.768183450418658,26.632370002978313,0.9675512711612594,0.208,0.1332,0.2163,0.1092,0.1064,0.0878,0.1062,0.0328
29.2346815058984,26.976690835173635,0.9354253885356499,0.0329,0.0317,0.2481,0.1137,0.3548,0.0084,0.0645,0.1458
29.034050854325237,27.71025814899296,0.9034217840816117,0.0289,0.1292,0.1474,0.1176,0.1695,0.0839,0.3156,0.0078
29.39812328682123,23.047934697413687,1.1019695959860245,0.0041,0.2222,0.1653,0.0135,0.1721,0.0443,0.1571,0.2214
32.873759553066854,32.00793573350506,0.9020812773890498,0.2768,0.0011,0.2767,0.097,0.064,0.157,0.1013,0.0261
23.52510026485448,21.440712756098204,0.9106553726531836,0.1854,0.0675,0.0983,0.1021,0.4611,0.0152,0.039,0.0313
21.845803835874637,19.14327045004462,0.9322233566330375,0.037,0.008,0.1508,0.5389,0.069,0.1031,0.0285,0.0647
22.49982868809306,16.285319595071368,1.1359819240938873,0.0714,0.4885,0.0243,0.0694,0.0985,0.0319,0.067,0.149
27.48234861336426,21.67140238892496,1.083563868730746,0.015,0.0547,0.0887,0.1577,0.0372,0.1317,0.2242,0.2909
28.09960151393365,26.396917001111635,0.912970310620697,0.1278,0.0292,0.1699,0.1239,0.2912,0.0472,0.1949,0.0159
28.305636711422,28.450691292048706,0.8543074212827597,0.2837,0.1441,0.0695,0.0152,0.0715,0.0528,0.3208,0.0424
23.357782782291164,18.45393562013669,1.048978558328133,0.1245,0.261,0.0053,0.1153,0.0855,0.1947,0.1094,0.1042
34.05465654019869,30.469493187650677,0.9863851805838334,0.101,0.2048,0.3138,0.0022,0.0389,0.1274,0.0056,0.2064
29.777697074675547,25.400821015477565,1.014837160537777,0.0559,0.1746,0.2158,0.137,0.0905,0.2734,0.05,0.0029
25.189451552679227,19.565030717838646,1.0830267459462508,0.0262,0.0663,0.0571,0.1751,0.1619,0.1705,0.1868,0.1559
34.130571000861806,35.64282205477476,0.8453475135767338,0.0077,0.0302,0.4145,0.2345,0.0831,0.0737,0.0112,0.1452
20.08574439588077,15.527207816311464,1.0359714757589937,0.1263,0.2886,0.0638,0.3163,0.1538,0.0088,0.0311,0.0115
29.330535716428617,24.438929813366965,1.0364830174590538,0.1706,0.1441,0.2173,0.1287,0.036,0.1169,0.0026,0.1839
21.799527363129982,16.505145866842476,1.0784229056035073,0.1449,0.2128,0.0098,0.1924,0.1004,0.0373,0.1064,0.196
28.153511427694006,22.5589199959762,1.070685628212797,0.079,0.3539,0.1767,0.1092,0.0126,0.1682,0.0496,0.0508
25.935554811185312,20.508994961294867,1.0695577649018242,0.2325,0.145,0.0597,0.0702,0.0345,0.1351,0.0676,0.2553
25.339414466359422,21.71407560008663,0.9827457018835417,0.0522,0.0635,0.1805,0.2207,0.335,0.0556,0.0247,0.0678
31.349226809070018,29.886950656377444,0.9150892348809795,0.1847,0.3098,0.3123,0.1053,0.0212,0.0097,0.005,0.0519
25.40043617145592,20.302803581621035,1.0540631044093096,0.0713,0.1572,0.0391,0.0826,0.0993,0.3598,0.0186,0.172
22.618372736596477,19.260426078386242,0.966664634563289,0.0742,0.1101,0.0162,0.1962,0.2501,0.1633,0.1803,0.0097
34.85001365831573,35.73896838860007,0.8632038094349751,0.0613,0.0905,0.3265,0.1355,0.0247,0.0736,0.2618,0.0261
31.834550741581996,30.027013542346047,0.9269836543127375,0.2771,0.1667,0.2523,0.014,0.0979,0.0029,0.1161,0.0729
30.125144813411993,29.149596110421854,0.8962438009242767,0.3844,0.1451,0.2302,0.0406,0.1021,0.0629,0.0169,0.0178
27.043892601434994,20.82706457219185,1.1064397731883462,0.0868,0.1102,0.1083,0.1203,0.1357,0.2122,0.1166,0.1099
26.71707050582089,25.136258509098536,0.9037570367760986,0.2996,0.0275,0.1211,0.2075,0.0413,0.0324,0.2024,0.0682
30.343675572089147,26.562259846921837,0.9917708705474463,0.1708,0.0722,0.2136,0.0746,0.1613,0.1143,0.105,0.0882
33.02313858126526,34.95062610558953,0.8304039674019944,0.068,0.0059,0.3866,0.235,0.151,0.0386,0.0549,0.0601
26.825287686408387,20.740463245467545,1.1005196661360226,0.0923,0.2419,0.06,0.0328,0.0732,0.2576,0.1161,0.1263
24.487925556521322,20.69848213475313,0.9898274387048758,0.0933,0.0441,0.0486,0.0539,0.3647,0.0146,0.1395,0.2413
27.818335050024505,21.354447325808668,1.1153805428266936,0.0829,0.0153,0.1484,0.1699,0.0268,0.1876,0.0033,0.3658
28.405687906481024,20.726884562130657,1.1774894501545967,0.0263,0.2035,0.1235,0.0698,0.0384,0.2318,0.0849,0.2217
25.35035290369485,20.001317624865752,1.0674473204281287,0.1921,0.1279,0.0675,0.0829,0.1244,0.2091,0.0064,0.1898
34.651415297626116,32.85087541892744,0.9330471382192124,0.0017,0.0653,0.3182,0.1286,0.0221,0.4136,0.046,0.0044
22.636035608818517,16.95659757824275,1.099043338312792,0.0017,0.0054,0.1027,0.3685,0.1418,0.1351,0.0121,0.2328
24.159310218763718,20.38328422452225,0.9890118783954807,0.2268,0.2083,0.0428,0.1073,0.1083,0.2177,0.0461,0.0426
30.54154286508061,26.02315636618206,1.019920200747524,0.068,0.0797,0.1499,0.0151,0.1832,0.2484,0.1967,0.059
25.300664742280865,19.291404781109552,1.1041531181357416,0.0922,0.0989,0.0861,0.0734,0.3016,0.1355,0.0582,0.154
28.94732960515815,23.434804905543285,1.064541808891146,0.0749,0.1398,0.0717,0.0036,0.0647,0.2075,0.2316,0.2061
24.404945967949637,20.56999659544275,0.9919761470680224,0.0646,0.2048,0.0273,0.0163,0.3475,0.1121,0.1808,0.0467
26.64812080004422,21.42589064463542,1.0570445437102434,0.1202,0.074,0.0576,0.0201,0.0696,0.0479,0.0621,0.5484
22.926676713372842,19.489077504182443,0.9711427700624155,0.0442,0.1021,0.0403,0.1235,0.4023,0.059,0.1509,0.0776
18.513658271661726,15.337453244562301,0.9462886725869797,0.0801,0.0687,0.0315,0.452,0.1592,0.13,0.0061,0.0725
25.057236731047354,19.87707267534998,1.0593731317972654,0.1187,0.2918,0.0247,0.0051,0.1678,0.1517,0.1473,0.093
25.667318433992847,19.243074479621704,1.1259800743866788,0.0323,0.3893,0.102,0.0948,0.1075,0.134,0.1061,0.0339
28.839234876339585,26.150961807845007,0.9498402031579611,0.2083,0.0483,0.0537,0.0001,0.0765,0.3728,0.1779,0.0624
32.270570583814475,27.85467947704594,1.0149307446567912,0.1401,0.0828,0.2378,0.07,0.0284,0.1295,0.1262,0.1852
32.81033196991075,29.341882190021913,0.9818842493924292,0.0988,0.2016,0.2899,0.0846,0.0108,0.1298,0.0777,0.1069
23.20083060859563,19.445579627621232,0.9874136423952129,0.147,0.225,0.0246,0.0149,0.357,0.009,0.1236,0.0989
26.08707415524681,21.411053868599588,1.031573424213305,0.1644,0.0819,0.0266,0.0316,0.1378,0.1231,0.1789,0.2557
31.38102504296744,27.85705833582789,0.982911573536528,0.0855,0.1306,0.2399,0.1416,0.01,0.0609,0.1868,0.1446
25.535708943023614,22.025083959072017,0.9777810147303965,0.2781,0.1728,0.0522,0.0528,0.0612,0.234,0.0145,0.1344
22.308762275681698,19.45745951367048,0.9409636578104286,0.1459,0.0207,0.0335,0.3799,0.0017,0.1441,0.1881,0.0861
27.343362331662867,24.007372786449874,0.9723413944252249,0.0103,0.0586,0.245,0.3457,0.0631,0.0227,0.0468,0.2078
24.58776679883036,22.978346850715084,0.8959637928952957,0.0691,0.0392,0.1045,0.2892,0.1943,0.0327,0.2445,0.0265
22.782599062815848,16.806967374442657,1.1175483740973646,0.0417,0.056,0.0767,0.3672,0.0428,0.1342,0.0911,0.1904
24.025365393400207,19.549721058836006,1.0243299806239037,0.2157,0.149,0.0155,0.046,0.1135,0.0166,0.07,0.3736
30.904310129424484,28.3248170025731,0.949849389211603,0.0777,0.1175,0.1878,0.1152,0.0112,0.0183,0.2897,0.1827
27.01852819092255,23.648196763038566,0.9733735058776163,0.1935,0.0168,0.0428,0.035,0.17,0.3335,0.1299,0.0785
30.59921270888775,28.74687396528658,0.9252906156338166,0.1628,0.1186,0.2622,0.1743,0.0634,0.0211,0.1406,0.0569
22.051995535117907,17.173721259220752,1.0511405922246235,0.0166,0.1623,0.0108,0.0611,0.3463,0.0514,0.0102,0.3412
29.952628357233422,28.251862511453286,0.918616545960899,0.0484,0.0069,0.1814,0.0329,0.3704,0.0982,0.2176,0.0442
30.27966686301592,28.149265633043548,0.9335826804720276,0.2265,0.0459,0.146,0.0356,0.1003,0.0594,0.2557,0.1306
24.7327906739977,18.696094360210143,1.1089369937136253,0.052,0.2786,0.0085,0.045,0.082,0.2328,0.1055,0.1956
32.705209836316165,30.192011243599897,0.9507551386594391,0.0837,0.0197,0.298,0.0328,0.233,0.0285,0.0414,0.2629
27.043619962752462,21.681520059224297,1.0628230815831876,0.0308,0.0015,0.1046,0.1646,0.0134,0.0306,0.1093,0.5452
23.375963968311346,17.72695389262112,1.0930227542576638,0.0186,0.1554,0.0482,0.1694,0.2592,0.2037,0.1028,0.0427
26.12043987030971,22.002489239286778,1.0053607857611093,0.1305,0.0011,0.1945,0.3157,0.068,0.0472,0.0049,0.2382
29.108792755860502,27.408873608086843,0.9160826203544639,0.292,0.1429,0.2523,0.172,0.0451,0.0383,0.0003,0.0571
26.485745776228974,20.692821972133714,1.086644721851361,0.1009,0.0681,0.0516,0.0634,0.0217,0.1062,0.0726,0.5155
26.947554947975284,21.119171450860126,1.0865745846786377,0.0108,0.0804,0.1082,0.0514,0.2534,0.0108,0.1283,0.3566
32.23144205161572,28.651292633009483,0.9853461905969979,0.0762,0.0829,0.273,0.079,0.1037,0.0124,0.1093,0.2635
26.335209696974538,27.23556476894522,0.8200751438957414,0.5402,0.0982,0.1041,0.0892,0.0358,0.0044,0.0947,0.0334
25.329786393250025,19.376536781746328,1.100804887555745,0.0131,0.0848,0.0744,0.0334,0.3824,0.2208,0.0259,0.1652
29.04623379569225,23.27687349182522,1.0760136581267423,0.0782,0.0298,0.2024,0.1786,0.0694,0.1893,0.0158,0.2365
19.261261763629793,16.00341621273691,0.9536252485568395,0.0198,0.0719,0.0568,0.4798,0.1484,0.1912,0.0086,0.0235
23.842070707883337,18.388905983157585,1.0790239901197334,0.0214,0.0324,0.0811,0.2747,0.1522,0.3161,0.0087,0.1134
24.011498040388755,24.319874761526446,0.822845439650312,0.0823,0.084,0.0011,0.1646,0.1911,0.0717,0.3382,0.0671
25.537323086773945,23.864123237319525,0.9024979829593383,0.3142,0.0352,0.0224,0.0847,0.0909,0.2643,0.124,0.0643
26.68109500731333,20.829272618068604,1.0889048035041964,0.0336,0.0589,0.0941,0.0398,0.337,0.2484,0.0723,0.116
26.875393208549113,24.39496852322715,0.9377094783610315,0.4206,0.1048,0.0842,0.0179,0.0345,0.0571,0.0437,0.2373
29.026001350042314,24.81634592626621,1.0084482793880707,0.143,0.0513,0.1869,0.1217,0.1518,0.0491,0.1367,0.1596
27.927062357263377,24.44681162745729,0.9787395886991594,0.0192,0.1,0.2098,0.0628,0.4248,0.0625,0.0202,0.1007
32.885387697893265,31.987500442689747,0.9030210956822223,0.0304,0.033,0.2421,0.1354,0.0715,0.1429,0.2979,0.0468
32.41381720266027,32.86570561482065,0.8645430448280772,0.262,0.0519,0.3217,0.1526,0.0733,0.0503,0.0693,0.0189
27.67933015189838,29.397162725277525,0.8054971281816052,0.2013,0.0228,0.0476,0.1215,0.0651,0.1471,0.3849,0.0096
22.988945372335383,21.93268092099813,0.8657831407265655,0.1816,0.0388,0.0128,0.2451,0.066,0.4126,0.0265,0.0166
27.006195283288303,23.379341986385427,0.984039469403612,0.2068,0.2467,0.0817,0.011,0.0985,0.2979,0.0428,0.0147
36.12466970099717,34.79022930867036,0.9233819477295344,0.0467,0.0536,0.3448,0.0847,0.0279,0.2693,0.126,0.0471
25.72494298312686,20.106163268453088,1.0805116169136886,0.1141,0.314,0.043,0.0422,0.0644,0.1252,0.1737,0.1234
27.91712167852615,25.2350595262659,0.9477735391760034,0.1823,0.0291,0.2105,0.2008,0.1943,0.1361,0.0469,0.0001
21.268850686003795,17.256953528072646,1.0006894124105854,0.0932,0.0311,0.0037,0.2819,0.1916,0.2008,0.1035,0.0943
27.463642582587866,27.95555055197059,0.8393196384727938,0.1058,0.0507,0.0421,0.0807,0.1325,0.0749,0.387,0.1263
27.741573563929183,22.189520122471905,1.0699453360366038,0.1058,0.3803,0.1647,0.0967,0.0241,0.0288,0.1242,0.0754
28.839954288592317,25.976679924624673,0.956240534227979,0.259,0.0143,0.1018,0.1057,0.0046,0.2277,0.2001,0.0866
22.20166990478518,17.418552893445423,1.0449587871122432,0.1099,0.0178,0.0989,0.4042,0.0724,0.1241,0.0228,0.1498
30.700919570157726,26.082263333428845,1.0237194229971587,0.0915,0.0393,0.1896,0.0844,0.1278,0.3277,0.088,0.0517
31.70847683107501,29.192782027685006,0.9491550618504825,0.2951,0.0038,0.1817,0.0362,0.0353,0.2234,0.1489,0.0758
40.31865490738563,47.05557483727717,0.7718246994745922,0.0558,0.0843,0.5552,0.1056,0.0471,0.0275,0.0458,0.0786
25.716234643401094,25.589988581579632,0.8486222873515866,0.4334,0.0336,0.0418,0.0504,0.1127,0.0154,0.1729,0.1398
25.52253382620239,21.71349810027097,0.9912052736419197,0.0657,0.1482,0.2078,0.3614,0.0493,0.0975,0.0145,0.0555
22.872644410358024,19.266176799076714,0.9795739241457834,0.0693,0.1014,0.0498,0.0891,0.4571,0.1906,0.023,0.0197
24.830880838357285,18.770821717992053,1.1097479455782502,0.0823,0.1891,0.0779,0.2275,0.0163,0.1358,0.1514,0.1197
26.413638928509776,23.993111272710504,0.9341697570503412,0.2922,0.2187,0.0324,0.0223,0.0044,0.0473,0.2283,0.1543
27.104851799585163,24.61229884054852,0.9387522859717657,0.3114,0.0828,0.11,0.1166,0.0542,0.2644,0.0465,0.0141
26.093710777006585,23.13121725996611,0.9551469137443462,0.3555,0.3445,0.1066,0.0154,0.0666,0.026,0.046,0.0394
27.399476146913752,23.00007044310442,1.0173654121972082,0.1052,0.2251,0.0955,0.1136,0.0185,0.0814,0.2492,0.1116
24.999850984865855,20.23652331247021,1.0377202971384547,0.0703,0.0163,0.1069,0.1759,0.2997,0.0726,0.1127,0.1456
33.985790021310166,32.28990108597349,0.9286429816391041,0.0742,0.0588,0.3434,0.1077,0.1001,0.1037,0.0526,0.1594
22.719483870081767,19.324441467578296,0.9686946917192146,0.0618,0.0038,0.0288,0.2642,0.2136,0.1111,0.1976,0.119
21.28433367585799,14.875392547762498,1.1619413484626218,0.0701,0.3359,0.0321,0.1827,0.1323,0.0549,0.0169,0.1751
29.28589318687993,25.184746022985156,1.0040162074218444,0.2061,0.3219,0.2046,0.0243,0.0885,0.0882,0.0308,0.0356
26.379920156661118,19.70631172458153,1.1356726956036398,0.063,0.117,0.0694,0.0504,0.1446,0.0573,0.123,0.3752
36.92466703212803,36.83693823123812,0.8937948866827253,0.005,0.164,0.3932,0.0732,0.0093,0.3057,0.0474,0.0023
25.757948272914515,21.17291008111037,1.0276314493172145,0.0727,0.152,0.0615,0.0005,0.3339,0.3066,0.0438,0.029
26.89880730520998,25.221659383527346,0.9079024879768833,0.1712,0.2802,0.0286,0.0282,0.0033,0.0819,0.3169,0.0897
33.5381816746891,32.885210887885265,0.8982208377921885,0.0363,0.1454,0.2563,0.0351,0.14,0.0994,0.2859,0.0016
28.237351038858556,21.726721339852322,1.1155549270290082,0.0503,0.3804,0.1831,0.014,0.1469,0.0663,0.0226,0.1365
25.563968416657424,22.653932677681635,0.9518863114615843,0.0138,0.0804,0.1832,0.4099,0.0128,0.0082,0.1702,0.1214
29.94014850127449,26.72924401150502,0.970478195721103,0.0387,0.1372,0.1472,0.1155,0.0178,0.0738,0.3075,0.1624
25.769751405985797,23.556409407014097,0.9241540605718837,0.2062,0.0059,0.0321,0.161,0.0721,0.3023,0.1902,0.0302
25.474382953348208,21.120787435428635,1.0167415878314479,0.1227,0.1896,0.104,0.1078,0.2426,0.0193,0.1598,0.0541
24.23284549441125,25.275091219912415,0.8005053401536788,0.4799,0.0414,0.0467,0.0474,0.223,0.1427,0.0021,0.0169
29.77396935402706,25.847396843533737,0.9971591920861057,0.0994,0.0816,0.2256,0.0138,0.3311,0.0755,0.0165,0.1565
28.67031554645532,22.27944723805832,1.1073127301072738,0.0829,0.1312,0.0851,0.0224,0.036,0.3388,0.0825,0.2212
23.00481931517589,19.50409061656264,0.974401713404532,0.1428,0.0959,0.0305,0.0254,0.4223,0.0204,0.0538,0.2089
26.463428113506975,21.801125317510113,1.0303792940204293,0.2292,0.0561,0.0504,0.0581,0.0436,0.0622,0.1304,0.37
28.05776194718556,24.288408153822065,0.9905038566061725,0.2922,0.0262,0.1089,0.035,0.1242,0.0615,0.1291,0.223
23.46932918904747,19.775846584814598,0.9845004159770084,0.269,0.2525,0.0081,0.0491,0.1157,0.0598,0.1016,0.1443
27.023520022778786,25.57015133506187,0.9004060915043887,0.2137,0.241,0.0493,0.0131,0.0855,0.0413,0.2969,0.0591
22.515855972541516,16.652603993285712,1.1118895267074782,0.0361,0.2019,0.0529,0.2372,0.1724,0.182,0.0795,0.038
28.851252068723674,24.849298769715066,1.0000786057999749,0.1463,0.041,0.2157,0.214,0.0702,0.0826,0.0911,0.139
21.707551206937254,19.411119520582034,0.9122375032600026,0.2889,0.1662,0.0108,0.2088,0.0424,0.1668,0.0088,0.1073
18.886782082530903,16.736364607637178,0.8894871993728991,0.1263,0.041,0.0013,0.4297,0.1301,0.0617,0.1317,0.0781
27.215116673653345,23.879309786787815,0.9721854141068197,0.1181,0.1161,0.2009,0.2895,0.0344,0.0098,0.1404,0.0908
26.175118829567452,22.72181793129788,0.9759394647301796,0.0786,0.0279,0.1172,0.3199,0.0101,0.1876,0.2167,0.0421
23.401156638917662,17.93583065564079,1.0816982503576453,0.0122,0.0723,0.0767,0.1978,0.2688,0.0049,0.0971,0.2701
24.154405956864544,22.20461634462161,0.907667380695201,0.0121,0.0814,0.0277,0.3,0.0383,0.2504,0.282,0.008
35.9486651486916,38.25560336214016,0.8351368777602332,0.0104,0.0732,0.4285,0.1661,0.1027,0.1242,0.0807,0.0142
26.965055715532536,24.393914473808596,0.9414256059719237,0.2274,0.0991,0.0094,0.002,0.0695,0.2887,0.1875,0.1164
24.72500430618089,20.073512840158568,1.0324552793130939,0.067,0.2522,0.0144,0.0792,0.1156,0.1224,0.2245,0.1247
22.634605226462625,17.836381362594224,1.0447525676672513,0.0297,0.171,0.0101,0.0383,0.288,0.0398,0.0056,0.4175
30.79316847363529,27.899924510866175,0.9603312174984618,0.3564,0.0449,0.1793,0.0183,0.0245,0.1592,0.0657,0.1517
29.05011791460549,25.850836591460656,0.969025424998444,0.0283,0.0424,0.0375,0.0168,0.0051,0.1107,0.3228,0.4365
28.018637523014846,22.800597273592352,1.0534214185184185,0.1484,0.026,0.0406,0.0024,0.0635,0.3177,0.1095,0.2919
32.25486493003354,28.32458310049545,0.9975385985306635,0.0564,0.0304,0.2505,0.1181,0.0906,0.186,0.1427,0.1253
28.905357226466915,30.660108321196113,0.8123049327014024,0.1267,0.055,0.0337,0.046,0.056,0.1615,0.4365,0.0844
26.23771722160191,22.056201329424734,1.0082296987348867,0.2126,0.4042,0.0786,0.0152,0.0497,0.0848,0.1401,0.0147
35.111278209846354,39.67223425742593,0.7842078670934165,0.0304,0.0427,0.2578,0.0638,0.0893,0.0303,0.4645,0.0212
37.10758548893735,39.31588233362792,0.8420918856148768,0.2681,0.0344,0.3933,0.0315,0.0322,0.0126,0.1271,0.1009
26.176163288176557,26.263203377750166,0.8443815085772783,0.1884,0.1789,0.0173,0.0438,0.0914,0.0037,0.3497,0.1268
26.913288459051927,21.25852000312543,1.0778402473776731,0.126,0.0682,0.0341,0.0708,0.0113,0.2239,0.1546,0.3111
26.007657047622203,20.58800984721426,1.0689550476681957,0.0184,0.1479,0.0129,0.1061,0.0138,0.2338,0.2202,0.2469
36.71331547790507,40.06189933974756,0.8165692594971011,0.2724,0.0072,0.4251,0.0136,0.1659,0.0103,0.0127,0.0927
33.14947258022406,31.936291679128203,0.9127381748982004,0.0681,0.0715,0.2459,0.0968,0.0251,0.0165,0.2953,0.1807
22.27449252890021,19.002194838348245,0.9617043022851517,0.2263,0.2905,0.0175,0.1349,0.1388,0.005,0.1484,0.0385
26.96513934355913,22.578854743023292,1.0171082459642997,0.1728,0.0372,0.1108,0.1986,0.0493,0.2056,0.1527,0.073
34.1362602713959,35.595316613700696,0.8466355447389504,0.0227,0.0474,0.3797,0.1215,0.2436,0.0456,0.0949,0.0445
33.05387153641933,32.934732479524,0.8821650989417492,0.0757,0.0929,0.3463,0.0903,0.242,0.0815,0.0465,0.0249
24.023469158181143,18.6067078735001,1.0761425016350588,0.053,0.2374,0.0205,0.1622,0.0007,0.2884,0.0747,0.1631
28.585497837320702,27.197957020695267,0.9039464919594249,0.0933,0.0818,0.2937,0.3239,0.0654,0.0333,0.0061,0.1026
23.87329075024633,22.112368332177514,0.8987409422502735,0.0135,0.0804,0.1611,0.4637,0.0527,0.0028,0.1845,0.0414
28.64004567553312,27.159617115210484,0.9072309661439851,0.088,0.0469,0.0372,0.091,0.007,0.3737,0.3126,0.0436
25.09031851792348,17.587282730078535,1.19918004626456,0.0632,0.3747,0.0563,0.0112,0.1073,0.0813,0.0619,0.2441
25.33683646128855,17.9637404721222,1.1877724739121582,0.0139,0.1338,0.1017,0.2216,0.0765,0.18,0.0859,0.1865
25.605820907798034,19.854756696423106,1.08819368769653,0.0505,0.2287,0.0804,0.0414,0.2529,0.2686,0.0267,0.0507
29.695471516084517,24.923518691673223,1.0309728667914455,0.0262,0.1903,0.1653,0.1045,0.0404,0.3855,0.0768,0.0111
28.312741616004196,26.91359395585039,0.903362875128729,0.189,0.1335,0.0496,0.0067,0.0223,0.4982,0.0814,0.0192
34.536521073974306,35.20483176228669,0.8673957393168592,0.1109,0.0386,0.3891,0.1101,0.1455,0.0415,0.0146,0.1497
23.39324737158634,20.69180168848935,0.9372430522748834,0.0435,0.1128,0.0204,0.1536,0.281,0.0947,0.2358,0.0582
27.20378288395312,20.40848503091643,1.1369674352996875,0.0581,0.234,0.0719,0.0531,0.0524,0.2042,0.1546,0.1716
24.329143743927094,28.5635829247513,0.7117154664203982,0.6718,0.1063,0.0612,0.0992,0.0012,0.0452,0.0066,0.0086
23.373079373045922,16.473247794562955,1.1760327783960165,0.0527,0.216,0.0865,0.2192,0.0624,0.0043,0.0233,0.3355
35.03400277661567,35.52360715470802,0.8736163149609278,0.0217,0.0271,0.2966,0.0379,0.1945,0.1231,0.2782,0.0208
18.824286986266856,16.77989043095898,0.8834555295376646,0.1699,0.1006,0.0389,0.4988,0.0312,0.0935,0.0635,0.0036
25.35268644814272,22.00273565839657,0.9704559823675479,0.106,0.235,0.2066,0.3282,0.0515,0.0292,0.0373,0.0062
25.71892221637913,21.516312750903257,1.0094165514240987,0.289,0.0967,0.0552,0.0692,0.0369,0.1585,0.0244,0.2702
25.734766748992804,22.68604720642348,0.958067597727588,0.3698,0.1106,0.0949,0.1014,0.0706,0.0029,0.0742,0.1756
35.11961884917546,32.82544283356398,0.948033481435799,0.0164,0.0089,0.3061,0.0167,0.2017,0.2678,0.1255,0.0569
26.023169297946264,22.042340967592242,0.9991302344122992,0.0397,0.0862,0.0149,0.0677,0.1105,0.0798,0.2614,0.34
31.699792195042097,27.611143314348546,1.0032106197010497,0.0232,0.0177,0.2667,0.0654,0.1855,0.0445,0.0322,0.3647
19.91102155187729,17.229628508365032,0.923468636839874,0.1859,0.1895,0.0103,0.151,0.3704,0.0086,0.0206,0.0638
22.349513289795624,18.049806628820345,1.0166044250300574,0.0925,0.1144,0.0817,0.3541,0.0725,0.2463,0.0118,0.0268
34.10463560554962,29.68183864809872,1.01424429808623,0.0375,0.0227,0.2409,0.0371,0.0525,0.2347,0.1906,0.184
25.385774274994393,21.84185232870696,0.9791190762189552,0.0397,0.0467,0.0088,0.1998,0.0115,0.363,0.2143,0.1162
22.946331854548472,17.671246174632536,1.072155957045426,0.1565,0.3139,0.0686,0.2142,0.0567,0.0488,0.0989,0.0424
29.92726190764028,24.196375709409175,1.0715349364309144,0.0408,0.0148,0.2003,0.1894,0.04,0.2465,0.0895,0.1786
21.14303758103362,16.860671345274888,1.0167470339689566,0.0813,0.1137,0.0345,0.1743,0.3712,0.021,0.0491,0.1548
25.63204922970192,19.632561987898324,1.1018454566977096,0.0049,0.0642,0.0485,0.214,0.0049,0.1891,0.2015,0.2729
27.31578564486753,21.113124069989997,1.1043266532975275,0.1619,0.0723,0.0933,0.066,0.0412,0.187,0.0169,0.3614
24.526780965111996,17.821005572942138,1.151830679873535,0.073,0.4168,0.0966,0.1112,0.0683,0.1026,0.0189,0.1126
23.52390001030433,18.498038690781765,1.0554578426757097,0.016,0.427,0.0052,0.0215,0.1257,0.2399,0.0424,0.1223
24.764691992035786,19.42318591548259,1.0690672520147095,0.1308,0.4299,0.1317,0.108,0.1332,0.0261,0.0252,0.0152
23.98091910930272,19.529669064256705,1.0231058725860283,0.0765,0.3006,0.0344,0.1255,0.0754,0.2988,0.0511,0.0377
22.71561079444584,18.34103401328572,1.0204228824224841,0.1596,0.5389,0.0532,0.106,0.0482,0.0112,0.0794,0.0035
27.170815424393457,20.84335050227161,1.1116646252179174,0.0326,0.3392,0.1565,0.006,0.2585,0.0037,0.0696,0.1339
35.38562188252894,33.33636564366337,0.9414830104161271,0.0764,0.0288,0.3194,0.0901,0.019,0.228,0.1428,0.0956
29.30787008866996,24.866921212881252,1.017732347000814,0.0992,0.0518,0.1133,0.001,0.1614,0.4495,0.0152,0.1087
28.249187469708765,26.11327198415358,0.9286154367948986,0.016,0.1475,0.0172,0.0299,0.015,0.1886,0.3682,0.2176
21.614955518503372,20.55486038184936,0.8569727641671541,0.3319,0.0232,0.062,0.3558,0.074,0.0213,0.1068,0.0251
28.38838802076128,25.60513415673103,0.9524803842650481,0.1695,0.0336,0.2386,0.192,0.1879,0.0451,0.0177,0.1155
29.19479567868078,27.088042373684306,0.9301076589852506,0.2904,0.022,0.1594,0.0116,0.251,0.1004,0.1224,0.0428
28.846703463442587,26.346629101533033,0.9430695428887649,0.0517,0.1365,0.1453,0.0849,0.2062,0.1023,0.2661,0.007
25.998341984300033,29.864879632094564,0.7365957022193825,0.1131,0.0206,0.0244,0.0932,0.2648,0.014,0.4202,0.0497
21.85168490086968,19.61099575467872,0.9102895704115734,0.2303,0.0823,0.0659,0.162,0.3842,0.0036,0.0281,0.0435
29.057520767226773,31.603951677719216,0.7928603683093316,0.0265,0.0171,0.0826,0.1253,0.1372,0.1508,0.4518,0.0088
27.572128308591324,20.8764094982052,1.1291275116354604,0.018,0.2572,0.1721,0.0481,0.2347,0.0671,0.0312,0.1716
33.852565729490955,30.775641932248416,0.9700062729872675,0.051,0.0111,0.3125,0.1499,0.0075,0.2706,0.0382,0.1592
24.062560552504543,19.399270994873607,1.034191468215801,0.1718,0.3189,0.029,0.053,0.141,0.0781,0.1425,0.0658
27.866745614075317,22.54216639613567,1.05876006745149,0.0023,0.1071,0.1376,0.1676,0.1303,0.3128,0.1278,0.0144
25.630206242850416,19.594832929263536,1.1038729608430184,0.0272,0.1005,0.0191,0.0671,0.0745,0.3077,0.0484,0.3555
24.52711012665517,18.684644394542698,1.0986085521997202,0.0961,0.4529,0.115,0.1393,0.055,0.0633,0.0431,0.0354
27.52570132859421,20.12876379325491,1.1687603655261531,0.0044,0.1146,0.068,0.0464,0.093,0.1741,0.1515,0.3481
25.54387448830734,20.73231295196147,1.039144765865069,0.0078,0.2404,0.0936,0.1221,0.2123,0.0391,0.2109,0.0739
26.032408138624696,28.50319867926931,0.772980197294457,0.4822,0.0483,0.0006,0.0279,0.0256,0.2606,0.1546,0.0002
26.29904988807308,23.65038612200413,0.942861980055633,0.2386,0.0087,0.0255,0.0226,0.1925,0.3078,0.1162,0.0881
34.54001619724355,34.53242440077848,0.8843866808423411,0.2237,0.0523,0.3071,0.0701,0.0236,0.0306,0.1964,0.0962
24.76891954451011,19.886869377852435,1.0443533946896637,0.0908,0.4771,0.0325,0.0216,0.057,0.0387,0.1944,0.0879
25.921101935886576,22.355091362667473,0.9805865509677294,0.1827,0.043,0.0974,0.0422,0.3684,0.1823,0.051,0.0329
24.258737116844987,18.871821191874677,1.0734913663535266,0.1105,0.0259,0.0571,0.1597,0.1227,0.0482,0.0469,0.4291
29.873786619828145,25.286752423011983,1.0232150885568818,0.1367,0.0556,0.2187,0.0713,0.1935,0.0725,0.0439,0.2076
36.66214505049512,37.38134145037275,0.8737552956428061,0.161,0.1547,0.3994,0.0142,0.0463,0.0058,0.0821,0.1364
25.11482270173499,19.239780022424586,1.0974565549671036,0.0941,0.0614,0.0868,0.066,0.3068,0.11,0.0052,0.2695
23.454438288857805,18.96194147910719,1.0259729105425868,0.1704,0.2063,0.1352,0.3317,0.0234,0.0163,0.0546,0.0622
39.44008843964894,42.7983298101278,0.8280717634748074,0.1355,0.0821,0.4861,0.0402,0.0217,0.1349,0.0116,0.0878
22.992820492565553,24.22123827957065,0.7841391209377188,0.4483,0.0732,0.0195,0.0277,0.3162,0.0728,0.0401,0.0022
31.549876732045444,29.91393386283214,0.9209713726844861,0.0618,0.1019,0.3023,0.2397,0.0249,0.1784,0.0897,0.0013
22.87817479992724,22.294202203237028,0.8467750775664089,0.1164,0.0889,0.0023,0.3148,0.0068,0.1735,0.2867,0.0104
27.422853976132206,23.273975427601606,1.006396782062167,0.1293,0.1619,0.0342,0.0137,0.0485,0.1181,0.2602,0.234
31.432732250256585,28.590606114824148,0.9595015978354091,0.0532,0.1924,0.2905,0.0646,0.2091,0.0453,0.0551,0.0899
24.615665870988508,21.148246685111175,0.97481678637229,0.0648,0.0272,0.0741,0.2944,0.0553,0.4175,0.0494,0.0172
31.945830318399043,33.24565443465175,0.8405859590861677,0.0379,0.0479,0.2404,0.1578,0.1201,0.0315,0.3393,0.0251
25.967926795484146,25.793561022910588,0.8516825876028361,0.0169,0.081,0.0159,0.1894,0.045,0.1866,0.3816,0.0835
37.3449026982761,40.80261982000876,0.8172245518883191,0.0702,0.0855,0.4154,0.029,0.1841,0.01,0.1917,0.0141
25.43856789973946,20.0857888659852,1.067350057435143,0.0211,0.0441,0.1294,0.3054,0.1106,0.2225,0.1097,0.0571
23.371473677399646,20.29330432735218,0.9545746402319483,0.0294,0.0019,0.0469,0.233,0.2599,0.0476,0.2115,0.1698
30.873822960247427,23.971211853058485,1.1210873745132999,0.0014,0.0589,0.153,0.0069,0.1265,0.1848,0.1585,0.31
29.564156984350536,23.124584774632474,1.1054969087442497,0.0813,0.2393,0.1804,0.039,0.0916,0.1581,0.0723,0.1381
23.22377881686824,22.72456383182169,0.8459470975609562,0.4097,0.0562,0.0485,0.1786,0.1207,0.146,0.0309,0.0094
25.309199118716126,21.4498497834328,0.9934428135331134,0.1781,0.1155,0.1466,0.161,0.2693,0.1065,0.0171,0.006
23.265086774381267,18.219373831817364,1.0573956576234098,0.2217,0.1657,0.038,0.1681,0.0708,0.0828,0.0738,0.1792
26.05204474834684,26.18037827201279,0.8423119222811537,0.3145,0.0998,0.0267,0.0673,0.0913,0.0893,0.2754,0.0358
29.827438634353516,23.3809767418884,1.1046347173376267,0.0249,0.1427,0.1776,0.0172,0.2025,0.253,0.0425,0.1396
24.75241675984324,21.356229469372483,0.9717266238220942,0.0549,0.2231,0.0412,0.0884,0.2093,0.011,0.2568,0.1154
26.49201414878613,23.42400372761338,0.9602121998585336,0.119,0.0413,0.0523,0.1075,0.1833,0.29,0.2052,0.0014
26.16390640073701,21.859814786504888,1.0139109876822858,0.1887,0.0587,0.0385,0.0245,0.0943,0.0125,0.1311,0.4518
24.83824596920541,21.562174480513,0.9664259969716017,0.2471,0.0278,0.0797,0.1782,0.1545,0.2427,0.0402,0.0299
29.619979759718795,26.702875630150828,0.9594464699071844,0.0852,0.2691,0.1618,0.0994,0.005,0.0519,0.279,0.0486
27.019832772133647,23.614562256670112,0.9748151383001613,0.2011,0.0991,0.0527,0.0741,0.0678,0.1525,0.2311,0.1216
23.417350993484483,17.44142970961588,1.1132889514659012,0.0948,0.1678,0.017,0.0683,0.1968,0.1384,0.0263,0.2906
24.12488153105831,19.309876044286433,1.0422066659000138,0.1097,0.4636,0.0489,0.0774,0.0686,0.0223,0.1724,0.037
24.988652047396638,19.352350515019907,1.0845531157110215,0.0015,0.0407,0.064,0.1445,0.2742,0.3178,0.0718,0.0855
27.911580310297857,22.973627153773947,1.0408273865613697,0.0572,0.0316,0.0617,0.1155,0.0498,0.3452,0.2011,0.138
18.750162519470496,15.358585942622732,0.9603854530993144,0.037,0.2264,0.0016,0.2742,0.2943,0.1516,0.0041,0.0108
40.78332735351709,48.22453473476787,0.7627513164372295,0.0509,0.046,0.5634,0.0005,0.2431,0.0357,0.0018,0.0586
28.51966393163483,22.653386461748795,1.082384038829573,0.1612,0.0977,0.1402,0.0592,0.1139,0.0799,0.1145,0.2336
34.7738452383383,36.872677924761724,0.8345975114997609,0.0494,0.0119,0.393,0.211,0.0865,0.0697,0.1388,0.0396
22.68542462686304,21.82475791590591,0.8561572457692682,0.0111,0.0184,0.0818,0.4447,0.0847,0.0544,0.264,0.0409
33.34154802781123,32.41547408706994,0.9051710287808238,0.2235,0.0955,0.2997,0.0698,0.0796,0.1175,0.1032,0.0112
26.9972841959762,23.665239657224063,0.9717748279365528,0.0698,0.0066,0.2094,0.2638,0.1989,0.0154,0.0792,0.157
29.669370140080815,24.636401513707558,1.041928551367314,0.071,0.1274,0.1913,0.1441,0.0523,0.1064,0.1685,0.1391
24.083650196221452,21.89594908130583,0.9172313162423422,0.2887,0.0295,0.0012,0.0656,0.1778,0.2346,0.058,0.1445
21.683868379341977,17.700908735489325,0.999037317439348,0.0911,0.5968,0.003,0.0422,0.1258,0.0012,0.1113,0.0286
29.451738880781527,25.17770307038604,1.0108840671299284,0.1599,0.0949,0.1345,0.0314,0.1287,0.0968,0.2076,0.1462
24.85177119872582,20.567300359463385,1.0138312191824215,0.1751,0.2153,0.0597,0.0156,0.2969,0.0759,0.1159,0.0456
23.881990224146172,20.834095240127212,0.9543006305285937,0.0492,0.1617,0.1211,0.1002,0.487,0.0072,0.0522,0.0212
23.86074558376972,17.53944401976929,1.1323474998058098,0.0222,0.3676,0.0658,0.0369,0.2973,0.0523,0.0862,0.0718
25.415664667268125,23.994549055128903,0.8925220731618819,0.0342,0.0141,0.2196,0.43,0.1335,0.0274,0.1036,0.0378
24.395125823371092,19.678111059788336,1.0364371743509444,0.017,0.1971,0.0324,0.1361,0.1719,0.311,0.1297,0.0049
33.56486267377278,31.833177314270532,0.9287436934709974,0.0481,0.1426,0.3361,0.0664,0.1678,0.1605,0.0273,0.0513
31.559818170560476,32.28713094233704,0.8535852324500658,0.1532,0.0392,0.2606,0.1829,0.0861,0.0236,0.2536,0.0008
22.15332192021593,16.31502433651227,1.112675135861712,0.0525,0.0984,0.0858,0.3489,0.1101,0.0449,0.0722,0.1872
21.843697379688777,15.086183939923759,1.182784026149091,0.0444,0.2691,0.0421,0.1964,0.1643,0.0086,0.0783,0.1967
29.369295801929024,23.939848957085076,1.0597099358231707,0.0103,0.1672,0.2071,0.0476,0.2683,0.1663,0.0434,0.0897
28.20828300223695,22.656688280404587,1.068482856039217,0.0434,0.0595,0.1611,0.1762,0.0896,0.0615,0.162,0.2466
37.47188553753241,36.30839185578997,0.9218773905073068,0.0278,0.0134,0.3805,0.0507,0.0522,0.2604,0.0835,0.1314
28.443127323361466,21.67322761701847,1.127802824539525,0.0922,0.1192,0.1013,0.0493,0.0717,0.2487,0.1147,0.2029
24.169333831518518,17.443023000968633,1.1562980700305496,0.0634,0.2733,0.0954,0.1812,0.1172,0.0009,0.1118,0.1569
26.66558384789709,28.589477957459437,0.7927946037217964,0.0698,0.1515,0.0571,0.201,0.0014,0.0434,0.4303,0.0455
19.442816595647226,19.037671771888885,0.8111714909619444,0.0762,0.0097,0.0378,0.2297,0.551,0.0192,0.0126,0.0638
28.360577509479366,26.159086304123154,0.931247262471843,0.0114,0.0167,0.193,0.3147,0.023,0.0493,0.2492,0.1427
27.903096395244276,25.153535155367386,0.9502877526995928,0.0958,0.0375,0.0822,0.0811,0.1241,0.0209,0.291,0.2674
25.086931522186717,18.94576509886875,1.1130155690279202,0.0098,0.0961,0.0276,0.1011,0.0874,0.2986,0.0208,0.3585
31.08480076143837,25.540287429326597,1.0604736080745234,0.0619,0.029,0.1348,0.034,0.0475,0.2082,0.227,0.2575
33.77545695630139,30.427323759866777,0.9785762688592026,0.0296,0.1987,0.3119,0.0102,0.1328,0.0901,0.0751,0.1516
28.486591071086337,21.40138554885314,1.1441591487238325,0.0403,0.0669,0.099,0.0801,0.001,0.1416,0.1315,0.4395
28.512099034327708,21.925068620676903,1.1179941763653616,0.001,0.1679,0.181,0.172,0.0247,0.0589,0.1227,0.2719
29.317663229713727,27.304574665717578,0.9272315551394202,0.2824,0.0196,0.1723,0.0899,0.1463,0.0832,0.1592,0.047
27.994382122776663,24.731243455156125,0.9702052452916257,0.1241,0.0426,0.0714,0.0068,0.1867,0.0296,0.2556,0.2831
28.97245138269829,35.569740728110844,0.7020700986713267,0.1049,0.0154,0.0387,0.087,0.0564,0.0077,0.555,0.1351
30.23158505218738,24.215084786538547,1.0832745490434885,0.1637,0.021,0.1351,0.0325,0.021,0.1699,0.123,0.3339
22.513408698295873,15.188892932682945,1.2188780828429797,0.0048,0.2267,0.049,0.2011,0.1284,0.1089,0.0254,0.2557
28.47114666097943,25.075702125745853,0.9758907861588565,0.1108,0.1751,0.0814,0.0397,0.0347,0.4502,0.0889,0.0192
21.588434633210806,16.095276010929666,1.0927699917209992,0.0317,0.2326,0.0285,0.3031,0.0428,0.0515,0.1594,0.1505
36.45448358635353,38.336540241684126,0.8465678796717574,0.0012,0.1181,0.4207,0.1239,0.0902,0.107,0.1193,0.0196
34.95739609594589,32.160646218749214,0.9625862579184791,0.1439,0.1024,0.2865,0.0012,0.035,0.1629,0.1508,0.1173
26.511996906753122,21.75225492889296,1.03492704459118,0.1858,0.2079,0.1334,0.1259,0.1133,0.01,0.1334,0.0903
24.069391172255987,26.040412431785974,0.7707017400292201,0.0692,0.0662,0.0065,0.1312,0.302,0.0391,0.3566,0.0293
28.73619673052854,25.009542805741354,0.9890703289805817,0.0166,0.1894,0.1919,0.0318,0.345,0.0459,0.1366,0.0427
28.01915142526027,23.406799673262874,1.0261612762336267,0.0451,0.0083,0.1329,0.147,0.1777,0.1182,0.2051,0.1657
25.27115980736881,24.67861291478959,0.8619268789868358,0.2283,0.1357,0.027,0.0389,0.2381,0.069,0.259,0.004
23.299860790779633,19.059738703294162,1.0125983934629685,0.1118,0.5058,0.0247,0.0375,0.1253,0.0321,0.1541,0.0087
22.155607647906304,17.76514712473583,1.0219790199556977,0.0525,0.1049,0.0291,0.3023,0.0802,0.3105,0.0474,0.073
31.52398110687451,29.316465188368706,0.9388574280706474,0.1961,0.1143,0.1442,0.0199,0.0061,0.232,0.2656,0.0217
23.59637998641529,20.37285192684011,0.9618869295662105,0.2356,0.079,0.0567,0.2523,0.0703,0.1818,0.1095,0.0147
22.915031818016644,19.622373208112865,0.9639523016612602,0.1731,0.0545,0.0023,0.2266,0.0748,0.1128,0.1892,0.1667
34.456372559930934,32.62291528117955,0.9335883165996964,0.0756,0.0095,0.3147,0.0939,0.1097,0.2418,0.107,0.0478
25.013019550400177,21.03519569224775,0.9989457601359162,0.1701,0.0614,0.0673,0.2173,0.0535,0.0554,0.2025,0.1725
22.237705858846528,16.143526134828278,1.1297225715452732,0.047,0.5004,0.0225,0.053,0.167,0.0167,0.0777,0.1157
27.02361463563525,21.235537703211282,1.0842021029754085,0.1095,0.109,0.1597,0.2011,0.0801,0.1872,0.041,0.1124
29.728387048698163,30.873049337879078,0.8333607337300248,0.2774,0.0886,0.0918,0.0068,0.0649,0.0382,0.3636,0.0688
25.82781455782166,28.77402885517576,0.7585943097396789,0.3955,0.129,0.0025,0.0651,0.0009,0.0154,0.3354,0.0562
33.20187177797082,29.592726269073456,0.9867922107767713,0.1426,0.016,0.2758,0.039,0.0013,0.0297,0.0095,0.4862
26.745840295868916,23.58098961090012,0.964583788517291,0.3583,0.084,0.1055,0.0177,0.1579,0.0041,0.0491,0.2235
24.242959267268024,24.355312549956253,0.8311516933213975,0.4505,0.021,0.0807,0.1242,0.2093,0.0903,0.018,0.0061
28.807540802788306,29.82535356636056,0.8317601582691128,0.1715,0.0894,0.0689,0.0162,0.1559,0.0977,0.3792,0.0214
20.24796386137442,16.516259397617443,0.9837556719240116,0.1938,0.1076,0.0376,0.3974,0.0124,0.0397,0.0685,0.1432
24.795930750709232,18.410986941223207,1.1295391614311565,0.0203,0.1606,0.0088,0.0206,0.1629,0.1398,0.089,0.3981
27.627118920306938,22.96631565772253,1.028772715329383,0.0297,0.1275,0.1104,0.1391,0.0587,0.4416,0.0368,0.0562
17.789719169307315,15.994248540283863,0.8621673681371076,0.0423,0.0435,0.0187,0.4131,0.3373,0.0515,0.0552,0.0383
30.71272847250974,29.539356159537245,0.9043097733152561,0.0569,0.033,0.2639,0.1442,0.253,0.046,0.1579,0.0451
35.525570702788464,32.68676321891563,0.9644751452338605,0.0147,0.1961,0.3478,0.0027,0.0516,0.0689,0.0796,0.2386
32.675137026514314,34.04962451798511,0.8421572170749793,0.031,0.0862,0.1225,0.0161,0.0144,0.1804,0.4714,0.0781
35.844711692714114,38.45042816077416,0.8282017448430139,0.087,0.1112,0.4036,0.1595,0.0222,0.0367,0.1712,0.0087
25.782605619544135,22.500629115837164,0.9680887368705773,0.1703,0.0715,0.0345,0.0762,0.1809,0.1692,0.2107,0.0867
27.006012735029888,23.26679033281879,0.9887918533644469,0.0959,0.1212,0.0337,0.0862,0.0518,0.2876,0.2376,0.0859
29.157591660494575,26.739879962419526,0.9408266490295127,0.006,0.1108,0.0934,0.1189,0.0338,0.21,0.3457,0.0813
26.127786346281507,20.430090862983498,1.0830977940667899,0.0229,0.1952,0.0502,0.1276,0.0146,0.3553,0.1056,0.1286
32.552076412054205,32.90598570847696,0.8676864040787224,0.3491,0.0377,0.2744,0.0056,0.1851,0.0504,0.0866,0.011
31.773944600863658,29.27059153638019,0.9488685791110042,0.078,0.0807,0.3011,0.1813,0.0602,0.06,0.083,0.1556
29.41846017857026,28.29430219405876,0.8983596769496452,0.4243,0.0199,0.1277,0.007,0.0553,0.2499,0.0484,0.0676
34.07283452881016,31.57258948259279,0.9524981961137682,0.0478,0.2342,0.3425,0.0569,0.0405,0.1322,0.0133,0.1326
23.499153836857296,20.762202175656817,0.9391659743935827,0.2493,0.0474,0.1038,0.1528,0.3383,0.0304,0.0006,0.0774
27.67491593393119,23.96807224705867,0.9877688822819924,0.0069,0.01,0.1574,0.0134,0.4417,0.0048,0.0712,0.2946
16.881233252735033,14.330200876783502,0.8988871379747401,0.0952,0.2913,0.0062,0.4436,0.068,0.0263,0.0058,0.0637
34.56321012702921,34.740567138592304,0.8797556471977516,0.1792,0.0729,0.368,0.0582,0.1299,0.0238,0.032,0.136
26.80723173534465,25.305178215920726,0.9012871413407199,0.0543,0.2128,0.1419,0.2601,0.0096,0.005,0.2968,0.0196
28.040887758638323,33.084731789688,0.7266459922196346,0.0367,0.0378,0.0211,0.0974,0.0714,0.025,0.5264,0.1842
22.170480714715403,19.032747954784234,0.9546955992840704,0.1012,0.1185,0.0084,0.1151,0.3678,0.0871,0.1415,0.0604
29.039063440550184,23.955042652938957,1.0452523004578427,0.075,0.1155,0.1549,0.1286,0.0852,0.2077,0.1701,0.0629
33.352991567828305,31.758032262288904,0.9242698453544785,0.2311,0.0186,0.2828,0.0913,0.036,0.1108,0.1275,0.1018
22.630086050705653,19.309250940795774,0.964826968577263,0.0284,0.0095,0.0174,0.209,0.3217,0.2066,0.163,0.0445
27.033564434306278,22.477779270224136,1.024725981930892,0.1374,0.2076,0.1409,0.1591,0.0785,0.0775,0.1638,0.0353
20.974622084910873,17.832390680377866,0.951898283811668,0.1153,0.0301,0.0276,0.3499,0.1433,0.021,0.1609,0.1519
28.899583703667947,26.605137139699124,0.9358938303127098,0.2391,0.0343,0.0599,0.0172,0.0126,0.4417,0.101,0.0942
32.59780904684191,27.72610430151849,1.031439856672388,0.0341,0.084,0.1955,0.0583,0.0102,0.3904,0.1422,0.0855
22.769954376942916,18.984418024522533,0.9887031750300382,0.1144,0.0533,0.0673,0.191,0.3553,0.09,0.0855,0.0432
19.613654877142164,17.14163984755531,0.9108612137460661,0.1692,0.0027,0.0405,0.3921,0.2232,0.1039,0.0393,0.0291
28.945380327021347,26.58549674594326,0.9383078512846602,0.2755,0.1969,0.2193,0.1287,0.0623,0.0492,0.0672,0.0009
25.18399930355178,22.933675835284074,0.9237071045959249,0.3563,0.0731,0.0555,0.1277,0.0515,0.1799,0.077,0.0791
23.535383615308593,20.299357146487374,0.9623646440788406,0.0361,0.0056,0.0063,0.1549,0.0861,0.0401,0.0813,0.5897
26.637328677136228,22.569967532533664,1.0029845476962014,0.1227,0.0005,0.1669,0.2729,0.0994,0.0364,0.1289,0.1723
29.596786687139815,38.23617449450014,0.6694390070539519,0.0019,0.0419,0.0132,0.0059,0.1701,0.1117,0.6176,0.0378
24.439274319392048,20.665637674464083,0.9890463890523086,0.0521,0.1269,0.0166,0.2161,0.031,0.2262,0.2383,0.0928
28.88860544300325,25.550514602765578,0.9740940967313949,0.3238,0.0111,0.1637,0.0733,0.0999,0.0805,0.0643,0.1834
30.712789351045046,29.980396712307407,0.8910085349230566,0.115,0.0226,0.2743,0.2104,0.1351,0.0291,0.1622,0.0513
23.349272641872265,19.779566549544107,0.9782455340164288,0.1632,0.0268,0.0104,0.1953,0.1175,0.0761,0.1842,0.2264
30.69609292096213,29.451793939662352,0.9064335087925102,0.2024,0.1205,0.1976,0.1286,0.0042,0.0517,0.2611,0.0339
27.090573273832284,23.033230928723032,1.0024895484826555,0.0315,0.0538,0.0706,0.1159,0.1852,0.3614,0.1815,0.0002
25.23635286967642,19.48343737252962,1.0899695194246521,0.0115,0.0709,0.0172,0.0504,0.1816,0.1101,0.141,0.4173
27.675647408900595,26.08198505960071,0.90773947438428,0.4631,0.049,0.1229,0.0273,0.0513,0.0407,0.0088,0.2368
28.53101966008215,22.947309951285526,1.0690150484810053,0.0005,0.12,0.1295,0.1358,0.0523,0.412,0.0702,0.0796
26.397946168775306,25.58989765506009,0.8752651718537211,0.0656,0.0284,0.1404,0.094,0.4643,0.0165,0.1811,0.0096
33.07492866326212,31.10895285741435,0.9346161150625985,0.1453,0.0471,0.2579,0.093,0.0668,0.1934,0.18,0.0164
27.976956321670027,24.714697219180444,0.9701497092613428,0.3012,0.112,0.153,0.0762,0.1199,0.0138,0.111,0.1131
32.00998639143927,30.263632483984566,0.9255328621328615,0.0364,0.2845,0.2581,0.1062,0.0086,0.0074,0.2491,0.0498
25.264830129996334,21.46686540500179,0.9905885059977886,0.1623,0.1564,0.0202,0.0474,0.1591,0.1011,0.2122,0.1412
26.627322574527547,19.384342873127707,1.1672989238080154,0.0182,0.2613,0.0686,0.0138,0.109,0.0337,0.1555,0.3398
27.17530932046192,23.97310929385413,0.9667210471694326,0.223,0.0522,0.0638,0.1028,0.0603,0.2771,0.1688,0.052
27.670109137742045,24.16709651660675,0.9794353707933762,0.0468,0.1392,0.0248,0.0523,0.0279,0.4324,0.1968,0.0798
26.975530063866128,24.027975250084932,0.9561991730362264,0.1496,0.0277,0.0625,0.0676,0.1982,0.1122,0.247,0.1352
25.34648917039812,21.029464676785977,1.0150752526745057,0.2855,0.1043,0.107,0.1532,0.0712,0.1117,0.0005,0.1665
22.71898943892529,18.761678124771354,0.9977246872288198,0.2229,0.0731,0.0092,0.1536,0.146,0.0635,0.0987,0.2329
23.271003703213495,20.713076381241358,0.9303786336956751,0.1606,0.0135,0.0346,0.3086,0.0124,0.3616,0.0615,0.0472
35.527727327845525,35.41017496021636,0.8903578523197697,0.1054,0.1252,0.3808,0.0666,0.0795,0.1843,0.0192,0.039
22.74957930238731,19.285644576649933,0.9722039223458643,0.0975,0.0509,0.0605,0.2908,0.153,0.3327,0.0041,0.0105
28.043079309796187,26.483372131186883,0.9078556609293346,0.262,0.035,0.1064,0.1076,0.0853,0.0581,0.2543,0.0912
20.39874176808123,17.120780149012795,0.9578267827372808,0.1895,0.0316,0.0199,0.3354,0.1511,0.125,0.0589,0.0886
25.456780677629958,22.87050553154782,0.9381856753464519,0.1405,0.1001,0.1404,0.0277,0.4923,0.0128,0.0143,0.0718
30.118850896495005,25.995066395666765,1.0047618459189191,0.0441,0.2872,0.1708,0.0345,0.0719,0.0244,0.2515,0.1156
21.482443712783684,16.07132950001519,1.0878032033857037,0.0411,0.1478,0.0312,0.1919,0.2966,0.1673,0.0169,0.1071
22.76905238111547,18.82783847030582,0.9968777037638671,0.1308,0.1,0.0746,0.2658,0.2131,0.0766,0.1268,0.0123
29.882789486522633,24.076849922842957,1.0750073024281424,0.013,0.1007,0.1884,0.0629,0.1383,0.0156,0.129,0.3521
31.479290937698064,29.865557027598772,0.9200997293405391,0.0243,0.1243,0.1585,0.1002,0.0052,0.1909,0.3532,0.0435
29.700628758282804,28.303039080430853,0.9080519122079935,0.0174,0.1296,0.0809,0.0338,0.0555,0.0794,0.3937,0.2098
34.431063227215176,31.418970367679016,0.9685569855121634,0.0033,0.1438,0.2333,0.0245,0.0075,0.2358,0.2764,0.0754
24.34555949604293,16.977657761471804,1.1983725777659429,0.0492,0.2438,0.0529,0.0786,0.1762,0.1398,0.0516,0.2079
26.080091658810023,19.50084760935249,1.1322631765103657,0.0011,0.1388,0.022,0.0137,0.1572,0.1601,0.1576,0.3495
36.014055557941745,36.067668712444444,0.8876108908834444,0.0286,0.1189,0.3338,0.0722,0.0361,0.1337,0.2486,0.0279
21.127179180015954,16.433152853380253,1.0422333031785158,0.2111,0.3065,0.0449,0.1942,0.1262,0.0033,0.0037,0.1101
24.444286624189758,21.357941924881626,0.9572217536733969,0.2372,0.0777,0.0574,0.0518,0.313,0.2034,0.0121,0.0474
26.49957461249169,23.040853913070055,0.9765078454721974,0.114,0.0519,0.0525,0.0161,0.3005,0.3663,0.0895,0.0091
31.772239191336375,26.33569469523819,1.0545474312609622,0.0733,0.1951,0.2006,0.04,0.0082,0.2268,0.1438,0.1121
24.495382555380527,20.7857329805443,0.9860312635866367,0.0082,0.018,0.1245,0.148,0.4479,0.0369,0.0546,0.162
29.102541793106916,27.547699936392416,0.9112391180050835,0.2039,0.073,0.0446,0.0037,0.041,0.3167,0.2707,0.0463
34.25154075152291,31.15562353824899,0.9709817142444234,0.0636,0.0522,0.2385,0.0086,0.0436,0.506,0.043,0.0444
25.47181194209659,21.840162838222444,0.9831342422282126,0.0343,0.0886,0.0945,0.1943,0.2026,0.0474,0.2319,0.1063
26.572141256400393,22.43028730029853,1.0063242148530114,0.0707,0.1225,0.1038,0.101,0.2341,0.0435,0.2118,0.1126
26.260358695607454,23.52259304175818,0.9463394897020935,0.3415,0.008,0.0483,0.0484,0.0119,0.1625,0.0052,0.3742
29.738519108542867,31.950896033585945,0.8055648605750277,0.1902,0.0415,0.1213,0.0322,0.1999,0.0088,0.3809,0.0251
25.924448121988377,22.63380199546518,0.9686595352553261,0.218,0.0381,0.1006,0.2582,0.0013,0.1508,0.1749,0.0581
27.7972495080849,25.021239810122974,0.9510819483236446,0.1482,0.1304,0.2305,0.1246,0.2831,0.0028,0.0036,0.0768
30.927328387474468,29.40716891314581,0.9156722453291727,0.2487,0.0489,0.2725,0.1716,0.0477,0.0656,0.0715,0.0736
30.701663941109235,28.06435442838866,0.9514440821805976,0.2203,0.0816,0.2562,0.0596,0.184,0.0405,0.0267,0.1311
25.560859121892793,25.565143564100286,0.8433693739224494,0.3609,0.0443,0.0199,0.0893,0.0404,0.0007,0.2522,0.1921
33.68680169362994,35.12834402586382,0.8450953928193298,0.0003,0.0163,0.3073,0.19,0.0738,0.0249,0.2972,0.0902
29.654372091660193,25.550022181950418,1.0040841416483581,0.2439,0.0597,0.192,0.109,0.0167,0.0095,0.1015,0.2676
20.289442709961264,16.65120161836393,0.9782743061615626,0.07,0.0262,0.0964,0.4594,0.1645,0.0461,0.0114,0.1262
25.57751623484406,21.39829125870553,1.0083756676629783,0.2252,0.087,0.1406,0.1943,0.1464,0.1324,0.0126,0.0614
34.226696169429246,36.99837675925872,0.8169735760600664,0.0561,0.0958,0.2275,0.0367,0.0688,0.0292,0.438,0.0479
23.046849988694063,23.28074752889893,0.8181373886319915,0.0556,0.1368,0.0048,0.2708,0.0597,0.0292,0.3476,0.0953
29.88017342658873,27.204411163317772,0.9513226833406109,0.2219,0.0785,0.2549,0.1477,0.0921,0.0055,0.0375,0.1618
28.8961110208827,24.04591661402169,1.035357121980754,0.1501,0.0799,0.205,0.196,0.023,0.1405,0.0591,0.1465
24.296138869602686,23.143376572958953,0.876973971607798,0.4206,0.1767,0.0859,0.0685,0.193,0.0242,0.0112,0.0198
28.012639200708193,23.879337551462726,1.0055823009728888,0.2566,0.1823,0.0848,0.0237,0.0036,0.2441,0.098,0.1068
26.868926395596716,23.224157717913364,0.9847042322640338,0.0569,0.1019,0.0676,0.1909,0.0019,0.1875,0.2815,0.1116
39.63053954173346,43.684014038608595,0.8156425256672303,0.0162,0.0596,0.433,0.0575,0.0051,0.0015,0.2942,0.133
30.585945715862945,28.649056460479827,0.9279867821314515,0.0431,0.045,0.2033,0.1783,0.0437,0.0187,0.2842,0.1837
27.04241914281058,25.671694504439703,0.897580763078401,0.0225,0.0131,0.1213,0.1588,0.3001,0.093,0.2691,0.0222
23.274546306445,20.409383037356555,0.944396323552045,0.1808,0.0543,0.017,0.1856,0.1721,0.2805,0.0989,0.0109
25.825014694953474,25.53885162182427,0.8545808957323229,0.0112,0.0058,0.0204,0.1671,0.1631,0.1611,0.3627,0.1085
23.381720868060874,23.423671617709427,0.8274416233451358,0.0856,0.0605,0.0118,0.0406,0.5019,0.0802,0.2156,0.0038
25.235022322684543,19.827092071528977,1.0710104258393647,0.1312,0.0163,0.0601,0.1549,0.1243,0.2903,0.0336,0.1892
26.355442516422112,22.126620116141087,1.0103414981176497,0.1845,0.1718,0.1575,0.117,0.2254,0.11,0.0221,0.0117
28.588048940793986,24.433880038468462,1.0063096365408524,0.0922,0.3028,0.1977,0.0612,0.1837,0.0046,0.129,0.0287
32.96044952219424,30.655994871552572,0.9446912306561049,0.0193,0.0188,0.2069,0.0679,0.0733,0.1155,0.3108,0.1874
31.584820011294727,31.346371497894488,0.8800004176926054,0.1363,0.0321,0.3078,0.1224,0.2531,0.0417,0.0738,0.0326
24.56570359236116,24.262736505189313,0.8476250643847435,0.4271,0.0069,0.1064,0.2496,0.0334,0.1605,0.0064,0.0097
26.140918763546672,21.07440733957027,1.0506069474121758,0.2196,0.155,0.0819,0.008,0.097,0.0025,0.0028,0.4332
25.43695867487114,20.572339790092382,1.0420282230218245,0.003,0.0304,0.1763,0.4009,0.0247,0.1196,0.0774,0.1677
28.66912201260101,26.662187072773264,0.9252475029624438,0.3217,0.0188,0.223,0.1544,0.104,0.0192,0.0041,0.1547
27.765485472371303,24.427954113344335,0.9728807153517968,0.0568,0.0072,0.1603,0.146,0.2522,0.0096,0.1835,0.1844
35.0253521785098,35.087656593297424,0.8842241172765121,0.0699,0.0046,0.3865,0.0826,0.1504,0.0192,0.0134,0.2733
26.209102000947702,18.329155743407746,1.211681667822339,0.0241,0.4209,0.0995,0.0402,0.0129,0.0781,0.036,0.2883
23.698347457084108,18.629429954513856,1.0573778964348426,0.018,0.232,0.1003,0.1484,0.3397,0.0697,0.0886,0.0034
24.58436741803458,22.764770169539492,0.904220304652036,0.3837,0.0117,0.0926,0.1807,0.1315,0.0711,0.0481,0.0807
25.59147743569689,21.812896523213606,0.9898491661902362,0.1615,0.0238,0.0074,0.0365,0.04,0.1201,0.0681,0.5425
20.908354058802814,17.51068441634823,0.9656021236392638,0.1465,0.0263,0.0677,0.3175,0.2828,0.1022,0.014,0.0431
34.77892027300114,35.52684886855534,0.8663566078398647,0.1302,0.0519,0.3504,0.0005,0.2602,0.0018,0.1149,0.0901
23.615577105503053,18.519767415612034,1.0591697328211183,0.0227,0.2914,0.0138,0.0161,0.3098,0.1941,0.1046,0.0475
32.07255836806694,30.000886192376292,0.935724304544065,0.0996,0.0506,0.1976,0.112,0.012,0.1471,0.2929,0.0884
28.161336064167607,24.88023009092926,0.9711058127624091,0.2025,0.0271,0.0699,0.0273,0.0832,0.4255,0.0405,0.124
25.09778707670295,19.10275671028929,1.104436778244633,0.0596,0.1911,0.0524,0.1598,0.0671,0.2217,0.1479,0.1004
21.614242646949968,15.713399059173854,1.1209695992966178,0.0487,0.3506,0.0343,0.203,0.139,0.0284,0.1204,0.0756
41.93686531929623,50.80166103736353,0.7467642699988585,0.0828,0.0227,0.6038,0.1236,0.0241,0.0579,0.0298,0.0552
28.948520670390625,26.209276023790867,0.951896597515482,0.2501,0.2117,0.2196,0.0751,0.1496,0.0342,0.0462,0.0135
23.681900583070814,17.223086657263593,1.1427626751660247,0.0038,0.4435,0.0773,0.1191,0.1526,0.0108,0.1259,0.067
31.085693793289515,28.70279841450968,0.943660384682119,0.237,0.1304,0.2529,0.0745,0.0972,0.1704,0.0176,0.02
24.100381948158013,20.753726439677248,0.9685191720427535,0.146,0.1874,0.0148,0.153,0.0324,0.3268,0.0861,0.0535
26.573716159470116,24.638522378974372,0.9161960206969926,0.2442,0.0493,0.0346,0.0855,0.0075,0.418,0.0528,0.1082
34.629340170352805,33.99614637515135,0.9009650632855426,0.0384,0.1291,0.3574,0.0161,0.2149,0.0064,0.0876,0.1501
31.482159677549763,29.8134346485491,0.9218045489061828,0.0251,0.1393,0.1189,0.0359,0.0134,0.2437,0.3713,0.0524
22.466676894947643,18.82919680709632,0.9807469263897622,0.1391,0.0198,0.0167,0.2535,0.1393,0.2901,0.0626,0.079
26.586995057823827,21.67391933418041,1.0421278546609458,0.0777,0.0266,0.1788,0.2966,0.0346,0.0175,0.0806,0.2877
28.12116652443412,23.246953310272865,1.0376054961909755,0.0745,0.197,0.2243,0.1913,0.093,0.0559,0.0399,0.1241
22.04209094912133,18.063835910593948,0.9987962157329018,0.2208,0.2367,0.0132,0.1065,0.1896,0.1083,0.0284,0.0965
24.25353957812163,21.17269825114881,0.9565875514719855,0.0739,0.0292,0.0921,0.081,0.502,0.1921,0.0095,0.0202
35.32789605172017,33.50072539498507,0.9351408270225049,0.0889,0.1392,0.297,0.0233,0.0328,0.2316,0.1805,0.0066
29.21344154074556,24.42135087792779,1.0324343508586853,0.1526,0.0254,0.0925,0.0658,0.0306,0.3355,0.1544,0.1432
22.16780293018906,17.37941813909788,1.045363129236046,0.0728,0.3005,0.0127,0.1781,0.1327,0.0852,0.1657,0.0523
25.588848173484536,20.904635474757868,1.0327301903710708,0.0608,0.0225,0.0338,0.125,0.068,0.0486,0.1814,0.4598
30.301451510928295,25.805769169205007,1.019208198696701,0.0259,0.0534,0.1025,0.0544,0.0626,0.4016,0.2203,0.0793
36.20157761806039,34.52179002334679,0.932789916058314,0.0805,0.0928,0.3285,0.004,0.0588,0.3704,0.0475,0.0176
30.85252966247578,27.558254662199605,0.9743915204945169,0.2526,0.0379,0.1718,0.062,0.0264,0.2915,0.0989,0.059
25.795331832976427,21.82217325193236,0.9987699933161535,0.0588,0.0538,0.0052,0.063,0.1554,0.4203,0.1106,0.1329
25.783221532687463,21.7470899089352,1.001661446377587,0.2153,0.0416,0.0472,0.0371,0.1753,0.0155,0.1388,0.3292
23.09243504245917,16.386022092343307,1.1651659527165223,0.0384,0.2986,0.0096,0.0587,0.1502,0.0762,0.0617,0.3066
41.8233756673832,48.530247833305644,0.7793773441524761,0.06,0.1284,0.5616,0.0277,0.0514,0.0661,0.0769,0.0279
25.61919403845112,20.61556772877329,1.048682933348329,0.0942,0.1339,0.1426,0.2089,0.1884,0.1582,0.0666,0.0072
22.005676990484076,19.234754315096513,0.9361012205054374,0.2968,0.0563,0.0263,0.2008,0.1662,0.0446,0.0673,0.1417
19.855911784377316,16.145130801471623,0.9820863007769536,0.1968,0.2785,0.0022,0.1733,0.2248,0.0052,0.0277,0.0915
24.86558099727965,20.759924747920287,1.0050894331575044,0.2646,0.185,0.0896,0.1536,0.0705,0.1425,0.0446,0.0496
33.35339669811581,28.840489247511076,1.0177842839697666,0.0132,0.082,0.1785,0.003,0.0265,0.2645,0.2687,0.1636
22.724959310228897,19.606384883047596,0.95504395236162,0.1898,0.14,0.0181,0.1612,0.1788,0.2485,0.0563,0.0073
36.14059129428775,37.0384311569679,0.8677633012607032,0.0578,0.1736,0.3841,0.0209,0.1428,0.0471,0.1438,0.0299
23.799665279702662,21.163425933010977,0.9355604967917267,0.2578,0.0248,0.0685,0.1824,0.2261,0.0333,0.1273,0.0798
27.125741386253942,20.81661238905638,1.110927222645098,0.1562,0.071,0.1037,0.1195,0.0425,0.212,0.0474,0.2477
34.46701739892757,32.43462292191908,0.9393362602756877,0.1757,0.0059,0.2571,0.0182,0.047,0.0995,0.2209,0.1758
27.744330268484386,26.738040143309732,0.8880355531377859,0.2143,0.0436,0.0934,0.168,0.014,0.094,0.3039,0.0688
24.18915525596521,19.979092455601403,1.010514131251488,0.1212,0.0965,0.1715,0.3698,0.0603,0.0271,0.0221,0.1315
26.173466296829908,21.70993219795014,1.0213512458101335,0.0319,0.3879,0.0612,0.0413,0.0865,0.0263,0.2616,0.1033
21.23426614706462,16.06574704983562,1.072733567483932,0.1073,0.3072,0.0408,0.1507,0.2587,0.0778,0.002,0.0555
24.097960188717327,19.01493480248953,1.0569565658508595,0.0243,0.0515,0.0471,0.1718,0.258,0.3117,0.0797,0.056
23.9843135272706,20.643809977351328,0.9680535496691614,0.3023,0.0644,0.0312,0.1247,0.1141,0.1118,0.0796,0.1719
26.665535774815964,21.443028137750932,1.0570118935260258,0.0932,0.1055,0.0811,0.1332,0.0851,0.343,0.0883,0.0706
27.592699214675193,25.749089325490726,0.9162537329550998,0.1693,0.0211,0.0519,0.0418,0.1746,0.1336,0.2869,0.1209
20.717830121262928,17.022317767142933,0.9821124449651776,0.1803,0.2084,0.0038,0.1345,0.2951,0.0404,0.0479,0.0895
24.69973070576674,20.81684046726309,0.994374277802603,0.297,0.0325,0.0673,0.1424,0.0885,0.1253,0.0112,0.2358
23.479837551841186,18.84365084723281,1.0337613294666728,0.2164,0.0706,0.0693,0.2492,0.06,0.0135,0.1003,0.2206
20.87498027907148,19.840251920220766,0.8505426416422089,0.3247,0.0551,0.0297,0.345,0.0525,0.1259,0.0644,0.0026
27.023864855147178,26.77615472263657,0.8598644986049022,0.4053,0.0086,0.029,0.0513,0.0022,0.139,0.213,0.1517
38.048781687055936,45.128729152009846,0.7544812877926909,0.04,0.0214,0.5153,0.0623,0.3235,0.0116,0.0242,0.0017
26.836721488888273,21.263057434091714,1.0740093027390056,0.0695,0.1094,0.1286,0.0735,0.26,0.0119,0.1189,0.2283
27.90718616817336,26.920595121879558,0.8880630632397473,0.103,0.1073,0.0326,0.0447,0.0103,0.5858,0.0786,0.0377
31.412143210821792,23.9664210955698,1.1437729105030596,0.0162,0.0893,0.1645,0.0133,0.0342,0.2514,0.105,0.3259
31.528072332753727,28.067139518359586,0.9807936542570276,0.2282,0.1137,0.2245,0.0686,0.0003,0.0344,0.1447,0.1856
33.701072101302266,30.653585793390796,0.9689265165090767,0.1326,0.1628,0.2934,0.0285,0.0389,0.0356,0.12,0.1883
26.80583353955524,19.95336537691344,1.1429567448277262,0.1111,0.094,0.0986,0.1287,0.0601,0.2077,0.0679,0.2318
30.068734269477478,32.09051673952262,0.81235009336485,0.0444,0.0615,0.1814,0.1961,0.0908,0.0284,0.3923,0.0052
32.58640182677275,29.7539958644365,0.9607584123159969,0.0405,0.025,0.1697,0.0774,0.0025,0.2265,0.3198,0.1385
23.779009353178274,18.114649559820716,1.091879215651469,0.0785,0.1686,0.0017,0.0927,0.0594,0.1506,0.0518,0.3968
26.094751323305292,23.22994670273007,0.9511322434807238,0.3219,0.0737,0.1701,0.2225,0.051,0.0256,0.003,0.1323
21.237466383389545,20.88074102170383,0.8255198589682522,0.357,0.0977,0.0002,0.2436,0.0398,0.1819,0.0189,0.0609
24.959014511808075,20.78587251254355,1.0083297922259478,0.0975,0.3456,0.0598,0.0666,0.0932,0.3008,0.0101,0.0265
22.43311024233467,16.50236777385466,1.1169979056907797,0.114,0.4257,0.0158,0.1148,0.0058,0.0117,0.0776,0.2346
39.33812164104839,43.42933859523651,0.8136923744200059,0.0797,0.2262,0.4793,0.0327,0.0006,0.0165,0.1413,0.0237
22.081446069003917,21.08173411174063,0.8576830526922441,0.3264,0.0751,0.0129,0.163,0.2213,0.0491,0.1224,0.0298
20.75567920037423,17.436215190884088,0.9609699706582164,0.1754,0.2297,0.0141,0.1576,0.2952,0.0004,0.0942,0.0335
35.50253900070368,37.47455464253682,0.8406381156814499,0.2575,0.0736,0.393,0.0216,0.1459,0.0164,0.0199,0.0722
27.236908768271668,23.598555068326306,0.9846750659518116,0.2522,0.2255,0.1508,0.0076,0.2468,0.0399,0.05,0.0271
25.73870435781424,24.77057938182416,0.8776017719539249,0.1203,0.2442,0.0049,0.0223,0.0299,0.4848,0.0253,0.0683
37.062972749153374,37.901788396702806,0.8723327881812993,0.0054,0.0078,0.3195,0.0664,0.0497,0.2321,0.3117,0.0074
27.473441111104368,25.402136769398137,0.9240734873683043,0.0595,0.104,0.1054,0.0337,0.3416,0.0736,0.2533,0.029
25.892629140006257,20.92247682580982,1.0463689037523352,0.0281,0.2732,0.0563,0.0831,0.1346,0.2052,0.2007,0.0188
28.982714058442955,27.603873038337497,0.9050437967072896,0.052,0.1278,0.0498,0.0176,0.0251,0.0453,0.3856,0.2969
28.946974190636805,24.82819913398898,1.0047838772359943,0.1454,0.0061,0.0642,0.0506,0.0426,0.3772,0.1755,0.1384
30.002620227087185,26.128030976622462,0.995200145405236,0.2439,0.1011,0.1934,0.0971,0.0318,0.1197,0.106,0.107
24.162689188811264,18.53811789053902,1.087634101145799,0.0806,0.1257,0.0251,0.02,0.3148,0.1152,0.0789,0.2398
38.88117569933812,39.65343006809866,0.8796509063512306,0.016,0.108,0.442,0.0097,0.0493,0.0883,0.0883,0.1985
20.728413913170378,14.585149832598892,1.146948375928311,0.0157,0.2431,0.0175,0.2525,0.1235,0.1294,0.0205,0.198
24.195954373438543,19.806094460000963,1.0196838359134817,0.0766,0.1497,0.084,0.2206,0.1658,0.024,0.1912,0.0882
24.237633166885555,24.281740981615098,0.8334506649341357,0.0542,0.1599,0.0388,0.1508,0.2536,0.0124,0.3225,0.0079
25.062526310348115,21.135036783837432,0.9965691815807594,0.0198,0.071,0.0431,0.2423,0.0342,0.422,0.1244,0.0432
27.252711728543222,25.422638477184083,0.9146458873421697,0.1929,0.0035,0.0353,0.099,0.0753,0.3325,0.2295,0.0319
18.692324324093626,16.71494322294026,0.8789933730632892,0.0277,0.0514,0.0099,0.4896,0.1244,0.0951,0.1563,0.0455
31.838554459199752,29.526510023979885,0.9428325405403734,0.0717,0.1829,0.2847,0.1341,0.0723,0.0627,0.1423,0.0493
26.66413886147545,22.519585892536504,1.0064189887695427,0.2037,0.0062,0.1589,0.2355,0.1014,0.1302,0.0662,0.0978
27.44542338522344,23.898533215369756,0.9810402661090969,0.3075,0.2101,0.0722,0.0042,0.021,0.0824,0.1632,0.1394
25.32437310897791,25.827087989990304,0.8256592116479607,0.0216,0.042,0.0113,0.0386,0.4051,0.163,0.3141,0.0042
23.64602940115211,24.42032839263203,0.8044948898836104,0.0073,0.0473,0.0253,0.1094,0.4526,0.044,0.2839,0.0304
25.076823827977446,27.80872207176471,0.7579213375424243,0.1091,0.0305,0.0351,0.2913,0.0118,0.0686,0.4136,0.04
24.597851112303395,19.973921469143384,1.031237213189402,0.2401,0.2076,0.0575,0.1529,0.0123,0.1074,0.1114,0.1107
24.617648592722766,25.355605511930555,0.8131396658234629,0.006,0.0684,0.0433,0.2953,0.0707,0.0782,0.3774,0.0606
21.991770190469495,17.64438333691232,1.0196882399868539,0.051,0.0227,0.025,0.313,0.1409,0.0979,0.1678,0.1817
27.34484901734505,23.217388303522814,1.0054898816419804,0.1264,0.029,0.0305,0.0338,0.0571,0.4283,0.0598,0.2351
24.124821688627758,18.218018934844995,1.104665757599784,0.1676,0.139,0.1079,0.2124,0.1051,0.0403,0.0185,0.2091
30.350757909162056,23.2593316219252,1.1329112262332919,0.0291,0.2042,0.1822,0.0302,0.0557,0.2402,0.0386,0.2196
29.325733156141798,26.860784515101898,0.9428515813416749,0.3003,0.1269,0.2256,0.1096,0.0829,0.0748,0.0137,0.0661
24.504036596115405,19.477327104586394,1.0527130589333917,0.0459,0.165,0.0106,0.1119,0.1124,0.0965,0.2193,0.2383
17.477063192491187,15.65550822495084,0.8608512096089109,0.1872,0.1693,0.0088,0.4638,0.0379,0.0497,0.0132,0.0702
25.197851842983365,21.95594138431445,0.9654722369648577,0.0548,0.0422,0.1328,0.3725,0.0053,0.0271,0.2133,0.152
21.601508802218618,15.896770669431213,1.1072380150809837,0.1036,0.2203,0.0412,0.3096,0.0091,0.0398,0.1076,0.1688
33.31055198992314,29.365641748257193,0.9981240063198238,0.0094,0.1325,0.2899,0.1161,0.013,0.1816,0.1139,0.1436
31.00173409206638,27.231723788030227,0.9915543467701836,0.2786,0.0464,0.1661,0.0038,0.0509,0.1085,0.148,0.1976
30.689222708901454,23.9181244996803,1.1158576714180994,0.023,0.2598,0.1965,0.0098,0.0747,0.0847,0.1183,0.2332
25.879239405162828,27.08869309794361,0.8076889987292798,0.1978,0.054,0.0248,0.1318,0.0074,0.5747,0.0085,0.0009
29.878276458668857,28.593991257532764,0.9050249832419431,0.2709,0.0237,0.1763,0.0664,0.1706,0.0785,0.1942,0.0193
35.0723269150725,35.99932869811018,0.8631362872248135,0.0359,0.1626,0.422,0.1524,0.0057,0.001,0.0046,0.2157
28.935291605299724,25.671776152721986,0.971311507897198,0.1227,0.0029,0.0757,0.0251,0.1631,0.2008,0.2658,0.1439
28.569435112320974,23.372424634321405,1.051214647035028,0.0377,0.1239,0.2167,0.1477,0.1862,0.1675,0.0062,0.1142
26.121995061998042,22.92843652486776,0.9648278912521984,0.1144,0.1768,0.0405,0.0149,0.1961,0.008,0.2611,0.1882
22.868052616361485,17.877771230086104,1.0553917696747825,0.0317,0.2546,0.028,0.0268,0.3971,0.155,0.0445,0.0623
27.97233081170206,25.367598110987316,0.9449980525085293,0.2411,0.2062,0.0921,0.0142,0.0497,0.3512,0.0451,0.0003
27.7994555639962,22.830236474505874,1.0424533092582127,0.089,0.0223,0.0766,0.0243,0.0181,0.134,0.0119,0.6238
20.373600201652796,19.674156816792674,0.8322389800043312,0.0135,0.1279,0.1689,0.6206,0.0252,0.0337,0.0044,0.0057
31.488026545388976,28.489929526467954,0.9648330832075881,0.0667,0.0262,0.2749,0.0531,0.2949,0.1633,0.0033,0.1175
27.98095477631491,26.46036515485059,0.9062971971843266,0.1469,0.0931,0.0662,0.0815,0.0697,0.1016,0.3304,0.1105
26.19276997359573,24.858311846124998,0.892770599667862,0.1799,0.1477,0.1008,0.223,0.0126,0.0148,0.2859,0.0354
28.32233235275342,23.10530817873066,1.0526729253991547,0.1563,0.0942,0.0752,0.0031,0.0936,0.1074,0.1973,0.2729
25.1987233064783,24.421101096245934,0.8680494471945417,0.1141,0.1022,0.0112,0.0852,0.192,0.0579,0.3198,0.1176
26.117000104109106,23.377133294966168,0.9460954782198034,0.3378,0.0991,0.1276,0.1765,0.0493,0.1137,0.0585,0.0375
23.749466322258222,18.76903642189264,1.0522365601689592,0.1112,0.1053,0.0561,0.2151,0.1583,0.1346,0.1465,0.0729
21.25542616497811,20.423265423280554,0.8448906581465953,0.0233,0.0979,0.0274,0.2257,0.3992,0.0062,0.2082,0.0122
28.942196593147962,30.12493313055765,0.8279585712290758,0.3058,0.0108,0.0707,0.0605,0.0279,0.0801,0.351,0.0931
29.166467895075872,23.577900516493685,1.0673752685261744,0.0549,0.2348,0.1648,0.007,0.2137,0.1357,0.1285,0.0606
27.11029904664092,25.61076879061187,0.9023664707446212,0.4079,0.0545,0.1128,0.1022,0.049,0.1842,0.0459,0.0437
23.801333220287674,18.276977593318403,1.0834030473138259,0.0037,0.1682,0.1424,0.265,0.2401,0.0554,0.0414,0.0837
24.340012606277128,20.96482254197084,0.9701972227791166,0.1994,0.0314,0.0111,0.0353,0.2201,0.0198,0.1148,0.3682
26.630777046240972,21.88525744209815,1.0340649227506344,0.0466,0.3371,0.046,0.0421,0.0155,0.0635,0.269,0.1803
27.43302944640212,27.86666693219789,0.8408981778630644,0.07,0.1732,0.0465,0.0607,0.1043,0.0229,0.4032,0.1191
27.03934131978584,22.539089107391128,1.0221948726504066,0.0215,0.0398,0.1121,0.2415,0.0462,0.1375,0.2416,0.1599
30.41932953711457,29.24461749702426,0.9033911809516,0.3001,0.0818,0.2537,0.0327,0.2307,0.041,0.0063,0.0536
24.148636428788723,19.25924281783786,1.0461800922997404,0.1537,0.1739,0.0695,0.0899,0.2593,0.1893,0.0093,0.0552
28.030261759481796,22.95560404120483,1.0468146129523745,0.0601,0.0717,0.119,0.1213,0.1529,0.2228,0.1839,0.0684
30.898310939064665,26.97716190272744,0.9970771216057833,0.0168,0.236,0.233,0.0112,0.2429,0.0978,0.1315,0.0308
26.223859105001036,21.295676483309293,1.0435854959770456,0.1208,0.0467,0.1255,0.1831,0.1413,0.0036,0.1409,0.2381
30.531358273933034,26.424220043757018,1.0040545465485302,0.1277,0.0256,0.1616,0.0936,0.0021,0.4475,0.0208,0.121
25.062419530088004,20.441127877031576,1.0303941962886762,0.0798,0.0239,0.0003,0.0552,0.2241,0.2933,0.1267,0.1966
14.790550042689906,15.201364352955823,0.7098408927085378,0.0193,0.1356,0.0016,0.603,0.1579,0.0613,0.0096,0.0118
33.52493901918614,35.21438356544005,0.8384340723817862,0.16,0.0248,0.3677,0.2453,0.0108,0.0842,0.1059,0.0014
20.715128908864337,17.211566162543182,0.9711567646435789,0.1333,0.1449,0.0444,0.3889,0.0267,0.204,0.0278,0.03
29.345520115736917,24.515931234085656,1.0338387668708193,0.1518,0.013,0.0727,0.0304,0.017,0.2117,0.2189,0.2846
32.10506354317157,37.31502827063839,0.7531834985982376,0.0296,0.0544,0.1352,0.0945,0.0193,0.0653,0.547,0.0546
26.291679118447597,24.431706227644142,0.9124077913651756,0.1623,0.0591,0.01,0.0543,0.1031,0.4592,0.1027,0.0493
31.933750072546456,28.591139877787864,0.977007219437511,0.2936,0.011,0.224,0.0006,0.0785,0.164,0.007,0.2214
26.056780254469107,20.276203983384185,1.0878160563261277,0.053,0.3403,0.1389,0.0603,0.2245,0.1583,0.0015,0.0231
26.022836560237998,19.786079065256093,1.113047031076996,0.0743,0.2536,0.1652,0.1786,0.1154,0.0237,0.048,0.1413
25.86945946577176,22.398877374990125,0.9763640873444177,0.3142,0.2961,0.0933,0.0284,0.1106,0.0268,0.0914,0.0393
28.624505034212568,21.287194515475928,1.1567754978849087,0.0105,0.2917,0.1339,0.0496,0.0219,0.2532,0.0641,0.1751
26.21980392605487,23.23539287226826,0.9562912944146724,0.1094,0.1033,0.2323,0.3635,0.0285,0.0131,0.0155,0.1344
26.52536338238491,20.37007493402918,1.1058066038213348,0.0605,0.0369,0.1253,0.1954,0.1455,0.1421,0.1192,0.1751
27.808127017022066,22.47525479507623,1.0593039871671592,0.0792,0.3128,0.1696,0.0083,0.2524,0.0125,0.0903,0.0748
23.49384045813018,22.778182897626273,0.8558119208078553,0.2469,0.0022,0.0472,0.016,0.5122,0.1061,0.0308,0.0387
23.41420637566521,18.717582200365445,1.0372176367568542,0.0583,0.3708,0.0039,0.0231,0.2137,0.0496,0.1839,0.0967
31.344551791239024,28.7346354048318,0.9516234121641568,0.0465,0.0619,0.2804,0.0253,0.3408,0.0596,0.0188,0.1668
36.39731719810044,35.21104791852718,0.9200895489694806,0.0194,0.0101,0.2849,0.0044,0.1068,0.2895,0.2609,0.0239
29.386378463581973,22.96575862603269,1.1054012574531462,0.0306,0.2271,0.2076,0.0308,0.17,0.0532,0.0237,0.2569
25.388560182959647,19.176956164588773,1.115326123676223,0.011,0.0336,0.11,0.1971,0.2447,0.1961,0.0807,0.1267
26.466341332392158,23.672517232854272,0.9490474169435557,0.0572,0.2505,0.0197,0.0571,0.0611,0.2071,0.2941,0.0532
24.118448193423845,17.614007316835934,1.142184616569002,0.1012,0.366,0.0474,0.0676,0.1158,0.0863,0.0945,0.1212
23.218177797251712,22.138338049417158,0.8680948747983218,0.0477,0.137,0.0269,0.2725,0.09,0.0261,0.3122,0.0877
28.923096319302477,22.025480716874117,1.1315574284019347,0.0218,0.2361,0.176,0.0965,0.0378,0.0332,0.1203,0.2782
33.29726618677289,32.036804652571725,0.9144877744360526,0.0139,0.0104,0.1666,0.073,0.007,0.3012,0.3683,0.0596
33.283552568325156,28.411837916003048,1.0306813890357693,0.0188,0.0869,0.2266,0.0246,0.0782,0.2075,0.191,0.1663
34.00938571874534,31.47822001128705,0.953338076548959,0.0098,0.0297,0.3004,0.0316,0.1618,0.0058,0.1391,0.3218
24.606364243064384,22.958806871155517,0.8975363728048672,0.269,0.0598,0.0071,0.0272,0.0273,0.0352,0.0021,0.5722
31.820924634847646,25.241507338664526,1.1021895111720215,0.0184,0.1561,0.2283,0.0247,0.0241,0.1148,0.0343,0.3994
19.05336649222363,16.460930218208414,0.9144906328302277,0.1264,0.0089,0.0564,0.5319,0.0237,0.0303,0.0392,0.1832
25.947507900913124,22.41605007810912,0.9790979153078552,0.2145,0.1528,0.1025,0.1538,0.1073,0.0667,0.1745,0.0278
34.25833777080933,34.77048210400458,0.8702306076833033,0.4245,0.0149,0.3025,0.0146,0.0054,0.0946,0.036,0.1076
23.40737726867878,21.924510372155865,0.885190909135474,0.1688,0.0139,0.056,0.028,0.5426,0.1522,0.0018,0.0369
31.124151102326753,25.814464718533497,1.050734593882668,0.0352,0.0689,0.2303,0.0667,0.1664,0.1182,0.0911,0.2233
29.015757292686178,24.272927385614306,1.030603227013818,0.156,0.1799,0.1716,0.0996,0.0136,0.284,0.0014,0.0938
35.609945823077325,34.190134029518674,0.9245341301027458,0.1269,0.0739,0.359,0.0154,0.0853,0.0558,0.0497,0.234
26.687799059501693,27.829657663341262,0.8152381654836989,0.0422,0.163,0.0098,0.0197,0.1887,0.0603,0.41,0.1063
29.099344500510128,26.416479075938287,0.9501396620025762,0.2378,0.2922,0.1555,0.0554,0.0035,0.0193,0.2135,0.0228
27.985709482793474,24.781160832249757,0.967900964977351,0.3407,0.1043,0.1377,0.0934,0.0318,0.0775,0.1011,0.1135
26.579093396558516,22.256203265129734,1.0145078712475042,0.0615,0.2647,0.0526,0.0559,0.1065,0.1984,0.2309,0.0294
29.242450255446578,31.580482427037644,0.7993054037019791,0.0205,0.1458,0.1105,0.1568,0.0211,0.0646,0.4588,0.0219
27.868364894070076,22.979228662506674,1.0386930407726926,0.0232,0.2156,0.2068,0.1486,0.1872,0.1875,0.0079,0.0232
28.852885384945754,22.696581886870806,1.0950056492569171,0.1163,0.2347,0.1253,0.0382,0.0123,0.0561,0.1826,0.2345
28.558787742457177,23.191321820754613,1.0589645528733413,0.0242,0.1019,0.1708,0.0286,0.3355,0.1136,0.0867,0.1387
23.577553050112474,18.233347865312368,1.0737223462596992,0.0496,0.2629,0.045,0.217,0.0537,0.1156,0.1844,0.0719
27.211761975957433,23.148270698837187,1.0027428086506451,0.0305,0.078,0.2219,0.3574,0.0001,0.1943,0.0217,0.0962
22.88798195512549,19.517794589763515,0.9677313626935933,0.0881,0.0354,0.0026,0.1738,0.2633,0.2021,0.1662,0.0684
27.956687000040397,24.053907046714354,0.9959582430211795,0.1173,0.0097,0.1888,0.172,0.233,0.1589,0.0726,0.0476
28.35459448517244,22.00535939795171,1.106757405990806,0.0138,0.065,0.1061,0.1094,0.0185,0.0813,0.1852,0.4207
34.80390347480966,30.849148101553332,0.9985333589571185,0.0215,0.0461,0.3143,0.0426,0.0678,0.1684,0.0586,0.2807
24.921120922265906,19.675243928953922,1.063322060850212,0.132,0.1544,0.0794,0.1558,0.1082,0.2692,0.0118,0.0894
19.114324839585226,15.669540937318052,0.9645671752635367,0.1755,0.1367,0.0127,0.348,0.1144,0.08,0.0034,0.1294
29.88633160781471,31.039406121971837,0.8339828251253357,0.069,0.0352,0.0464,0.0222,0.0592,0.1419,0.4504,0.1758
33.05861466529209,27.844534440061107,1.0436021018000659,0.0037,0.1901,0.2647,0.0408,0.0108,0.2917,0.0064,0.1918
21.502633923074402,16.124689391023242,1.085455570562387,0.0542,0.3324,0.0356,0.2674,0.0355,0.1556,0.0637,0.0557
24.216128223951127,17.996511001199178,1.1233359745455131,0.0217,0.0903,0.0103,0.1115,0.115,0.2092,0.065,0.3771
26.843971845986204,25.089018010886637,0.9105167781406883,0.0633,0.0273,0.0188,0.002,0.1915,0.0043,0.2942,0.3987
28.353196408883946,21.569039541405573,1.1290811703568762,0.0554,0.193,0.1577,0.0892,0.0684,0.2419,0.0018,0.1926
28.86695483940298,29.72201302631492,0.8366510982074657,0.0842,0.1257,0.0196,0.0123,0.0523,0.2355,0.4176,0.0527
31.39667731685819,28.740618642612496,0.9532389562498248,0.0009,0.1854,0.2706,0.114,0.1645,0.0975,0.1486,0.0185
26.94756949335988,25.495094808601216,0.9000778253869491,0.3132,0.1365,0.0566,0.064,0.0434,0.1728,0.2078,0.0057
31.432724123059685,26.904737582055837,1.0196242962561357,0.094,0.0058,0.2139,0.1125,0.0822,0.3096,0.0899,0.0922
28.73082099515905,23.366778852546325,1.058375275052688,0.0402,0.162,0.1754,0.0869,0.1765,0.0345,0.1546,0.1701
40.40547177783598,47.9762229275792,0.7588232160916577,0.0426,0.1428,0.5723,0.1139,0.036,0.0349,0.0311,0.0264
22.20344755891841,17.748308677873148,1.0256440706157361,0.1609,0.2132,0.0046,0.1238,0.1898,0.0213,0.133,0.1532
25.850187625136094,23.721925292983084,0.9210967219258275,0.0726,0.2596,0.021,0.1006,0.0151,0.0776,0.3308,0.1227
26.20594857146699,22.384332056997113,0.9920308774424939,0.3379,0.1216,0.1082,0.0997,0.0605,0.0469,0.0483,0.1769
23.71422276681423,20.117405369412772,0.9799585187455856,0.1721,0.1218,0.0428,0.2477,0.0448,0.1478,0.1804,0.0426
37.719117547831225,40.11526847457898,0.8405556993641713,0.0038,0.0893,0.4478,0.0295,0.2086,0.1455,0.051,0.0244
27.226075059127545,22.883259523997737,1.014981062237672,0.004,0.3696,0.2303,0.2265,0.0409,0.0619,0.0255,0.0414
26.512050146385928,20.276984061830248,1.1102267515593212,0.0207,0.1539,0.0973,0.127,0.157,0.2817,0.1029,0.0596
26.806752315295736,21.28352292736782,1.071568480139594,0.0416,0.2007,0.1839,0.2577,0.0152,0.0124,0.1104,0.1781
30.804063579457374,29.663698800188193,0.9035981574653571,0.0619,0.0175,0.1875,0.0426,0.265,0.0293,0.2766,0.1195
23.891303437153404,21.426196712179653,0.9283637084245688,0.2324,0.2082,0.0194,0.0591,0.16,0.2723,0.0252,0.0234
27.62403442375862,25.36274285694017,0.9314463564532897,0.0119,0.014,0.1713,0.2167,0.228,0.0391,0.2246,0.0943
26.326324868753726,23.102048411476357,0.9664218718225316,0.3639,0.1929,0.081,0.0018,0.0658,0.1086,0.0018,0.1841
39.913924308470506,43.702071270367135,0.8217899807605342,0.084,0.0702,0.4882,0.0274,0.0741,0.0839,0.0925,0.0798
23.957205178305287,23.396996937346,0.8529814844079344,0.2312,0.3071,0.0031,0.0499,0.0336,0.3424,0.0004,0.0324
24.955553100800785,21.491549680293705,0.9750601242131741,0.0695,0.1567,0.008,0.0945,0.16,0.2601,0.2157,0.0354
31.932560104297053,31.310610437322993,0.8921116424801727,0.318,0.012,0.1516,0.0,0.0143,0.091,0.2848,0.1282
27.406444162646697,21.046921198861703,1.1121077492280727,0.1327,0.0539,0.1157,0.119,0.011,0.1746,0.007,0.3862
24.875036337645636,19.806492772906008,1.0539491558142653,0.0614,0.1461,0.128,0.1209,0.3483,0.0191,0.0589,0.1172
22.239011384778802,18.38316771971991,0.9921582429568724,0.0233,0.2036,0.0148,0.3019,0.0139,0.29,0.13,0.0224
18.582736829132244,15.183436625587445,0.96043716509852,0.0324,0.1068,0.012,0.4964,0.0244,0.1157,0.086,0.1263
25.2364157834793,23.73089645556735,0.8948846843287778,0.2761,0.0199,0.0922,0.0132,0.4345,0.0435,0.0576,0.0629
38.9446096321068,42.56312362425441,0.821006699146342,0.1696,0.0684,0.4292,0.0259,0.0228,0.0132,0.2076,0.0633
37.00819719182968,37.97437581751783,0.869222903108332,0.0585,0.009,0.3887,0.0833,0.0908,0.1257,0.1648,0.0792
24.731710631215268,18.64123097928874,1.1121427900469205,0.0457,0.1889,0.0345,0.0798,0.1222,0.0096,0.1561,0.3632
26.341688676180798,19.282192902498778,1.1586694930992802,0.0408,0.1219,0.1416,0.2164,0.0189,0.0834,0.042,0.3349
22.911975909479914,18.94094521045614,0.9984705461816006,0.173,0.0668,0.0611,0.2077,0.2438,0.1882,0.0375,0.0219
26.034658398804083,25.42960063714988,0.8664964390598351,0.2326,0.0092,0.0235,0.1118,0.1271,0.2019,0.2683,0.0255
25.329317018334784,20.881750659703858,1.0214333733758545,0.1327,0.122,0.1407,0.2844,0.0685,0.0724,0.1279,0.0514
27.03450172070093,19.932993203201573,1.1555967277910477,0.0753,0.163,0.0809,0.032,0.1465,0.2207,0.0819,0.1997
21.699579941513708,17.55191305249775,1.0084131506676386,0.1749,0.1442,0.0711,0.3398,0.0777,0.125,0.0465,0.0207
24.007470479242265,21.494029990451228,0.9308384927410369,0.2014,0.147,0.0104,0.086,0.1704,0.0122,0.2225,0.1501
29.50302402641191,23.30451438560447,1.0943383588445632,0.0578,0.3582,0.1763,0.0233,0.0548,0.0939,0.1269,0.1087
26.829784878219627,23.253884973471024,0.9817621831476664,0.1153,0.0055,0.0955,0.2239,0.0679,0.3141,0.1743,0.0035
25.421781993143348,22.17916651937651,0.9658515334392083,0.3468,0.0176,0.0747,0.1594,0.0142,0.0886,0.0663,0.2323
22.981707903919556,21.832866424713636,0.8694097941456409,0.1325,0.045,0.0115,0.2665,0.0924,0.0423,0.2791,0.1307
26.815869387955278,25.458268783808663,0.8962066345401326,0.4349,0.0362,0.0515,0.0442,0.001,0.1181,0.1159,0.1982
28.738346170725116,21.78372370716093,1.135634407747878,0.0237,0.0256,0.1071,0.0864,0.1011,0.2986,0.1248,0.2326
37.09115676698171,39.746381530239546,0.8325577195449992,0.0579,0.0084,0.3572,0.0953,0.0339,0.0499,0.3145,0.0829
26.859828565253487,23.970224219398535,0.9536760422438421,0.1179,0.1317,0.0965,0.2036,0.0205,0.1609,0.2582,0.0107
26.069524132676463,19.578401496329082,1.127238305783772,0.0817,0.2539,0.0672,0.0754,0.0764,0.0791,0.174,0.1923
20.193509737257767,16.559333089802145,0.9779083281578733,0.0023,0.1268,0.0991,0.511,0.0866,0.0873,0.0591,0.0277
35.63004917387948,36.30893011273811,0.8711369097263166,0.0085,0.005,0.3448,0.1211,0.0823,0.0629,0.2449,0.1305
23.49694123412335,18.145146573442776,1.0744989661675732,0.0556,0.1619,0.0709,0.2691,0.0387,0.285,0.0058,0.1129
29.227912558035126,22.607781032667823,1.1158951213116077,0.0867,0.166,0.1456,0.0432,0.0913,0.23,0.0883,0.1489
30.957088239381136,27.21504754633837,0.9905214456628081,0.0571,0.0518,0.1325,0.0304,0.0854,0.5105,0.1094,0.0228
28.025732175474023,28.64999584255507,0.8385946129802773,0.196,0.0352,0.0135,0.0218,0.09,0.2063,0.3612,0.0761
25.830028279074778,20.912635051266122,1.0438678925711524,0.0075,0.0413,0.1477,0.1624,0.3594,0.1784,0.0344,0.0688
23.9199949750632,20.304615938743034,0.9810574617692747,0.0895,0.0728,0.0098,0.1274,0.1558,0.0033,0.2074,0.3339
22.320262789809263,17.47824199983352,1.048175370840143,0.134,0.0431,0.0439,0.3077,0.0926,0.0917,0.1191,0.1681
28.38961865179492,22.431888275352435,1.0872744350547423,0.0642,0.0979,0.1099,0.0653,0.1482,0.2334,0.1618,0.1193
29.31331555257275,26.40469468708248,0.9586672314357929,0.2194,0.1526,0.2272,0.178,0.0196,0.0646,0.0941,0.0444
17.964964210569203,16.290713782598626,0.8572346428114318,0.0182,0.015,0.0042,0.3987,0.3552,0.1375,0.0532,0.0182
24.790401815196272,25.97588409251419,0.8003732131368616,0.4415,0.0282,0.0051,0.0284,0.1245,0.2775,0.0274,0.0673
23.056244605265952,17.74702942786553,1.073770947567414,0.1773,0.328,0.0703,0.1206,0.1802,0.0034,0.063,0.0571
21.482135939696217,16.81269513704193,1.0398175781573156,0.0601,0.0425,0.0067,0.3369,0.0261,0.2382,0.0631,0.2262
23.380200884909044,18.501696367915912,1.0474823767250099,0.1774,0.1109,0.0085,0.1315,0.1024,0.0809,0.1103,0.2781
22.855190542929808,25.36336469661562,0.7434025717197436,0.555,0.0021,0.0294,0.0874,0.2112,0.0121,0.0164,0.0864
27.156015877023275,21.76100245078955,1.0641061196233224,0.0055,0.0852,0.0363,0.0351,0.1102,0.1144,0.2311,0.3823
27.20692469660038,24.518239836233928,0.9465167504522229,0.0943,0.0014,0.0769,0.0765,0.2064,0.5067,0.0126,0.0253
25.403717657028984,20.738678622307575,1.0320675703034454,0.0037,0.0382,0.1068,0.1365,0.3725,0.286,0.0429,0.0134
28.199564355957552,22.910412339028625,1.0562692629819157,0.0232,0.3691,0.1924,0.0581,0.1804,0.093,0.0744,0.0093
31.83285170126589,35.78322816114534,0.777818356016514,0.0124,0.0073,0.0757,0.0171,0.0674,0.175,0.5394,0.1058
27.71068745865466,23.895151006721058,0.99228029368743,0.2236,0.0557,0.179,0.1489,0.1592,0.1071,0.0502,0.0762
25.144196477483217,23.039756938167642,0.9177265426119039,0.0013,0.0395,0.0425,0.2565,0.1014,0.2413,0.2937,0.0238
32.65596656259453,27.824937159737956,1.0298663532674228,0.1173,0.1353,0.2677,0.043,0.0103,0.1402,0.0101,0.2761
31.017396315619557,32.023157179362535,0.8436830935905045,0.3754,0.0658,0.3,0.1752,0.0212,0.0138,0.0264,0.0224
25.585933170750973,20.797609550226607,1.037904530259622,0.0758,0.2675,0.0689,0.072,0.1729,0.0337,0.2153,0.094
20.69173660270878,21.474642839400104,0.7772765641570533,0.097,0.0304,0.0059,0.399,0.1085,0.0044,0.2859,0.0689
29.868810705839742,28.911458469241534,0.8947597968245422,0.0703,0.1061,0.1305,0.0923,0.0771,0.0662,0.3611,0.0964
27.88296755062913,22.446795773010404,1.0639811486744826,0.0758,0.1628,0.0334,0.0147,0.0123,0.2527,0.2127,0.2357
30.083015330993994,26.267308505104808,0.9929839338478476,0.0309,0.2081,0.0987,0.0064,0.0429,0.1833,0.312,0.1177
25.163402950060988,20.61323591503818,1.0266899887669472,0.1609,0.0514,0.0515,0.2083,0.0049,0.0946,0.193,0.2353
23.767578295825864,20.9123839654247,0.9452570461841371,0.1211,0.0189,0.0028,0.0564,0.3678,0.2798,0.0915,0.0617
23.772367430056686,20.857452401403105,0.947976150180574,0.3572,0.1977,0.044,0.0655,0.1267,0.0211,0.0439,0.1438
29.02234854999653,22.84794525176502,1.0951684396242825,0.0883,0.3263,0.2074,0.0446,0.0688,0.0405,0.0049,0.2193
29.361640608322077,29.59267647812881,0.8570242244585824,0.0068,0.0394,0.1019,0.0637,0.2241,0.1332,0.3852,0.0458
29.843108578257798,23.70650140041307,1.0901274777647072,0.1322,0.1756,0.1776,0.0463,0.0552,0.0831,0.1073,0.2226
29.777094447428176,23.608520289137733,1.0918555729766852,0.0848,0.1825,0.2103,0.0885,0.06,0.1324,0.0264,0.2152
28.02776953091587,28.43977104296848,0.8448650832882338,0.1956,0.0955,0.0913,0.0026,0.2731,0.0269,0.3095,0.0054
28.47456587087934,28.404057221271085,0.8616573921190016,0.0617,0.3062,0.0411,0.0112,0.0111,0.1756,0.3931,0.0
23.106703930990346,17.094373196737333,1.1177188956326922,0.0728,0.1956,0.0112,0.0605,0.2154,0.0599,0.0634,0.3212
31.44164993416964,30.323655990106698,0.9049584899367897,0.2002,0.0049,0.2212,0.1774,0.0014,0.1607,0.226,0.0083
28.174285939886083,27.79852064285211,0.8696249073995982,0.245,0.031,0.1423,0.0602,0.2752,0.0004,0.2239,0.0221
33.37954137475149,32.1404379848582,0.91409897365408,0.1383,0.0715,0.344,0.1186,0.0795,0.0669,0.0169,0.1644
40.328914376974375,44.8414291782256,0.8101640612876633,0.0192,0.0803,0.4998,0.046,0.0881,0.1198,0.1258,0.021
28.407486179056956,27.773127426049133,0.8788166274772694,0.2834,0.0003,0.0871,0.1071,0.0196,0.0631,0.2975,0.1419
21.92578808753073,19.792156438528053,0.9057016168604959,0.0087,0.1713,0.0051,0.304,0.0898,0.1007,0.2699,0.0506
34.98898964084039,34.47316726256538,0.8989307366164618,0.0344,0.1687,0.3703,0.0645,0.1287,0.1387,0.0665,0.0282
23.808680898787983,22.402398223553583,0.8842214436649645,0.1092,0.0351,0.0164,0.2311,0.048,0.4828,0.019,0.0583
26.940950334089248,19.719132218609964,1.1633853903793336,0.0303,0.124,0.0858,0.0028,0.2169,0.0975,0.0753,0.3674
33.13198227840976,32.920242066763244,0.8849261259783334,0.1334,0.0144,0.3412,0.1684,0.1154,0.1879,0.0285,0.0107
27.878731350612995,28.365993031109316,0.8418084050300976,0.057,0.1029,0.0693,0.1131,0.0957,0.0511,0.4041,0.1067
25.048601967926476,20.655819958081548,1.0190155612627352,0.0561,0.1728,0.0292,0.1692,0.0194,0.3571,0.1286,0.0675
32.867434709197774,28.630495510468613,1.0082757631156796,0.037,0.2184,0.2263,0.0184,0.0274,0.3499,0.1051,0.0174
23.972491804577295,19.25319676042589,1.037359772151183,0.2094,0.0596,0.0389,0.1902,0.0656,0.1833,0.0755,0.1774
23.356104986298508,19.066730442838683,1.0151769357797005,0.1793,0.0608,0.0355,0.2394,0.0843,0.1452,0.1394,0.1161
24.294797499081124,18.527603816488174,1.095381664034735,0.0318,0.3723,0.0417,0.0684,0.1338,0.2278,0.0747,0.0496
26.279587907375735,21.694225948173198,1.0269823851102569,0.1009,0.1449,0.1751,0.1899,0.2085,0.1513,0.0156,0.0138
22.861442813153616,20.354070001638057,0.9266668932373565,0.3017,0.108,0.0177,0.2054,0.0323,0.1629,0.0828,0.0893
23.41453872636152,19.55402996098697,0.9928663689835929,0.0439,0.0186,0.0765,0.3635,0.099,0.1475,0.188,0.0631
26.901829900606455,26.42342767417456,0.8667244152805351,0.012,0.0124,0.0165,0.0256,0.2729,0.1208,0.3533,0.1865
29.931803541057477,22.487687774031016,1.153155620161347,0.0116,0.1614,0.1789,0.0672,0.0468,0.1287,0.0852,0.3201
28.609562373543813,23.824025238922566,1.0329724774358395,0.0406,0.0042,0.1622,0.0052,0.3381,0.0264,0.0581,0.365
31.08611298641292,26.198475378487984,1.0338812696197504,0.1637,0.0039,0.1868,0.0445,0.1129,0.2536,0.0839,0.1507
23.65464944922161,18.228715573101006,1.0782245940698512,0.1775,0.4655,0.0903,0.1249,0.0103,0.0094,0.0121,0.11
24.06836685078192,23.227369571506955,0.8639965360261807,0.4493,0.1668,0.0193,0.0334,0.0188,0.0321,0.0124,0.2678
25.331742277791857,24.182211682172692,0.8821253638068919,0.394,0.0933,0.0949,0.1303,0.0933,0.1896,0.0006,0.0041
25.35767174964412,20.03968099245705,1.0657690488028806,0.1803,0.0111,0.0844,0.1397,0.184,0.1126,0.0738,0.2141
32.21021244396643,30.47085607658214,0.925809644896945,0.0956,0.0262,0.2774,0.1962,0.043,0.1692,0.1633,0.0291
28.762768749377482,31.807554775010676,0.7785184659599212,0.6111,0.0114,0.1349,0.0577,0.0044,0.0034,0.1569,0.0202
34.31504096613325,33.035439178916725,0.9176521250996525,0.0593,0.1968,0.3292,0.0351,0.1085,0.0106,0.154,0.1065
21.45673626861579,15.22548487528631,1.1465471485214371,0.068,0.269,0.016,0.1704,0.1246,0.018,0.042,0.2921
24.12019646543926,18.805994662225256,1.0698820682882455,0.1478,0.0917,0.0182,0.0817,0.1266,0.1418,0.0364,0.3558
30.655821932290245,39.108283724538666,0.68159017460449,0.0474,0.0356,0.0543,0.023,0.1086,0.0356,0.6183,0.0772
29.661904362872637,26.115739665805233,0.982622153967677,0.2517,0.121,0.1634,0.0265,0.1003,0.0169,0.1654,0.1547
26.389679821389027,25.573714795783296,0.8754957971565684,0.2024,0.065,0.0265,0.0324,0.22,0.1788,0.2676,0.0072
27.17638245539067,22.9059123380835,1.0118078735880554,0.0325,0.0794,0.1475,0.189,0.1555,0.0154,0.2009,0.1797
21.2040772335715,15.491169006234465,1.1105732063634235,0.0526,0.4456,0.0678,0.1988,0.1601,0.0275,0.0105,0.0371
24.6182279981937,18.412789538902448,1.1197775304296838,0.0561,0.1347,0.0946,0.1757,0.214,0.2041,0.0478,0.073
22.181883705347097,20.640516940599255,0.8808831560601031,0.02,0.071,0.0333,0.2964,0.2086,0.0098,0.2594,0.1016
41.32056323812726,47.96962997489918,0.7780039841386269,0.1634,0.0832,0.5544,0.0254,0.03,0.0088,0.0363,0.0985
17.27303736023906,18.002490911172035,0.7372889354995891,0.042,0.0903,0.1017,0.7156,0.0032,0.0006,0.0349,0.0117
27.088361710650787,21.106165803527755,1.093915490173574,0.0856,0.0178,0.1506,0.1861,0.1462,0.1137,0.0805,0.2195
28.709716345306223,25.55297164278951,0.9669997169303306,0.0478,0.0107,0.1624,0.2484,0.0181,0.0945,0.2586,0.1595
25.45334694439017,24.474489685886663,0.8765595205346141,0.3777,0.0263,0.0382,0.1327,0.033,0.1915,0.1426,0.0581
29.54204223661038,26.48532012893996,0.9643848785766092,0.2294,0.1139,0.1915,0.1214,0.042,0.0169,0.1701,0.1149
24.296997962432783,21.88959813956874,0.9272439737366813,0.3143,0.1219,0.012,0.1164,0.0347,0.1168,0.1512,0.1327
29.1737997614621,29.302135373034826,0.8591114415718722,0.1942,0.0077,0.2148,0.0029,0.4747,0.0094,0.0935,0.0028
30.102925471637164,25.763981012986996,1.0131557486585367,0.0244,0.009,0.2555,0.2599,0.016,0.1372,0.0617,0.2364
23.988967860756887,19.78926415793277,1.010091517361653,0.2585,0.3224,0.0142,0.0296,0.0472,0.0109,0.1155,0.2016
29.363189645035924,23.79874868038165,1.0657362698209387,0.0612,0.0525,0.1302,0.0736,0.1378,0.2672,0.1674,0.1102
21.948641442388553,21.65839961670151,0.8287150371234151,0.3658,0.0158,0.0166,0.2537,0.1055,0.0465,0.1414,0.0545
26.218102441648412,20.295145312061155,1.0947496112996276,0.0678,0.1623,0.0387,0.0239,0.0254,0.2314,0.0062,0.4443
24.747192658225046,25.320161952277093,0.8193941530598785,0.1127,0.0162,0.0139,0.2193,0.08,0.0669,0.3583,0.1327
28.47620133027462,25.655043127633142,0.9540502897814742,0.2725,0.0508,0.1079,0.1054,0.0055,0.1042,0.2192,0.1344
28.797981239607083,23.80448451380511,1.0417356958612487,0.0017,0.115,0.2094,0.0534,0.3277,0.0636,0.0358,0.1933
32.118186923321126,30.02536105936191,0.9364812255789303,0.2084,0.0712,0.1492,0.0006,0.0061,0.1593,0.2933,0.112
29.583480697595256,25.926725637545456,0.9867609606878729,0.0361,0.0655,0.1218,0.0382,0.1617,0.0691,0.2822,0.2254
33.760259961267344,35.16737017700004,0.8462463872470903,0.0778,0.0269,0.2359,0.0616,0.0924,0.018,0.3761,0.1113
24.598386882227217,20.684812041700383,0.9958218059076905,0.2654,0.2045,0.0116,0.0214,0.0945,0.1222,0.0943,0.186
23.075075094709735,18.148667902880728,1.051045464977733,0.0504,0.0867,0.0218,0.2903,0.0302,0.2549,0.1441,0.1216
31.0412339421849,29.130979563749275,0.9282638053076366,0.2765,0.0751,0.1875,0.0284,0.0957,0.0703,0.1994,0.0672
27.072922007993334,22.037234716773117,1.0469971529790862,0.0819,0.035,0.0617,0.0337,0.2462,0.1982,0.1807,0.1626
37.863272735805474,40.83287294763064,0.8293139887373616,0.1173,0.0671,0.4599,0.0569,0.1075,0.0825,0.0307,0.0781
25.027529618802475,21.690572746432345,0.9694317372168548,0.181,0.0986,0.1134,0.0508,0.4143,0.0897,0.0133,0.039
26.643832400757834,19.706225886296526,1.1490699706484175,0.0034,0.412,0.1568,0.147,0.0047,0.0717,0.0704,0.1339
23.49982926313737,17.69406766250305,1.10205463407722,0.0859,0.0948,0.0478,0.1989,0.1276,0.25,0.0109,0.1841
24.202618874887587,18.434095327998282,1.095937637048194,0.0963,0.5341,0.0893,0.0837,0.054,0.0372,0.059,0.0463
29.79359962734171,21.94106104406957,1.175585792115256,0.0022,0.1307,0.1541,0.0195,0.0986,0.2065,0.0511,0.3374
29.546277863413238,28.018618591080397,0.9117607915026112,0.3807,0.0425,0.171,0.004,0.1617,0.0023,0.1123,0.1254
27.09447958699919,25.122632239382135,0.9192698984303235,0.2904,0.0723,0.0119,0.0012,0.0273,0.3189,0.1356,0.1425
20.36211020024619,17.845072318431427,0.9168979485359917,0.0325,0.0382,0.1247,0.4843,0.2169,0.0164,0.0209,0.0661
28.831670657608623,26.763672752411683,0.9278125198781259,0.0243,0.013,0.065,0.0514,0.0909,0.0463,0.3436,0.3656
24.965095353625056,24.42803837302257,0.858239005256277,0.4469,0.0611,0.0805,0.0914,0.1697,0.0663,0.051,0.0331
28.945502169197006,26.101282032596053,0.9557194216760819,0.1041,0.1543,0.0831,0.0351,0.0669,0.1229,0.3145,0.119
27.31413689371825,26.65806446724427,0.8745622519731383,0.2979,0.0186,0.0265,0.0543,0.0528,0.2108,0.2585,0.0806
28.5059501835406,24.21937933428698,1.0118322953407781,0.2242,0.2057,0.1432,0.0432,0.047,0.2526,0.0131,0.0709
27.776032328386403,25.333226131557918,0.9385315634461692,0.1098,0.0102,0.128,0.159,0.1974,0.1606,0.233,0.002
26.86125022430067,31.926151138655793,0.7160665914602072,0.0237,0.2133,0.0019,0.03,0.1562,0.0196,0.5099,0.0455
25.36686332253681,21.88944316633606,0.9761263984730807,0.0612,0.0591,0.0786,0.019,0.4636,0.0686,0.1293,0.1207
26.12396192153775,22.487858528431097,0.9838180853711224,0.0519,0.1566,0.012,0.0201,0.1895,0.3637,0.1712,0.0351
32.862684903124745,30.41088578045446,0.9490905694590203,0.3064,0.0321,0.2276,0.0014,0.0198,0.2771,0.027,0.1086
25.63044740558865,27.11413219340256,0.7977554749420228,0.0292,0.115,0.0853,0.242,0.1442,0.0028,0.3776,0.004
27.480975542941454,22.048261095869854,1.064980836395301,0.2177,0.0976,0.1109,0.0716,0.066,0.2097,0.0238,0.2027
24.64286291032019,21.303351031317366,0.9689960457382402,0.1457,0.0275,0.0361,0.1435,0.2245,0.2083,0.1735,0.0409
28.971720739676048,25.449525520855154,0.9812253953109044,0.0845,0.0408,0.0635,0.0089,0.0825,0.5306,0.0628,0.1264
25.01899866012397,23.285911599946363,0.9026487354771365,0.2817,0.1597,0.007,0.1036,0.0022,0.1723,0.2034,0.0701
24.994424102466386,19.54378826227046,1.0742249056697157,0.1741,0.119,0.0831,0.1059,0.1903,0.1832,0.0064,0.1381
23.696514150646486,22.49087378760002,0.875755843754983,0.3855,0.0656,0.0215,0.0885,0.1343,0.1649,0.0179,0.1218
22.731392313555098,16.275075137840155,1.1509250897406866,0.0801,0.2509,0.0352,0.185,0.025,0.0052,0.0708,0.3478
25.481391570414154,20.438081380050484,1.0510473645232687,0.1745,0.1106,0.055,0.0934,0.0946,0.2735,0.0197,0.1788
24.598101779756977,19.623639045736414,1.0496575957063519,0.0592,0.0375,0.0513,0.0453,0.2821,0.0669,0.0086,0.4491
17.134968058740483,16.482931587072375,0.7968830052684491,0.0441,0.016,0.0015,0.5665,0.0975,0.219,0.0329,0.0224
26.002678730415706,26.655393930863312,0.8254493926251678,0.5131,0.0167,0.1074,0.166,0.0101,0.1074,0.0551,0.0243
27.86892240096874,23.722458203375577,1.0061740733754279,0.1249,0.3488,0.0777,0.0062,0.022,0.1027,0.2468,0.0709
34.817762995680276,31.932929024117136,0.9650778659359861,0.0313,0.1066,0.318,0.0374,0.0946,0.1374,0.1219,0.1529
18.321424700564673,15.943025634409638,0.8982877547192119,0.0932,0.0515,0.0553,0.4842,0.2059,0.0393,0.0313,0.0392
27.082515313377492,23.681907546326446,0.9746898668624382,0.2389,0.2111,0.0507,0.0229,0.0218,0.0724,0.2295,0.1527
25.735678512125144,21.495270069342492,1.0111842485350082,0.2285,0.0243,0.0598,0.0518,0.1886,0.2407,0.0013,0.205
26.636924583053396,21.067884523616314,1.0744754442563156,0.1211,0.056,0.078,0.1697,0.0183,0.3022,0.1037,0.1509
28.354197826139426,23.196465198153444,1.0499098728231293,0.1975,0.0248,0.133,0.1145,0.056,0.0954,0.1324,0.2464
26.55699107589039,25.293321066961845,0.8918161049777821,0.127,0.1805,0.0205,0.0343,0.1344,0.156,0.3159,0.0315
29.977588593621046,27.856136420729342,0.9325625133817782,0.0726,0.3295,0.1289,0.0084,0.0223,0.0294,0.3379,0.071
26.922056427639717,23.18911988297277,0.9884832431467505,0.0096,0.1139,0.168,0.2677,0.123,0.1158,0.1873,0.0146
26.380312632625486,18.830660466708842,1.1885038590224783,0.0152,0.1467,0.0711,0.065,0.1577,0.1499,0.1216,0.2728
27.54018156112909,29.521824623279997,0.7973823387110711,0.6219,0.0247,0.1099,0.0276,0.0038,0.0761,0.0057,0.1304
21.796632410833034,15.807489799914743,1.1258354511751143,0.0108,0.1192,0.0406,0.3099,0.0329,0.1172,0.0216,0.3479
25.86816749730872,22.717778463606294,0.962601494346877,0.0667,0.103,0.1898,0.3241,0.1319,0.0576,0.1195,0.0074
26.992605069617813,22.388421834765264,1.0269864146437673,0.2593,0.1243,0.102,0.0194,0.178,0.0733,0.0876,0.156
29.889471358517017,27.922656829101584,0.9271850997908789,0.1496,0.0782,0.1498,0.0892,0.0936,0.0835,0.2856,0.0705
21.712067460444153,15.889713012358442,1.1146876879820518,0.0685,0.1295,0.0287,0.2767,0.1216,0.1655,0.0694,0.14
27.460693158026068,27.236994566999034,0.8613539610736487,0.12,0.0671,0.0184,0.0517,0.0499,0.0422,0.3774,0.2732
31.578917281967243,29.61740586328329,0.9311726154975929,0.1204,0.0023,0.2039,0.0942,0.1139,0.084,0.2599,0.1214
24.958897554546574,21.272867181707383,0.9852408410921311,0.1734,0.0475,0.176,0.3504,0.06,0.081,0.0167,0.095
31.91425441325888,27.8248598915756,1.0032127572980287,0.0082,0.0837,0.2865,0.1691,0.0495,0.1611,0.0587,0.1833
25.616040379865595,27.28096174826104,0.7923489127447444,0.4793,0.0439,0.0462,0.087,0.0862,0.0377,0.2023,0.0173
29.22858830588591,26.199185048289742,0.9629531704663772,0.2856,0.0079,0.145,0.0464,0.1514,0.1629,0.1235,0.0773
23.13277699672677,17.308669739368632,1.105386912155889,0.124,0.1509,0.0423,0.1385,0.1467,0.0005,0.0518,0.3452
23.059468631673525,19.933805468442248,0.9561379868910174,0.2493,0.0643,0.0131,0.1804,0.072,0.0035,0.1471,0.2702
24.96654857899199,23.5219965028916,0.8913592252432542,0.4071,0.1611,0.0463,0.0404,0.0948,0.1382,0.0401,0.0719
32.942809159534534,31.315885850400605,0.9242213136743916,0.2136,0.1257,0.3139,0.0726,0.0661,0.0872,0.0202,0.1007
18.51701761282367,15.656797724766324,0.9272022202765178,0.0796,0.0614,0.0151,0.4432,0.169,0.0544,0.0968,0.0804
26.646726982268586,22.395831909837202,1.0112027574345734,0.2541,0.0593,0.0998,0.0974,0.1113,0.0174,0.1313,0.2294
41.317013262038174,46.88789765900868,0.7958772972383072,0.0037,0.1539,0.5146,0.0028,0.0665,0.0173,0.1899,0.0513
25.841573502429622,19.664185074507117,1.1107286378597654,0.046,0.1758,0.1036,0.2162,0.0434,0.1489,0.1591,0.1071
26.645332801154815,20.511668706264405,1.1040219655185233,0.1223,0.1725,0.0507,0.0378,0.0719,0.2498,0.0999,0.1951
25.8378909099938,19.213761668937256,1.1365755069866903,0.0009,0.0722,0.0386,0.1315,0.0446,0.3215,0.0707,0.3201
28.054868979339638,25.73437262155788,0.9347369501904502,0.045,0.0659,0.0125,0.0171,0.0135,0.582,0.0818,0.1823
31.50893769050062,36.01342019816514,0.7638524066620639,0.0869,0.0079,0.1781,0.141,0.0972,0.0238,0.4642,0.001
30.916994347785177,26.625833756378235,1.0109352666313105,0.1233,0.2696,0.2354,0.0585,0.0485,0.1529,0.0684,0.0436
24.92045260035311,19.18782714398503,1.090298158481755,0.1102,0.2371,0.0707,0.1386,0.1116,0.1468,0.1308,0.0543
24.615812768908473,22.44577280561831,0.918471952266585,0.1426,0.0327,0.1291,0.2709,0.2325,0.0258,0.1628,0.0035
23.509220598325577,19.33147536553585,1.0091946025550955,0.2682,0.2966,0.0273,0.0873,0.053,0.0231,0.1019,0.1426
26.89278925324574,19.71135213594589,1.1614012623465915,0.0001,0.2191,0.1108,0.0446,0.0796,0.0315,0.0229,0.4914
21.216687857119034,17.497034081382658,0.9839775002460607,0.0223,0.6902,0.003,0.0245,0.1067,0.0401,0.0241,0.089
25.252638567036172,21.16570540006505,1.0041072652825855,0.143,0.1725,0.0745,0.1919,0.0639,0.1403,0.1929,0.021
40.665419036343835,48.1077281932824,0.7621523695534572,0.0481,0.0265,0.5599,0.1041,0.1125,0.0849,0.0575,0.0065
25.325143326046728,19.9504949087022,1.0689029732663382,0.1538,0.038,0.1088,0.1504,0.2304,0.1442,0.0323,0.1422
24.9022147959296,23.315809156634813,0.8964824962972218,0.3758,0.0259,0.0403,0.1344,0.0325,0.0045,0.1566,0.2299
21.09405203157353,16.67851043759904,1.0249147905341545,0.0225,0.1289,0.0901,0.3543,0.257,0.1002,0.0456,0.0016
23.491468149738445,19.79472022780607,0.9846801533652574,0.0734,0.0625,0.0167,0.0057,0.405,0.0289,0.0713,0.3363
27.96524862439627,23.204582350963644,1.0327808646554262,0.0046,0.1611,0.1501,0.0539,0.2934,0.0537,0.1731,0.1101
22.73411003373603,17.41836669723243,1.075537698762115,0.0344,0.2534,0.0348,0.201,0.1042,0.2668,0.0377,0.0677
27.230337589811427,23.201344987722322,1.0012496086802056,0.0909,0.0126,0.1187,0.0603,0.3571,0.2792,0.074,0.0072
30.62590978612277,30.433367547753804,0.8748919995246451,0.366,0.0851,0.2319,0.0694,0.1095,0.0122,0.1218,0.0042
22.63818179440829,22.83524579881264,0.8162023723597236,0.1337,0.0902,0.023,0.0003,0.5904,0.0229,0.1302,0.0093
27.668081513914867,24.765280313323302,0.955696088010029,0.2308,0.0201,0.045,0.0052,0.0918,0.0477,0.23,0.3294
22.792265179311222,19.662044399777265,0.9557635410244574,0.0023,0.0811,0.0641,0.3631,0.0595,0.403,0.0228,0.0041
28.780657828668943,27.66202083103148,0.8958368580530385,0.439,0.1412,0.1784,0.0714,0.0183,0.0657,0.043,0.0431
29.149790707436235,29.4547922807517,0.8538437639525055,0.5308,0.0545,0.18,0.006,0.087,0.0091,0.0015,0.131
27.54662390376203,29.291744318873768,0.8038655413426525,0.3606,0.003,0.0057,0.0413,0.0087,0.2385,0.2972,0.045
27.532750626819762,25.206927807888512,0.933582656568532,0.3289,0.1036,0.1037,0.0973,0.0382,0.1669,0.1435,0.018
24.98019734488974,19.655040222395407,1.0674207280931645,0.2529,0.3135,0.0648,0.03,0.0647,0.0174,0.0494,0.2074
26.94669954416363,22.997839975244773,0.9977762941590952,0.0179,0.2542,0.0904,0.0255,0.2619,0.11,0.2326,0.0075
25.641503191687658,18.756712691675556,1.1538004312073515,0.0945,0.3464,0.0648,0.0082,0.0291,0.0877,0.0073,0.3621
23.42085108762072,16.879046332297634,1.1505893582660178,0.1234,0.2367,0.0645,0.1049,0.1866,0.0214,0.0184,0.244
28.060575498384484,20.54536277984638,1.1710951885447498,0.0161,0.2282,0.1295,0.0085,0.1119,0.0176,0.0765,0.4118
25.526065939010934,23.042157467671966,0.9342035774736761,0.0546,0.2895,0.0183,0.0137,0.128,0.4372,0.0549,0.0039
26.400559793555527,22.385258492940586,1.0006835436195551,0.2961,0.1958,0.0565,0.0321,0.0267,0.0802,0.1374,0.1753
26.940792492754095,24.724248798660796,0.9278661074627552,0.3162,0.0468,0.06,0.0942,0.0238,0.1024,0.2094,0.1471
30.76806014919254,25.49016082090519,1.0501330429912121,0.0308,0.0234,0.2454,0.183,0.0307,0.1846,0.0326,0.2696
31.490526438058026,28.323202193810488,0.9706009317006385,0.2403,0.107,0.1731,0.007,0.0453,0.2061,0.172,0.0493
30.760974427117105,28.68156842166531,0.9330373441817277,0.2562,0.0688,0.2377,0.049,0.1826,0.1813,0.0153,0.0091
26.427932746422993,19.024521676124774,1.1788960126429566,0.0466,0.1424,0.1026,0.1402,0.078,0.0983,0.1156,0.2762
23.349745804125664,22.555111929955494,0.8578873766716814,0.3156,0.0586,0.0063,0.0208,0.3374,0.0346,0.1216,0.1052
25.178714459453825,19.749859100182213,1.0723476229386584,0.0731,0.191,0.0499,0.1818,0.0053,0.1239,0.211,0.1641
29.936528294659954,24.94443493765138,1.0397721319199378,0.0246,0.2932,0.214,0.0167,0.2067,0.1503,0.0741,0.0203
25.741828092554453,24.589666384824778,0.8841855660950392,0.3472,0.2091,0.0439,0.0378,0.0825,0.0372,0.2083,0.0341
43.4061017030232,54.170561687184005,0.7274449530462619,0.1022,0.0829,0.6393,0.0104,0.1361,0.0017,0.0272,0.0003
30.56299448127727,26.964687757853312,0.9851029880196165,0.2146,0.1147,0.2032,0.0562,0.097,0.2112,0.0724,0.0307
31.536940003096138,27.14943485600756,1.0142730465346255,0.064,0.1867,0.2041,0.0428,0.0337,0.0182,0.2243,0.2262
25.867554549083906,19.417249689399096,1.1261921692762986,0.0371,0.4535,0.144,0.0845,0.1259,0.0283,0.0597,0.0669
29.585313232073794,22.903083257227046,1.1171121785098683,0.076,0.1965,0.1796,0.0771,0.0441,0.1288,0.0967,0.2011
29.919749909546027,27.088546674044313,0.9568527326857961,0.2371,0.0732,0.1704,0.0953,0.0603,0.1217,0.1878,0.0541
22.682649000787148,18.446687849436213,1.0127915186334193,0.0425,0.1024,0.025,0.2414,0.1809,0.1116,0.1967,0.0997
28.864521117711817,32.79519251596345,0.7581757937724779,0.3382,0.0174,0.043,0.043,0.0124,0.0743,0.4184,0.0532
24.882127242972988,23.0638054550015,0.9054068411960436,0.4307,0.2702,0.0738,0.0383,0.0569,0.0085,0.0292,0.0923
23.29111038004696,17.425199038766586,1.1070812067701035,0.0693,0.2729,0.0282,0.0069,0.3273,0.0579,0.0666,0.1708
25.08909392967341,22.33217179181156,0.9443369022177259,0.3518,0.0263,0.082,0.109,0.1548,0.008,0.0641,0.204
35.720949860597436,40.963782360552536,0.7743657453649642,0.0584,0.0584,0.2872,0.0768,0.0573,0.0052,0.4563,0.0004
29.952527913000587,25.704484730779143,1.009649801768811,0.2274,0.0559,0.2003,0.0622,0.1214,0.1644,0.0209,0.1474
22.530982650266466,18.96711274443034,0.9770059839871017,0.0348,0.012,0.0325,0.1391,0.3947,0.0247,0.1038,0.2585
23.523817550810616,17.894877408410466,1.0910282929144046,0.0302,0.3195,0.1041,0.2487,0.1024,0.0138,0.1369,0.0445
27.262611726071214,21.927395294092612,1.0608926146526083,0.0488,0.1735,0.1466,0.0685,0.2751,0.0493,0.1295,0.1088
21.21299813023018,18.381294649449025,0.9364410101954453,0.1441,0.1729,0.0003,0.1007,0.3678,0.1717,0.023,0.0195
22.17132731718756,19.301349418530283,0.9414537254966308,0.2164,0.0067,0.0602,0.3646,0.07,0.1774,0.0832,0.0215
28.821707170591264,26.37454624515257,0.9411235719421447,0.0349,0.1395,0.1001,0.0115,0.2145,0.0695,0.3139,0.1161
24.52341965375521,20.89496651757685,0.982218355626026,0.2701,0.1678,0.0104,0.0308,0.0772,0.1727,0.0416,0.2294
27.26717681513785,21.54477779559466,1.079945081628801,0.0325,0.0106,0.1324,0.1078,0.2424,0.0586,0.1117,0.304
26.58304742211466,23.057102225277024,0.9794399661097625,0.1977,0.0535,0.0058,0.0049,0.0475,0.0914,0.1946,0.4044
44.44174186679087,55.85276091679471,0.72407775735631,0.0074,0.0903,0.6734,0.0255,0.1248,0.0337,0.0142,0.0307
27.381801695526324,31.40602721419083,0.7445004596111808,0.139,0.057,0.0076,0.1135,0.0244,0.1166,0.4771,0.0647
26.831156884272744,23.01309395465152,0.9920941933867174,0.1182,0.0583,0.2036,0.2566,0.1588,0.0671,0.0523,0.0852
33.313481765715345,36.33343904112205,0.8067907288527921,0.0217,0.0915,0.1547,0.0261,0.0178,0.0717,0.5072,0.1092
28.227962395427138,24.068810337167314,1.0066123774308056,0.1288,0.1264,0.071,0.0419,0.0501,0.0953,0.2657,0.2207
23.647493017856018,17.135418839007556,1.1466012708793498,0.0603,0.2068,0.1192,0.2984,0.0507,0.0797,0.0403,0.1447
29.803104954187077,28.117046882480413,0.9177032375425195,0.152,0.0034,0.2081,0.0655,0.2964,0.0008,0.1626,0.1112
32.01234512493115,29.197288456590165,0.959415980240057,0.0094,0.1173,0.1933,0.083,0.0061,0.0431,0.3138,0.2339
28.462703894026763,27.18825146910936,0.8997527451083311,0.0508,0.0163,0.2734,0.3559,0.0818,0.0276,0.0982,0.096
25.835908658784636,23.851236040144165,0.9155042791925952,0.3908,0.1094,0.1113,0.1631,0.0248,0.0131,0.108,0.0795
29.554681850292386,27.894938463956997,0.9161046145812993,0.4391,0.0952,0.1852,0.0434,0.0082,0.0034,0.0496,0.1759
29.008501596390783,22.802861562440153,1.0967264581206626,0.0303,0.0172,0.1488,0.0437,0.1149,0.1187,0.0009,0.5255
26.617903232720767,25.199415574767475,0.8975566582333119,0.0774,0.0042,0.0647,0.2059,0.0157,0.5753,0.0415,0.0153
26.733034587135755,20.483708075632762,1.1098105139556629,0.0866,0.1929,0.1207,0.015,0.2898,0.1169,0.0539,0.1241
25.077928866327976,19.709190334385447,1.0694467154013207,0.0498,0.0935,0.0191,0.0344,0.1844,0.0563,0.1347,0.4277
28.140143295158147,21.524321395180362,1.121528658300164,0.019,0.1279,0.1084,0.0638,0.1065,0.0727,0.1839,0.3177
29.540991907544957,32.32486767759678,0.7901344612540059,0.0434,0.084,0.0182,0.0274,0.0523,0.3,0.4722,0.0025
24.435425154427797,21.605534128182853,0.9458421640116393,0.1059,0.0748,0.0566,0.293,0.0154,0.1111,0.2569,0.0862
27.098779006543,24.942177484108623,0.9260931216314171,0.0251,0.1547,0.0798,0.0957,0.1995,0.1286,0.3057,0.0109
25.38593631797087,25.18566708661629,0.8491312238989847,0.1643,0.0119,0.0956,0.0087,0.5442,0.0109,0.1376,0.0268
27.059380512776166,22.606569332978037,1.0200300706015386,0.0543,0.0059,0.1919,0.2054,0.235,0.0386,0.0527,0.2162
24.90369227437534,19.36009027095496,1.0797311366743043,0.0206,0.0427,0.013,0.164,0.0684,0.3431,0.1116,0.2367
29.80356996143292,28.91869080261877,0.892280018398905,0.1962,0.0203,0.111,0.0584,0.1142,0.1905,0.3018,0.0076
23.35599022207643,19.40308308914624,0.9975729183422322,0.1532,0.0546,0.0035,0.2262,0.0225,0.2677,0.1109,0.1615
30.721149459472397,26.656507397486834,1.0024250011834506,0.0905,0.1091,0.2498,0.12,0.0911,0.0056,0.1005,0.2333
24.559152892964857,21.126660920090664,0.9731378266886402,0.1523,0.3719,0.0034,0.0546,0.0069,0.0718,0.2294,0.1098
30.630463004942488,25.426530003675822,1.0473494810771513,0.1455,0.0456,0.1844,0.071,0.078,0.1563,0.1305,0.1886
24.341590116178104,17.174589109862,1.1844003944465575,0.1055,0.2797,0.0709,0.0912,0.1023,0.0197,0.0377,0.293
26.277417391866187,21.00898166758943,1.0603758784859894,0.0694,0.0639,0.0042,0.0446,0.013,0.2773,0.0917,0.4358
24.726603956082993,22.127621577952638,0.9366846718281923,0.1837,0.2513,0.0492,0.1627,0.0329,0.0614,0.2428,0.0159
34.359410963797124,33.94041446192403,0.8944914623201128,0.1917,0.0793,0.3373,0.0518,0.1099,0.2221,0.0052,0.0027
19.705788841880647,18.984220613489033,0.827307539331958,0.3517,0.0537,0.035,0.3858,0.0372,0.0502,0.0009,0.0855
27.683934504836277,23.55803604014266,1.0053441833809527,0.2409,0.1056,0.1318,0.0899,0.1167,0.0617,0.1386,0.1146
25.626080194591527,19.04718355042693,1.1353951694399875,0.0461,0.2921,0.0761,0.0505,0.1814,0.2045,0.0777,0.0716
28.849894832628948,26.68359269893618,0.9312799484313692,0.2966,0.1792,0.164,0.0818,0.058,0.05,0.1682,0.0021
27.028393815892315,20.546054327964672,1.1208183064399377,0.0487,0.145,0.0387,0.0512,0.0434,0.2608,0.1572,0.255
34.24465642669327,31.978869451759422,0.9457700333127086,0.1434,0.0586,0.3248,0.0794,0.0408,0.1319,0.0523,0.1689
21.230249389379516,17.275950452147143,0.9973546426349036,0.0473,0.0578,0.0352,0.3217,0.202,0.2806,0.0304,0.0249
28.005695092342098,28.032091041341246,0.856364766258033,0.0566,0.1448,0.0409,0.1006,0.027,0.2173,0.3931,0.0198
21.8066184123597,20.61950046249953,0.86358146477624,0.0377,0.0226,0.0071,0.1897,0.415,0.1194,0.1953,0.0132
29.6564103955031,23.70163345504764,1.0824743553714506,0.0412,0.0091,0.1449,0.0273,0.1112,0.0562,0.095,0.5152
23.7403566625437,20.036206809926153,0.9852342237136481,0.2309,0.1527,0.053,0.1249,0.1764,0.2048,0.0149,0.0423
26.717508841835258,22.19682203438588,1.0234577187059823,0.0648,0.0481,0.1396,0.1582,0.2578,0.0959,0.1458,0.0898
19.792721763842938,15.438441582513018,1.022947923819669,0.0033,0.2184,0.078,0.3477,0.2817,0.0263,0.0259,0.0187
24.822987582091706,24.247775537126163,0.8587586745930277,0.2781,0.057,0.0252,0.0456,0.2591,0.0109,0.2243,0.0998
30.28118562269816,28.022719613333475,0.9378527846452607,0.2863,0.1833,0.2376,0.0742,0.0729,0.0636,0.0537,0.0284
28.043412367064636,25.450296230950514,0.9447203344464437,0.1076,0.2818,0.2588,0.2542,0.0192,0.0078,0.0481,0.0224
23.47228111686473,18.922915269365188,1.029031776535454,0.0639,0.0907,0.0225,0.1094,0.3185,0.1464,0.1424,0.1062
24.41512804835206,22.56595680613776,0.9046870125533214,0.0154,0.1211,0.0002,0.0162,0.3947,0.1382,0.2484,0.0658
36.33183560572839,38.87809524291679,0.8316208755525114,0.0218,0.0964,0.3782,0.0685,0.1424,0.0117,0.2451,0.0359
23.89994416583587,20.592956642445262,0.9663471113622903,0.1184,0.0143,0.1009,0.3228,0.1352,0.0357,0.175,0.0977
23.41389047379105,20.067251503899477,0.9674414291373451,0.2322,0.1347,0.0748,0.2243,0.1458,0.0608,0.1233,0.0041
27.379683471518096,25.234628556220635,0.9264920789077645,0.0596,0.3169,0.0838,0.0715,0.0714,0.0571,0.322,0.0177
34.6034893676773,33.128874458641036,0.9237708756415345,0.1535,0.0326,0.3015,0.0205,0.1287,0.098,0.1539,0.1114
37.549900759609194,39.9234734998319,0.8403552551546013,0.1742,0.0273,0.4249,0.0805,0.0412,0.1009,0.0955,0.0556
22.23250026533597,16.936863431258647,1.0764980386915146,0.0222,0.0736,0.116,0.3982,0.1226,0.1297,0.0064,0.1314
25.380910681346364,22.465321495239095,0.9517295662061839,0.2022,0.0319,0.1801,0.3248,0.0903,0.0002,0.0685,0.102
28.861076279877924,28.51706115660171,0.8717965762093467,0.0794,0.0032,0.1773,0.2703,0.0414,0.0522,0.3105,0.0658
26.854739218237594,20.888903119347578,1.094109110835467,0.0619,0.0549,0.0726,0.0414,0.1487,0.0463,0.1186,0.4556
31.58470477188046,25.246925213540184,1.092596604876324,0.0464,0.1646,0.1906,0.0153,0.0584,0.2503,0.1125,0.1618
31.614066933597897,27.042027172460788,1.02115373072769,0.0482,0.1564,0.2761,0.0831,0.0801,0.0436,0.0309,0.2816
27.35374439779259,24.96271653762787,0.9355449901692399,0.3239,0.0708,0.0988,0.0008,0.229,0.1367,0.1028,0.0371
21.00410131790306,18.685742403848387,0.9100040528441092,0.3164,0.3331,0.0562,0.2542,0.0116,0.0033,0.0084,0.0167
33.420233863833865,33.022196359603875,0.8909229883880074,0.0334,0.1603,0.3642,0.1101,0.1672,0.0936,0.0278,0.0432
24.678733342713514,18.39851424533913,1.1239349583867637,0.0997,0.1269,0.114,0.1576,0.2257,0.0832,0.0167,0.1762
26.057392999684858,22.72074440657034,0.9708041517031609,0.2609,0.0956,0.0297,0.0267,0.0957,0.2775,0.0703,0.1435
30.39019366795952,28.223800213437666,0.9350333218201727,0.2099,0.0135,0.2425,0.0824,0.239,0.1314,0.041,0.0402
27.90723785737094,25.608648224778037,0.9335611019967517,0.1519,0.1787,0.0666,0.0738,0.0261,0.1576,0.2982,0.0471
33.13074929975048,32.01804560527901,0.9098228436200214,0.1418,0.2754,0.3429,0.0824,0.0266,0.0234,0.035,0.0724
21.56822749635583,16.445905574377612,1.0682432424838175,0.0527,0.2712,0.0389,0.2889,0.0204,0.2085,0.0182,0.1012
22.526763524139817,16.81142945030965,1.102033802592472,0.0235,0.0217,0.0717,0.3308,0.1678,0.1251,0.091,0.1684
21.814089856273018,17.882048305479533,0.9961996272437261,0.1502,0.0709,0.0251,0.3107,0.092,0.1411,0.1324,0.0776
31.859866005508554,36.2913568446977,0.7676722070417431,0.0032,0.0658,0.1095,0.0674,0.0441,0.1596,0.5384,0.012
23.854567141301924,21.88435399945573,0.9072494048394443,0.2116,0.0091,0.0645,0.235,0.1769,0.0197,0.1992,0.0839
17.907135467904308,15.886048856119347,0.8754307376152405,0.079,0.0984,0.0172,0.5,0.1242,0.0643,0.1057,0.0113
30.06414754521093,35.41093026906068,0.7360480887446145,0.0076,0.1307,0.0813,0.0689,0.068,0.0283,0.5505,0.0646
21.774096495770674,20.087544558031333,0.884831714718676,0.2987,0.0602,0.0398,0.3338,0.0168,0.1753,0.0599,0.0156
23.356420894234848,20.05533672657813,0.9651506308833473,0.1567,0.0846,0.0084,0.1136,0.2577,0.2299,0.1143,0.0348
23.68646738294032,18.225948912308294,1.0801340153897674,0.1561,0.1327,0.0844,0.2303,0.13,0.1067,0.0745,0.0852
28.836482324668538,27.73122043817867,0.8956144710629168,0.2989,0.0167,0.2033,0.0932,0.2373,0.0089,0.0992,0.0427
27.473548474343712,21.991247841372065,1.0674041165678192,0.1593,0.1091,0.14,0.1444,0.0874,0.1412,0.1058,0.1129
22.785660440084534,19.267122205912916,0.975011225823822,0.2955,0.151,0.0332,0.1132,0.1614,0.0661,0.0139,0.1658
31.388469862446826,29.512746870394498,0.9280217115242966,0.0011,0.0218,0.3054,0.2474,0.1127,0.1758,0.0798,0.056
27.45953057838499,23.01959467708304,1.0191113660980278,0.1122,0.1953,0.1916,0.2155,0.0556,0.0276,0.1225,0.0795
30.990400704878834,29.127540043235516,0.9266282241760061,0.0399,0.0269,0.3027,0.2281,0.1385,0.1184,0.0632,0.0823
27.676799299124976,22.131324230182713,1.0698320196689606,0.0451,0.077,0.1085,0.1571,0.0075,0.4082,0.0255,0.1711
37.669760099535274,39.13233668434605,0.8604076053808474,0.019,0.0757,0.4355,0.0055,0.1671,0.0091,0.0684,0.2197
32.23918843531302,30.507790893810377,0.9256385863403296,0.0025,0.0786,0.3272,0.2202,0.0554,0.0631,0.0943,0.1585
29.445293789137867,28.61605411376884,0.8891964520326604,0.0448,0.0439,0.0508,0.0122,0.0627,0.0633,0.3951,0.3272
22.160778575058853,19.822935982462763,0.9161497868492127,0.0354,0.0582,0.037,0.0516,0.5797,0.112,0.0124,0.1136
23.22633566063552,18.292875271328214,1.0510286313912822,0.0286,0.3089,0.0202,0.0125,0.317,0.2285,0.022,0.0622
26.69610696044681,25.429179044016088,0.8925222053437696,0.1583,0.0435,0.0394,0.1475,0.0514,0.1911,0.3092,0.0597
29.41828206056776,26.69599285151279,0.9521384801812072,0.1374,0.0383,0.2531,0.2593,0.0461,0.077,0.087,0.1018
28.555889800831324,24.699146181112244,0.9941999460535818,0.1737,0.0952,0.0803,0.0661,0.0172,0.3519,0.1515,0.0642
26.07564572561929,19.224346726226823,1.1483170814591364,0.0617,0.1023,0.0504,0.11,0.0294,0.1422,0.1237,0.3802
34.37402143417284,33.43274158845221,0.9085112375188561,0.0463,0.002,0.3196,0.1565,0.0515,0.1442,0.1904,0.0895
24.165332734597065,19.86482434133376,1.0151276642622014,0.0259,0.0296,0.0871,0.1285,0.4356,0.1313,0.0747,0.0873
32.620230469500676,29.700816676926827,0.9636176264383463,0.1567,0.1041,0.2494,0.0533,0.049,0.0272,0.1817,0.1785
18.435333642722462,14.332827746886823,1.0071518263978232,0.0319,0.3085,0.0199,0.2671,0.3063,0.0199,0.0087,0.0377
18.81222151861785,16.096835884109787,0.9201946037879368,0.1749,0.2495,0.0034,0.3306,0.102,0.1058,0.0218,0.0121
30.32376874918864,28.804501719513897,0.9138769004066938,0.0777,0.0159,0.1289,0.0552,0.138,0.0771,0.3376,0.1696
22.275950776477853,18.24574731478479,1.0016553699430324,0.1038,0.0188,0.0051,0.2001,0.2171,0.0738,0.1428,0.2384
24.85444605374739,21.775689705085977,0.9576939392590895,0.1021,0.1372,0.0116,0.1423,0.0107,0.0095,0.2709,0.3156
25.727919396924655,24.48916656694067,0.8872461762850034,0.0468,0.1379,0.0485,0.2371,0.0052,0.1819,0.3321,0.0104
28.686829097919315,24.566986440186962,1.004878199368251,0.0873,0.0732,0.2093,0.1984,0.1208,0.0642,0.1263,0.1204
29.716724908044235,29.272236530391694,0.8785363865635626,0.1414,0.0372,0.1397,0.0889,0.1195,0.0056,0.3339,0.1337
29.42640906535209,23.03803592928201,1.103670866014858,0.0047,0.0212,0.1964,0.1685,0.0794,0.2575,0.0198,0.2525
19.715383288130294,15.149483282786107,1.0373544097036762,0.1541,0.2408,0.0021,0.254,0.1122,0.0156,0.0307,0.1905
34.09426843502917,33.30084057959356,0.9037089728440867,0.0177,0.2045,0.2916,0.0196,0.1227,0.0017,0.2567,0.0854
27.742767289702925,22.65474006098696,1.0480264715369487,0.1469,0.1055,0.1979,0.2271,0.0082,0.1154,0.0143,0.1847
27.148234554714772,23.798085428201883,0.9726931447721837,0.0365,0.1043,0.0512,0.0964,0.1002,0.4797,0.1268,0.0049
35.979572032874515,34.55742066369616,0.9254039051146611,0.0213,0.1155,0.355,0.032,0.1099,0.1863,0.1105,0.0694
36.054338993543205,34.19345794043484,0.9374406955091238,0.0494,0.0824,0.3315,0.0323,0.0145,0.0388,0.1857,0.2654
34.91492873405761,39.02918824451982,0.7920976613803503,0.041,0.19,0.465,0.2395,0.0059,0.0066,0.0107,0.0413
24.19632613437745,19.417963446174085,1.0400846716166172,0.1885,0.1595,0.0043,0.1009,0.0382,0.1369,0.1244,0.2473
24.949689317289575,19.723272715848402,1.0621811916871027,0.1023,0.0339,0.0377,0.0185,0.3276,0.1896,0.0435,0.2467
21.295871744149302,17.687647523740132,0.9778503173435024,0.008,0.2112,0.0568,0.1506,0.4588,0.0012,0.0725,0.041
26.519669049212897,20.749246618358068,1.0853246608620688,0.1566,0.2761,0.1157,0.1119,0.0406,0.1445,0.0841,0.0706
28.000614013480764,24.240110146052892,0.9901198414062846,0.0765,0.0992,0.1479,0.0777,0.2599,0.0255,0.1935,0.1198
29.26673466518005,23.91285937159563,1.0566170390811813,0.0257,0.0135,0.1385,0.0376,0.2762,0.238,0.1499,0.1207
26.185519853769158,20.993168292234838,1.0567971229943103,0.043,0.3439,0.0744,0.0959,0.0555,0.1922,0.1826,0.0125
27.129753305941684,21.80286498130673,1.060858438823182,0.1184,0.248,0.1448,0.1027,0.1275,0.1932,0.0539,0.0115
24.471522097089863,23.87192891237431,0.857556260838151,0.274,0.0538,0.018,0.056,0.2622,0.0273,0.2193,0.0894
28.33071693069747,22.055570688938257,1.1031551744385506,0.0364,0.0706,0.174,0.1287,0.1269,0.0445,0.0754,0.3436
25.165345209607754,20.57211983206698,1.0288363757543388,0.1649,0.1312,0.0382,0.0951,0.0826,0.0039,0.1867,0.2975
23.2098215209838,17.181792845828262,1.1180335890062802,0.0158,0.1021,0.0455,0.1629,0.2364,0.0349,0.1021,0.3005
24.539354541570965,21.896572477913498,0.9380168774034601,0.1341,0.0339,0.1068,0.1355,0.4056,0.0464,0.1067,0.031
23.157197058659452,19.501599304377624,0.9823397947859148,0.2075,0.053,0.0146,0.1548,0.1788,0.211,0.0754,0.1049
35.858354257206216,38.21431413645542,0.8336759399487484,0.0209,0.0432,0.4252,0.0853,0.2353,0.041,0.0576,0.0915
24.32776207361215,20.167973417402816,1.0079228910561462,0.169,0.0102,0.1351,0.2759,0.1892,0.1371,0.004,0.0795
27.068979118420344,22.409565516070394,1.029425541600843,0.1036,0.1052,0.113,0.1612,0.1104,0.2714,0.1342,0.0009
32.32862931625533,32.3763082944366,0.8749802188263447,0.1103,0.0605,0.1548,0.0252,0.0562,0.1056,0.3911,0.0964
25.145016158914835,24.465147606237288,0.8642913788725314,0.3,0.2754,0.0112,0.0505,0.0194,0.0658,0.2509,0.0268
22.77557187257853,20.218702422004778,0.928623977973204,0.3256,0.2311,0.0087,0.0862,0.0846,0.1,0.0335,0.1303
37.50693664671012,38.2715181179219,0.8755058146235227,0.1711,0.0251,0.4012,0.0495,0.0185,0.1158,0.0896,0.1292
24.689472178475253,19.348627012386928,1.0692992409864495,0.1637,0.2434,0.0603,0.088,0.102,0.2102,0.0128,0.1197
26.630378158638518,22.71890359769017,0.9961034458079812,0.058,0.1995,0.1004,0.1258,0.1582,0.1113,0.2342,0.0127
27.45483021542371,21.893488246268376,1.071315358776665,0.1547,0.4089,0.1405,0.0022,0.1049,0.0117,0.1019,0.0751
24.90365547522282,21.233168626953937,0.9844812068551639,0.2548,0.3305,0.1086,0.0035,0.2705,0.0028,0.0162,0.0131
25.03887455659494,24.01372365106699,0.8761187920000125,0.3756,0.0327,0.0722,0.1744,0.0418,0.2559,0.0158,0.0316
27.375399819576636,24.868318487240323,0.9399670440753889,0.1662,0.1229,0.2113,0.0972,0.3402,0.0243,0.0083,0.0296
22.180611345130274,16.723109887050132,1.0871549291922544,0.0213,0.0327,0.0734,0.2671,0.2377,0.0606,0.0078,0.2993
26.510508624752347,21.34953514467301,1.0543793329555944,0.112,0.1055,0.0859,0.142,0.0344,0.3548,0.0184,0.147
23.974492184056533,18.742414661905393,1.0657373953344111,0.117,0.0429,0.0211,0.1582,0.0961,0.0839,0.1229,0.3578
25.959524916876003,23.111584532768813,0.9501522877300186,0.0133,0.0835,0.0786,0.1788,0.1676,0.0512,0.286,0.141
25.604840955591058,21.24399032925241,1.0169860097253842,0.0006,0.1397,0.1736,0.1749,0.353,0.0903,0.0336,0.0343
30.29109836403426,32.13113378572252,0.8182437177401041,0.1126,0.0436,0.053,0.017,0.0055,0.081,0.4662,0.2211
21.764968694547036,16.74065408828123,1.0611872511590121,0.1172,0.2274,0.0684,0.2908,0.1076,0.1381,0.0297,0.0209
27.111552055109023,20.561918840071613,1.1239978250506766,0.0907,0.3288,0.0721,0.0065,0.0362,0.0585,0.1798,0.2273
29.687444718921753,24.22981702693707,1.0601584275425684,0.0032,0.0686,0.141,0.0942,0.0775,0.1051,0.2335,0.2769
26.21412491650068,21.272940594251594,1.0442432637875845,0.2357,0.1082,0.0688,0.0088,0.1367,0.0114,0.0702,0.3601
28.243266999581166,24.276859865371456,0.9986162598467603,0.0056,0.0364,0.0325,0.0522,0.1009,0.4316,0.2248,0.116
27.955636418457836,23.511678293367723,1.0188824515013606,0.0707,0.1003,0.1787,0.1714,0.1742,0.0991,0.1423,0.0633
22.9645671360075,19.324928506578463,0.9813525120960581,0.1824,0.0456,0.0345,0.1669,0.2583,0.0729,0.1251,0.1142
27.09680662474755,20.168312144414795,1.1452027546659993,0.0772,0.1259,0.138,0.0907,0.1847,0.1287,0.0369,0.218
27.946367849945187,29.137922918799507,0.8218282379522398,0.3177,0.0182,0.0415,0.0556,0.0578,0.1561,0.3227,0.0303
21.224693248865695,15.537544396863511,1.1085852956495983,0.093,0.3188,0.0019,0.2044,0.0175,0.0298,0.0775,0.2571
24.769360630822572,27.760373602701755,0.7481657461843818,0.61,0.035,0.0698,0.0155,0.2102,0.0043,0.0008,0.0544
28.427401821569898,23.000805947323787,1.062023734190588,0.0153,0.174,0.1698,0.0407,0.2919,0.0999,0.1155,0.093
35.36296749297762,33.47548350448772,0.9368936370634677,0.2039,0.0045,0.3297,0.0384,0.0159,0.1308,0.051,0.2258
28.473542477277547,24.721770482733284,0.9899591331604218,0.0396,0.0365,0.2483,0.3218,0.0266,0.11,0.049,0.1683
24.173344587371695,22.87956419108971,0.8817189181963556,0.3855,0.0162,0.0661,0.1614,0.1542,0.122,0.059,0.0357
26.15548983106048,22.874235734556947,0.9685783642418867,0.1973,0.0998,0.0554,0.0552,0.1475,0.3585,0.0328,0.0535
30.333508126937236,27.649948422177822,0.9523890506000121,0.0065,0.1695,0.2238,0.2098,0.0019,0.0841,0.2428,0.0615
25.828307826052743,25.512625339097905,0.85558846006338,0.2928,0.0573,0.0081,0.016,0.1872,0.1269,0.2458,0.0658
29.590671443532052,25.4956693428497,1.003726205396094,0.0797,0.1759,0.2474,0.1967,0.0386,0.0757,0.0811,0.1048
28.48711361276549,25.5340860178159,0.9589970675151676,0.0463,0.4099,0.0921,0.0098,0.0221,0.1025,0.304,0.0134
28.963206207334874,27.246756499178264,0.916190013592544,0.3203,0.1665,0.2331,0.1638,0.0126,0.0049,0.053,0.0459
21.677548096461663,21.325574926203736,0.8289365307915065,0.192,0.041,0.0127,0.1006,0.4797,0.0479,0.1174,0.0088
24.293925616353643,21.90710449063445,0.926362752550413,0.1277,0.3192,0.0234,0.1281,0.0519,0.063,0.2685,0.0181
24.381962113170022,24.230282054558007,0.8411772536232581,0.4033,0.0076,0.0082,0.1033,0.0361,0.2556,0.0215,0.1644
25.36403416524014,23.091113044321755,0.9252059060225201,0.1674,0.0576,0.1832,0.1985,0.3388,0.0532,0.001,0.0004
29.15718611479352,23.992933516187005,1.0485248124336712,0.0391,0.1162,0.0947,0.0377,0.1017,0.2019,0.2489,0.1597
31.32529030830613,26.81611977490727,1.0189874798320118,0.1237,0.0599,0.1816,0.0135,0.1038,0.3951,0.0226,0.0998
25.589193187920767,25.65769174519663,0.8414316222332227,0.0415,0.2146,0.0091,0.1124,0.0452,0.0059,0.3918,0.1795
22.552694823157193,17.549711654322873,1.0571509770980916,0.1712,0.2261,0.0808,0.2849,0.0406,0.0985,0.0447,0.0532
27.826587139713954,23.6914810105757,1.0057027304066783,0.1814,0.1369,0.2121,0.2279,0.0092,0.1109,0.0052,0.1164
29.264331865699226,27.824291982821887,0.9079954983687233,0.1362,0.0088,0.1314,0.1765,0.0305,0.161,0.3077,0.0479
26.511366347211517,22.51735772783722,0.9997339216839686,0.1848,0.1619,0.0502,0.0579,0.089,0.121,0.2158,0.1193
26.07631484166088,21.314504517739067,1.0357414043234172,0.1193,0.151,0.1211,0.2415,0.0212,0.117,0.1696,0.0594
22.98095935484466,20.61419336510092,0.920771384000828,0.2309,0.0313,0.0433,0.3043,0.0596,0.1537,0.1583,0.0186
29.115492775075285,24.393062188103162,1.0296162319187816,0.1213,0.1248,0.1666,0.0157,0.2463,0.253,0.0404,0.032
30.3001199576875,24.589619850201785,1.0695618768368913,0.105,0.0791,0.2108,0.0709,0.0509,0.0658,0.0128,0.4048
27.442869926181906,25.528253534691036,0.9183107608330806,0.2646,0.0029,0.1863,0.1028,0.3039,0.0128,0.0408,0.0857
27.54669899603198,26.03477011927674,0.9044327600418283,0.3583,0.1658,0.0919,0.0054,0.1086,0.0154,0.1953,0.0594
30.176031431876112,37.118810883177936,0.7051958510809666,0.0395,0.0981,0.0627,0.0885,0.0114,0.0755,0.591,0.0334
24.835059387541307,23.17585430717428,0.8989985487219618,0.4095,0.1498,0.0302,0.0258,0.0881,0.0871,0.0692,0.1403
25.581811849428803,24.421497800232757,0.8837218759458361,0.3673,0.0006,0.0273,0.0018,0.2224,0.1968,0.0798,0.104
27.32410370863217,28.4728810462411,0.8191690777885416,0.0169,0.0716,0.0925,0.0156,0.4408,0.034,0.3242,0.0044
25.65702465914694,18.755018260944773,1.1547322619378768,0.0124,0.2502,0.1156,0.1654,0.1005,0.221,0.0405,0.0943
24.109432441667163,18.05049183927804,1.1140656232928152,0.1072,0.3579,0.0256,0.0033,0.1404,0.1428,0.0363,0.1866
26.451203534757617,20.003765810599468,1.1223488490782727,0.0492,0.2704,0.1033,0.0875,0.0907,0.2677,0.0257,0.1056
31.566896768728252,32.13178960138885,0.8579321945870302,0.0995,0.0804,0.1741,0.0403,0.1425,0.0356,0.3685,0.0592
24.959870816831145,20.23202945801221,1.035974708337067,0.114,0.1699,0.0986,0.1964,0.0882,0.292,0.0013,0.0397
37.73554913902463,40.664723803393606,0.8296023182680338,0.0007,0.1617,0.4045,0.0152,0.1296,0.0083,0.2476,0.0323
19.890033888327736,15.424768090473304,1.0301635522249304,0.0334,0.1113,0.0073,0.3782,0.0718,0.2034,0.0361,0.1585
27.170516047234027,23.638602327003877,0.9801982252040712,0.1958,0.0399,0.1364,0.0188,0.3428,0.0026,0.0805,0.1832
27.043982347221274,24.89240700330104,0.9257434342996784,0.3956,0.0451,0.1008,0.0338,0.1174,0.1684,0.0027,0.1362
23.30908551109246,19.05510148840751,1.0133289252140412,0.0402,0.1669,0.0078,0.1244,0.2246,0.0746,0.2106,0.1508
27.041557503623153,22.88858478951709,1.0066833627117098,0.0091,0.2643,0.0058,0.0139,0.0178,0.3016,0.2471,0.1404
27.084470334968902,22.074482269703278,1.0457536468092758,0.182,0.1131,0.1686,0.1365,0.1567,0.1087,0.0096,0.1248
25.93245100675068,20.27643966402146,1.0816717022400952,0.1076,0.2325,0.0684,0.1163,0.0473,0.0946,0.1927,0.1405
23.913267478068644,19.05115146763474,1.0452526983420671,0.144,0.5087,0.1013,0.1262,0.0388,0.0388,0.0396,0.0026
24.39971321043311,21.450309599713894,0.951021854281544,0.2681,0.0684,0.0737,0.0541,0.3325,0.0152,0.0594,0.1286
28.669697864286086,25.863600203656834,0.9538385093347544,0.1322,0.2012,0.1299,0.0458,0.1451,0.0543,0.2584,0.0332
24.8650098831333,22.37724951405661,0.9324206654632252,0.0326,0.1143,0.007,0.0897,0.2028,0.072,0.2913,0.1903
24.092920671577193,19.736697926219993,1.0180487509455147,0.1009,0.1136,0.0488,0.1197,0.2781,0.2648,0.0701,0.0039
28.901964080480862,25.87428346131003,0.9624213987497247,0.3467,0.0499,0.1311,0.0024,0.1163,0.0476,0.1152,0.1908
25.596868137623762,21.563074008147595,1.0015672222552034,0.031,0.1119,0.0743,0.1642,0.1321,0.437,0.0214,0.0281
31.568515699825365,30.008868063271994,0.9186789598894141,0.3445,0.1924,0.2348,0.0173,0.0195,0.1188,0.0637,0.009
33.883123983552395,28.986428582246088,1.0309350080421955,0.0255,0.1809,0.2951,0.0163,0.0169,0.1799,0.0039,0.2815
25.77135528854241,21.81513157032936,0.9979933065429459,0.0738,0.0422,0.0586,0.2296,0.0115,0.1134,0.2583,0.2126
23.12408152164254,16.52822982609214,1.1570556389198123,0.0471,0.0968,0.0736,0.3204,0.0228,0.1429,0.0597,0.2367
25.923008380206674,20.213967511390045,1.0845475222938608,0.0314,0.5528,0.131,0.0719,0.0608,0.0042,0.1165,0.0314
24.698309787605098,24.294382596438968,0.851979246866682,0.0128,0.4223,0.0072,0.0945,0.0413,0.0538,0.3584,0.0098
26.28699035951,22.18360483359453,1.0046604475102667,0.3152,0.152,0.094,0.0209,0.146,0.0238,0.0581,0.1901
32.53803627686725,32.531434628722764,0.8772449356312848,0.0441,0.001,0.3213,0.2105,0.1382,0.0891,0.1561,0.0397
21.519436372441806,19.740769138770432,0.8874748622653219,0.1069,0.0355,0.0185,0.3176,0.1813,0.0614,0.22,0.0589
28.53227810116496,22.609280820612497,1.0850534475558946,0.0458,0.0051,0.163,0.0601,0.2847,0.2249,0.0123,0.2041
34.30578261370796,30.310761248910122,0.9998357469427682,0.0322,0.0899,0.306,0.0299,0.0111,0.0414,0.045,0.4446
33.22010933906399,30.798040164623863,0.9487652195683424,0.3246,0.0288,0.2589,0.0007,0.0034,0.041,0.0529,0.2896
17.155156499032778,14.13205196841294,0.9308737703793011,0.0289,0.2802,0.0261,0.4449,0.1527,0.0466,0.0073,0.0133
29.38750355478568,31.42401934970776,0.8079012195179859,0.0627,0.0888,0.0822,0.1105,0.0197,0.0679,0.4622,0.106
25.51076546884244,18.98124814817599,1.1332640140901127,0.1084,0.101,0.0924,0.121,0.1815,0.0801,0.0836,0.232
26.35035027981712,22.382971758338442,0.9985425760764242,0.252,0.0096,0.0289,0.0518,0.0167,0.2078,0.0627,0.3707
33.15634674447163,28.10457816348699,1.037423389700653,0.1012,0.0335,0.249,0.0236,0.0469,0.1082,0.0843,0.3534
27.788924111082093,22.373825399996992,1.0632479554026237,0.048,0.1346,0.1515,0.1894,0.0412,0.3279,0.0487,0.0587
25.963669755464675,19.586404141687737,1.1213732544565014,0.1168,0.4522,0.0852,0.0162,0.0218,0.1174,0.0462,0.1442
27.904762135408745,23.492287305312487,1.017557882922834,0.0133,0.1152,0.1682,0.2181,0.0897,0.0783,0.2048,0.1123
26.410813175681213,19.896146328167255,1.1263896438052383,0.0399,0.3243,0.1329,0.0276,0.2535,0.1085,0.0422,0.0711
28.748815533509127,24.442797821947828,1.012519749735299,0.0986,0.1284,0.0956,0.0284,0.1419,0.3291,0.1679,0.0101
26.132825949422582,19.37761138544402,1.1421854587324531,0.0299,0.0399,0.0944,0.0805,0.2669,0.14,0.058,0.2904
24.787785452237465,20.322766402285954,1.02288168061112,0.2517,0.3212,0.0972,0.0734,0.1283,0.0615,0.0253,0.0414
25.899171171630837,19.92566812509432,1.0990432558721126,0.052,0.1154,0.0995,0.218,0.0737,0.2323,0.1305,0.0787
30.924962762078344,27.402981244248515,0.9825559679835749,0.1476,0.0347,0.2051,0.0551,0.1466,0.3655,0.0029,0.0425
34.086026003356864,35.57673223748419,0.845665807711754,0.0494,0.0236,0.1785,0.0218,0.0262,0.1045,0.4546,0.1415
20.267419924560993,20.890105671626014,0.7787141041922165,0.4192,0.0032,0.0321,0.3576,0.0668,0.0474,0.0386,0.0351
26.37750141340913,26.66509463366266,0.839205775221935,0.4833,0.0159,0.108,0.0053,0.2567,0.0143,0.0323,0.0842
25.53380485386217,20.350332577407915,1.058154935402289,0.0779,0.105,0.021,0.1439,0.013,0.1907,0.2083,0.2402
20.153017795137398,15.82238534063872,1.0208964986871778,0.0203,0.3117,0.0197,0.2475,0.193,0.1905,0.0084,0.0089
28.92232928564276,28.35738538326818,0.8788655564961846,0.1827,0.0064,0.037,0.0226,0.0178,0.0811,0.3606,0.2919
27.34354252357296,21.805630128283894,1.0705282253363664,0.0625,0.1181,0.0851,0.1601,0.0036,0.2942,0.1708,0.1057
31.30318999321011,28.927965514230326,0.943833743848286,0.2184,0.072,0.2521,0.1286,0.0552,0.1245,0.1008,0.0486
20.307393812696926,16.961122648645123,0.9614572189889554,0.0393,0.0314,0.0134,0.3752,0.1245,0.2994,0.0045,0.1123
28.03738637701193,28.233479960881404,0.8513788031201494,0.0949,0.2184,0.0681,0.0908,0.0022,0.0267,0.4035,0.0953
22.13965509578868,17.053808586803328,1.0636717894104666,0.149,0.287,0.0416,0.2196,0.0574,0.1346,0.0468,0.064
30.72210746603568,26.848995455197116,0.9952740135334608,0.1321,0.1218,0.1893,0.0561,0.0691,0.0053,0.2122,0.2142
33.26176544950445,28.368699989498335,1.031480662150071,0.0031,0.1089,0.2806,0.0281,0.0817,0.0681,0.0614,0.3682
40.37167492136062,47.76447014068837,0.7614797110536198,0.0831,0.0464,0.5522,0.1376,0.0329,0.0593,0.0827,0.0059
29.30987287848086,22.421852990582973,1.128803800877244,0.0408,0.2201,0.1807,0.0024,0.159,0.0328,0.0605,0.3036
29.24926462473674,24.91309284381382,1.0134937794769385,0.1141,0.0127,0.2323,0.1922,0.1143,0.1366,0.0155,0.1822
25.517086078608724,20.583040951938717,1.045379355210486,0.0194,0.053,0.0466,0.034,0.2838,0.0303,0.1489,0.384
29.087600487755168,22.051530511764366,1.1376806917946616,0.0164,0.3027,0.1825,0.08,0.0335,0.0762,0.1027,0.206
25.724803260305567,23.459378864540735,0.9260604633118821,0.1576,0.0577,0.0154,0.1147,0.1067,0.3439,0.1906,0.0133
22.5517362721384,19.252884340908196,0.963582180396731,0.1111,0.1285,0.0092,0.0341,0.4336,0.1665,0.0501,0.0668
19.733816132107943,16.971196592426853,0.9270893803168201,0.1583,0.0587,0.0055,0.377,0.1018,0.1932,0.0469,0.0587
26.796552639546206,20.511188964972156,1.1114203412818664,0.0112,0.3186,0.0741,0.0052,0.0962,0.318,0.0228,0.1539
25.716349814260237,19.56673752314871,1.1098605369734424,0.0082,0.1703,0.0494,0.0383,0.1727,0.0133,0.1624,0.3852
24.941646198969448,18.635110268072804,1.1237736668963203,0.1121,0.3519,0.116,0.1515,0.0709,0.0427,0.0765,0.0785
32.84446575725785,28.069515610622155,1.0276082479436317,0.0346,0.0298,0.2693,0.068,0.0193,0.0907,0.0161,0.4721
23.889904804004484,19.230291850989587,1.0343007250293474,0.0047,0.0009,0.097,0.3605,0.1092,0.3301,0.0565,0.041
29.661000170449313,27.413669403507452,0.936065865271072,0.3707,0.2321,0.1922,0.0017,0.0452,0.0871,0.0221,0.049
21.420909408688278,16.820864653114953,1.0356726463203665,0.0945,0.4349,0.0283,0.2253,0.027,0.0216,0.1388,0.0296
23.914434750678282,17.400824488807068,1.144453515032467,0.0657,0.3478,0.1103,0.1018,0.2388,0.0141,0.0108,0.1106
26.206174669885883,21.9674230816936,1.0108684385648878,0.2659,0.0976,0.0403,0.0145,0.0211,0.0799,0.0552,0.4255
28.54467784073844,21.767112396029912,1.127603762693628,0.0227,0.1216,0.1438,0.0105,0.2511,0.1029,0.0972,0.2502
22.017016263999253,18.130669040172567,0.9937314626436845,0.1999,0.0585,0.0227,0.2861,0.0416,0.1941,0.0483,0.1489
21.833538160206846,17.80244725939209,1.0017464397092006,0.0973,0.2226,0.016,0.0852,0.3683,0.034,0.1048,0.0719
28.375675466527326,25.762891331270943,0.946154496135307,0.2008,0.0293,0.1441,0.0237,0.315,0.0798,0.1511,0.0561
29.120897580076793,29.92262441738592,0.8395285530329626,0.0402,0.1017,0.1568,0.1996,0.0621,0.0176,0.3785,0.0436
34.13629545301672,30.146467742940953,0.9996625710842487,0.1084,0.1283,0.2671,0.0058,0.0054,0.0639,0.161,0.2602
27.13876363238264,24.18697560167284,0.9566621314482284,0.0571,0.0665,0.2113,0.248,0.2322,0.0871,0.0921,0.0057
44.173133110493,53.78530080473139,0.7469165833308689,0.135,0.0118,0.6302,0.0388,0.0198,0.0689,0.0421,0.0533
20.2674630675704,15.614524086199971,1.0418161307873284,0.0759,0.1406,0.0318,0.3601,0.0108,0.0434,0.0059,0.3314
29.724036532613578,28.14528291765691,0.9139732795677686,0.0269,0.0482,0.2294,0.1498,0.2498,0.002,0.1989,0.0949
22.501375094089227,19.106426114617157,0.968332590464679,0.2606,0.0805,0.0599,0.2457,0.1487,0.0989,0.0569,0.0489
26.887098045797742,30.525634468978367,0.7497664976974261,0.0134,0.1801,0.0429,0.1334,0.1056,0.0481,0.4757,0.0008
30.341591591982965,27.794031573553696,0.9477427383023936,0.0187,0.0044,0.2623,0.2544,0.1083,0.1311,0.1385,0.0824
24.40754721138785,22.65748496702924,0.9006978153614376,0.3053,0.0344,0.0523,0.1282,0.1677,0.2766,0.0034,0.0323
36.06601507493111,35.380147405168586,0.9063279106136986,0.1602,0.1236,0.3735,0.0031,0.0692,0.1051,0.0314,0.1339
24.560758084908603,22.33082203843758,0.9207344919733719,0.2052,0.1838,0.0436,0.0266,0.3108,0.0348,0.1833,0.0118
27.40058164744263,25.542819115780418,0.9161315178787642,0.2074,0.1038,0.0592,0.0746,0.0152,0.4541,0.0609,0.0247
21.005107827327688,15.115819898639538,1.124987459585847,0.0325,0.4682,0.0169,0.1455,0.0756,0.0328,0.0085,0.2199
28.731674907377368,27.264206102964433,0.9071115004771144,0.3148,0.0,0.0767,0.071,0.0016,0.3376,0.1603,0.0379
31.61580766823644,30.499760429568234,0.9054434290396615,0.0831,0.0059,0.1339,0.0406,0.0572,0.0922,0.3728,0.2143
24.813235615041943,23.028523015923113,0.9038024540545042,0.1038,0.0031,0.0154,0.0913,0.2337,0.0024,0.2546,0.2957
22.29344104572276,17.51389371209654,1.0445102240792863,0.0331,0.096,0.0234,0.2894,0.1047,0.2968,0.0804,0.0761
23.814131595985604,18.675059200323336,1.0609943124379786,0.0736,0.0517,0.0541,0.3085,0.0149,0.1389,0.1757,0.1826
26.632034295548685,22.41534099073911,1.0096671875256815,0.1827,0.0276,0.108,0.0048,0.3166,0.0002,0.0579,0.3022
24.16943874181983,22.162874126681373,0.9100551953024139,0.289,0.0139,0.0024,0.1652,0.0357,0.2305,0.1336,0.1297
18.049781629260206,15.533807901943636,0.9044647466962853,0.041,0.0828,0.0458,0.418,0.3167,0.0384,0.006,0.0512
25.601350383008743,20.626984351058255,1.047237444667984,0.0346,0.1192,0.0246,0.1326,0.008,0.4007,0.0672,0.213
25.1024250812342,22.304079205221203,0.946124020053439,0.0722,0.0349,0.0227,0.0372,0.3336,0.4239,0.0449,0.0305
24.832884007760864,18.986435679382367,1.097250919527965,0.0618,0.3801,0.1356,0.1206,0.1995,0.0259,0.0521,0.0244
24.97654446856479,23.95370003982446,0.8757120792900481,0.3702,0.0015,0.0191,0.0514,0.1451,0.2475,0.0403,0.1249
30.813010786551263,26.900968706082256,0.9967303066111852,0.1677,0.0911,0.1403,0.0283,0.0444,0.2979,0.1808,0.0496
29.744577787371547,23.00375163048736,1.1191469200724506,0.0298,0.0724,0.1871,0.0602,0.1144,0.1283,0.0144,0.3933
26.895572768925156,19.862823098728676,1.1526847243779055,0.0689,0.2898,0.1282,0.0153,0.2099,0.0672,0.0632,0.1577
30.781334891853803,25.088527797511862,1.0674733530801208,0.0237,0.1365,0.246,0.1252,0.0035,0.0912,0.0133,0.3606
25.847335059284386,19.361435149379762,1.128394403138254,0.063,0.2557,0.0685,0.0648,0.1365,0.2259,0.0939,0.0918
25.340819065999646,18.539474858872826,1.1511015942172775,0.0534,0.0594,0.0595,0.1699,0.0789,0.258,0.0674,0.2535
31.817272987270883,28.398826935052103,0.9795219024676186,0.0001,0.073,0.2836,0.1133,0.1976,0.1596,0.0678,0.1049
22.208152068496872,17.6070861283063,1.034137729310261,0.1426,0.1034,0.0071,0.1267,0.2579,0.1524,0.0412,0.1687
22.361958193561314,21.381853360730403,0.8587636386696307,0.0036,0.1143,0.0641,0.4149,0.0599,0.0449,0.28,0.0183
31.084971062322207,26.17512384337261,1.0347599967203198,0.0317,0.2481,0.2041,0.0489,0.0541,0.3081,0.0849,0.02
35.05237812573444,34.23180942255271,0.9071205597819326,0.031,0.1569,0.3568,0.0596,0.1161,0.0966,0.1203,0.0626
28.59271455402522,31.298393998724872,0.7857500469521584,0.2289,0.1095,0.0454,0.0257,0.0648,0.0757,0.4219,0.028
24.410776173038016,20.69087739403381,0.9864625740290472,0.2877,0.0194,0.0511,0.121,0.1157,0.1263,0.0057,0.273
26.52153800661897,23.302626310222138,0.9664806750447469,0.1889,0.0301,0.1715,0.3094,0.03,0.0796,0.1243,0.0662
26.017569208058962,21.052357102704956,1.0458481727554387,0.0077,0.0975,0.1322,0.1039,0.3782,0.2227,0.0355,0.0223
30.48510052969476,24.03306289648352,1.1020276792755372,0.0064,0.0302,0.1782,0.0991,0.0508,0.1198,0.1409,0.3746
24.28718954310107,20.96949633515016,0.9674619370373063,0.0422,0.0833,0.1,0.1418,0.4,0.0102,0.1387,0.0838
23.228339605968088,16.72997730887529,1.1493344701530115,0.0669,0.1007,0.0806,0.2178,0.1862,0.1185,0.0012,0.2281
23.740848267733302,17.07486985656833,1.156134625537976,0.0349,0.1907,0.0535,0.1578,0.0747,0.0103,0.063,0.4151
28.56318297424401,26.126930338987385,0.9401480639151127,0.2743,0.0555,0.1694,0.1618,0.0341,0.014,0.1755,0.1155
24.447823184193098,22.88822866511525,0.8933772675627947,0.3438,0.1664,0.0096,0.0617,0.0754,0.166,0.1196,0.0574
41.660074403895386,50.380358616223454,0.7475150125622193,0.0779,0.0168,0.5908,0.1208,0.0409,0.0151,0.0712,0.0664
23.427066585843157,21.092554008136023,0.9210390822443579,0.1475,0.0296,0.0703,0.2449,0.2396,0.0317,0.1893,0.0472
22.20243756458992,19.77853223834621,0.9203128596822474,0.2466,0.1278,0.0136,0.032,0.3744,0.0708,0.0087,0.1261
18.076025412298296,16.066421403117506,0.8761145409497976,0.1635,0.0528,0.0226,0.4873,0.102,0.034,0.0632,0.0745
31.18868395636826,24.818132484139404,1.0955169158575413,0.0757,0.1509,0.2015,0.0018,0.1115,0.1875,0.0646,0.2064
28.796161506631147,25.721868924702928,0.9640108803609233,0.1409,0.1239,0.0803,0.0204,0.0182,0.4866,0.0333,0.0965
22.041963446605198,18.64652878024573,0.9675775936226256,0.1605,0.2487,0.0182,0.2628,0.0135,0.1221,0.1607,0.0135
26.924091319753664,24.09953184653157,0.9512255866934163,0.0285,0.104,0.0118,0.0392,0.1567,0.2728,0.2909,0.0962
27.3291533439377,21.970932923215422,1.0618189689745547,0.1098,0.0192,0.1791,0.2291,0.0967,0.1807,0.0151,0.1703
30.066632290368965,26.054844128091226,1.0004524364920315,0.051,0.2479,0.2756,0.135,0.0831,0.0212,0.015,0.1711
25.6386554942984,18.723006015737393,1.1557255002807931,0.0282,0.1972,0.0317,0.0703,0.033,0.1084,0.1385,0.3927
34.19499725904634,31.548442328191662,0.957099464529319,0.1391,0.0353,0.2876,0.0048,0.1135,0.0429,0.1341,0.2427
28.00929550460472,26.226648448971524,0.9154542011465534,0.0222,0.0455,0.2627,0.257,0.2555,0.0207,0.0506,0.0858
30.77504790897888,28.920422585841155,0.9258180038519699,0.3543,0.1943,0.2031,0.0179,0.0181,0.0708,0.1133,0.0281
33.33247998947279,32.474618666145766,0.9032432463957275,0.1576,0.0377,0.2487,0.0917,0.0148,0.0435,0.2734,0.1327
25.90967362208439,24.70810083747472,0.8867404972240536,0.0999,0.025,0.0823,0.1344,0.3018,0.0791,0.2609,0.0166
26.322766302574678,21.30587666076477,1.0477281295673007,0.0289,0.0021,0.1751,0.2681,0.2007,0.165,0.0486,0.1114
21.152507523670963,18.65836744080048,0.919293050589376,0.1468,0.0004,0.089,0.3781,0.2534,0.0416,0.0727,0.0181
31.04209580945183,25.82631847383884,1.0470751313953064,0.0007,0.143,0.2113,0.0152,0.2092,0.3256,0.0288,0.0662
24.430753690366718,19.522871455005173,1.046503519600278,0.0089,0.3069,0.1341,0.2855,0.0641,0.0485,0.1467,0.0054
31.085846614318623,28.290686927227345,0.9574121223705897,0.0536,0.256,0.1852,0.0204,0.0885,0.033,0.2842,0.0791
22.57647080617768,20.486199456106092,0.9067797492638782,0.0306,0.12,0.0564,0.328,0.1433,0.0316,0.2525,0.0378
25.908929517654872,25.45625720466913,0.8606500689204375,0.1742,0.182,0.0452,0.0852,0.135,0.0118,0.3219,0.0447
23.712252020264533,20.06755050324105,0.9822948753551594,0.0173,0.1081,0.0821,0.0605,0.5243,0.1544,0.0168,0.0367
25.675158706097847,19.919361921305896,1.0881452323487297,0.0642,0.336,0.158,0.2214,0.0206,0.0988,0.0527,0.0483
23.64789459939539,17.426882186856304,1.1274474911074004,0.1144,0.2752,0.0135,0.0785,0.0549,0.0645,0.0832,0.3158
32.89755995132738,35.39227904621477,0.8164933349896268,0.0338,0.0155,0.1936,0.1331,0.0238,0.1184,0.448,0.0339
33.26497654498702,36.33219703836589,0.8054832608686983,0.5294,0.0169,0.309,0.0199,0.07,0.0036,0.0211,0.0301
27.273131229998143,26.481141481945546,0.8788567987473433,0.0146,0.0901,0.027,0.1226,0.051,0.1812,0.3865,0.1269
23.23371466323274,18.005313059223752,1.0682243957640993,0.1172,0.1775,0.0907,0.2773,0.1116,0.0968,0.097,0.032
29.440160571774022,28.744837257173966,0.8850340791344998,0.33,0.0066,0.2587,0.2102,0.0547,0.0484,0.0131,0.0782
22.435821677616037,17.920760535950368,1.0287410314217647,0.101,0.2247,0.063,0.1168,0.3569,0.1236,0.0082,0.0057
21.33572736320329,17.31922020173064,1.00095311228106,0.1735,0.4575,0.0184,0.1549,0.0603,0.031,0.083,0.0214
19.20930475141423,16.285615812090196,0.9339103247249066,0.11,0.0447,0.059,0.4875,0.1279,0.0855,0.0469,0.0384
31.172959339319593,26.633882449753948,1.0202402669074868,0.0556,0.0263,0.166,0.0085,0.1951,0.4199,0.0845,0.044
26.942531145563137,24.815057208784634,0.9245407315620205,0.3464,0.1261,0.0529,0.0096,0.073,0.2136,0.1154,0.063
30.312937885849045,25.565350737659898,1.0292422019107248,0.0922,0.0799,0.1575,0.1023,0.0013,0.0956,0.2338,0.2373
26.138208640542548,21.253206304723793,1.0416408857623545,0.1772,0.1934,0.0231,0.0112,0.0751,0.193,0.1488,0.1783
31.833296004951617,30.123064343972167,0.9239862082796784,0.0916,0.2431,0.3248,0.1475,0.0429,0.034,0.0431,0.0729
25.798830632626295,19.049017490731007,1.1443545916860705,0.0134,0.0382,0.1299,0.2512,0.0749,0.0989,0.0651,0.3282
33.6334093377218,30.497758391500785,0.9716586038002103,0.0334,0.013,0.2598,0.0422,0.1247,0.0716,0.2019,0.2534
29.217425993286145,26.603593632130263,0.9478954738968053,0.1254,0.0537,0.2367,0.1202,0.2841,0.1001,0.0505,0.0293
23.48182788782537,20.944697555634313,0.9301556079325949,0.1416,0.3476,0.0245,0.0983,0.0706,0.3038,0.0112,0.0023
27.80991841743391,26.694031050885812,0.8919566464894706,0.0288,0.1398,0.1167,0.2103,0.013,0.0417,0.3543,0.0953
26.97950291842605,26.11982463969837,0.8797724806888833,0.4126,0.013,0.1294,0.1053,0.1482,0.0333,0.1064,0.0518
24.266762759562898,20.173112433646185,1.0046423340089314,0.2851,0.2021,0.0833,0.0857,0.1816,0.0506,0.0138,0.0979
25.24070640294205,22.73048726666655,0.934458912110115,0.188,0.0362,0.0599,0.1195,0.2568,0.1509,0.1835,0.0051
35.11175358293495,35.50258500317749,0.8763236136227952,0.0136,0.432,0.3964,0.0452,0.0029,0.0377,0.0587,0.0136
49.384919777681695,65.77968788630368,0.6899534071387944,0.0021,0.0202,0.8056,0.0288,0.0341,0.0497,0.0064,0.0532
30.74121936469803,24.513328021757214,1.0908848990623965,0.0239,0.0093,0.1073,0.0342,0.0301,0.2903,0.2108,0.2942
33.590474207991136,33.90568282663195,0.8727290454315422,0.0411,0.0777,0.2407,0.1013,0.0141,0.0364,0.3629,0.1257
28.809554074477145,27.267476926964118,0.9098588087533542,0.3516,0.1017,0.1604,0.0838,0.0299,0.2685,0.0026,0.0015
36.00952094291412,35.22388782265387,0.9087446878117621,0.0529,0.0425,0.3687,0.0706,0.0456,0.0132,0.1229,0.2835
32.527158172111584,29.892944697668728,0.9543107398963054,0.0616,0.0676,0.3103,0.0564,0.2161,0.0672,0.0111,0.2097
19.032784312791755,16.440215694992723,0.9143909418031764,0.0345,0.0221,0.0063,0.3495,0.2882,0.0057,0.0992,0.1946
30.70890975911542,27.922710887059292,0.9565299682808949,0.3208,0.1774,0.198,0.0287,0.0072,0.0949,0.1044,0.0687
26.074095347865818,19.522644403471418,1.1306918720468377,0.0288,0.2138,0.0597,0.0112,0.0689,0.0806,0.0185,0.5185
20.88171294643855,17.405861914619365,0.9698866410205991,0.1069,0.113,0.0174,0.1514,0.4018,0.0466,0.0567,0.1063
23.258849307819425,17.154149173227427,1.1226933561867827,0.006,0.0695,0.0186,0.1534,0.1862,0.2305,0.0262,0.3097
19.958053274842847,16.687399940715498,0.9562935706902355,0.1146,0.0601,0.0464,0.3434,0.2656,0.1524,0.0021,0.0153
32.99067369985455,29.17644889542376,0.9936327002564608,0.1642,0.1057,0.2748,0.0411,0.046,0.1372,0.0478,0.1832
25.02859133626695,21.234687609192825,0.9902943581408442,0.0967,0.1008,0.0207,0.1338,0.1074,0.1147,0.2479,0.178
24.832356913136287,21.728133484537576,0.9587734228511273,0.0639,0.094,0.0477,0.2152,0.1146,0.1438,0.2614,0.0594
22.21439399450199,20.274744223303404,0.89837848477352,0.2819,0.0387,0.0375,0.2916,0.0445,0.2333,0.0161,0.0562
27.552315518461302,25.868561722416857,0.9104609591824206,0.0568,0.0913,0.0928,0.1714,0.03,0.005,0.3409,0.2118
22.036473225550484,19.300104474685664,0.9345272327000831,0.0546,0.0106,0.1033,0.4947,0.0103,0.2993,0.0072,0.0199
31.207176531000414,25.974079963266078,1.0474741191787447,0.1573,0.1751,0.2254,0.0102,0.0376,0.0022,0.0518,0.3404
25.47920227319792,19.68066393299549,1.0913860602632974,0.129,0.105,0.0496,0.0363,0.1981,0.0551,0.1113,0.3156
22.438192561290546,18.75126210505384,0.9833040815061235,0.0209,0.0939,0.0101,0.0168,0.4758,0.0855,0.0255,0.2715
24.24758248338572,21.087082729011644,0.960188886418559,0.0275,0.0165,0.0231,0.1489,0.3059,0.2784,0.1855,0.0141
20.869182802260816,16.864439554324946,1.0002812573712034,0.0564,0.2432,0.0094,0.2606,0.1042,0.2525,0.0199,0.0537
33.70191080400582,34.20323207915197,0.8683948562308573,0.1008,0.1226,0.3767,0.1863,0.0317,0.0462,0.0636,0.0721
21.986692883602508,20.222662135562725,0.8894324972166678,0.1901,0.0516,0.012,0.3283,0.0002,0.3209,0.0665,0.0305
28.4134784500342,24.73297862742617,0.9870820178109208,0.0814,0.0073,0.0758,0.114,0.0456,0.4896,0.1198,0.0666
23.092497913076567,18.67353694913649,1.0224360797357916,0.1669,0.1032,0.0308,0.1948,0.1389,0.2229,0.0678,0.0747
36.50956854360767,34.39411233640553,0.9452073722861251,0.0012,0.1507,0.3353,0.0148,0.0372,0.315,0.1142,0.0316
30.88676257999789,28.528204617439428,0.9424624837260837,0.0795,0.372,0.3045,0.1229,0.0189,0.0566,0.0035,0.042
25.253366439977853,18.96781315771131,1.120496404264577,0.1188,0.2096,0.1351,0.2138,0.0606,0.0214,0.0705,0.1701
31.618287359233076,30.445040521059784,0.9071522614702597,0.2008,0.1077,0.2483,0.1338,0.0253,0.0439,0.2046,0.0356
24.9869388774373,19.662165046762503,1.0673768034966693,0.1433,0.0454,0.1258,0.3044,0.0362,0.1356,0.0692,0.1401
22.97138792762216,20.683262291700743,0.9172338318812753,0.125,0.1001,0.0159,0.1278,0.3147,0.0665,0.2002,0.0498
27.718176823562175,25.018190799021767,0.9480372507387534,0.0411,0.0832,0.0476,0.054,0.1794,0.325,0.2664,0.0032
29.119818583395684,26.25939823705933,0.9566029791171917,0.2577,0.2557,0.2383,0.1319,0.0008,0.0392,0.0065,0.07
20.39194549820347,18.05480130757758,0.9078995231769063,0.0769,0.0675,0.0011,0.2168,0.3881,0.0809,0.1236,0.0451
22.90583612929044,19.38250034489519,0.9754074960854938,0.056,0.3197,0.079,0.001,0.5069,0.0113,0.0165,0.0097
29.49294440415864,25.185381485741758,1.0122119618712546,0.1293,0.4087,0.2284,0.0508,0.0505,0.0166,0.0622,0.0534
35.89231129196768,36.63027401104409,0.8706544559932065,0.0247,0.1662,0.408,0.1044,0.0625,0.2203,0.0128,0.0012
29.21107365439186,31.195251076385244,0.8081702433700432,0.005,0.0401,0.0409,0.0165,0.2056,0.2391,0.4432,0.0096
26.488417587981356,24.76081632070145,0.9082260171357823,0.2036,0.0375,0.0402,0.0756,0.1422,0.0777,0.2754,0.1477
21.823365942973275,19.67547408984261,0.9058671654663976,0.338,0.1729,0.0326,0.1892,0.124,0.0662,0.0388,0.0384
26.40042963313754,19.536091374533164,1.1466177754644546,0.0676,0.2113,0.0472,0.0001,0.134,0.1052,0.1464,0.2881
25.95062941802707,20.406475490747155,1.0756698004013518,0.1578,0.278,0.0742,0.0035,0.1811,0.1678,0.0675,0.0701
26.171140042122655,20.974549129970185,1.0570496607453974,0.0901,0.017,0.0523,0.0346,0.2202,0.0626,0.1325,0.3908
27.97321571281032,23.750301698795386,1.0093857339936965,0.1062,0.082,0.1349,0.1117,0.144,0.3826,0.0218,0.0168
25.86104959464912,20.613408543329452,1.0605257033885067,0.0773,0.0658,0.1425,0.1436,0.307,0.1157,0.0391,0.109
32.32144716152409,31.87260098163398,0.8885828670789631,0.0248,0.0509,0.2479,0.1858,0.0218,0.066,0.3086,0.0942
20.843176230087117,16.587643688116856,1.01540499342612,0.1165,0.3038,0.0381,0.3165,0.0208,0.1342,0.0603,0.01
28.94096674314992,27.233358091170075,0.9158241396325112,0.3861,0.1693,0.1976,0.0627,0.0684,0.0449,0.0319,0.0391
25.14772936156962,25.283479156969907,0.8364248144124508,0.4244,0.029,0.0395,0.0173,0.2413,0.1543,0.0788,0.0154
17.86469016084122,16.954713871222285,0.8177484011909013,0.1878,0.0742,0.0211,0.5288,0.0418,0.0266,0.0985,0.0212
27.139193130547657,22.983653077843403,1.0067674208350368,0.2354,0.1142,0.1719,0.1739,0.0847,0.1091,0.0304,0.0805
28.842330558913154,24.141548024433284,1.0290280695243992,0.0253,0.2838,0.1749,0.0913,0.1116,0.0488,0.199,0.0651
23.62022421970734,19.228628837023134,1.020365226558964,0.0468,0.368,0.0375,0.1958,0.0045,0.1566,0.1858,0.005
22.678662211513256,17.944061681972094,1.0409383640426957,0.0784,0.5991,0.0488,0.0363,0.1414,0.0497,0.0355,0.0108
38.356040206531866,42.8501523889735,0.8017717158777854,0.0656,0.044,0.4803,0.0229,0.2424,0.0615,0.0478,0.0354
35.21686702545696,34.80939122901751,0.896794397238244,0.1103,0.0014,0.3515,0.1009,0.0546,0.0209,0.1388,0.2216
26.792958717707734,20.551671161228224,1.1090562192678428,0.1566,0.2523,0.1366,0.0967,0.0779,0.1096,0.0384,0.1319
25.52920252857913,21.136260324647797,1.0185909048192934,0.2656,0.1522,0.0706,0.0749,0.1217,0.1396,0.0707,0.1047
26.920493427964328,23.8032023543643,0.9629163793485069,0.1542,0.1112,0.0941,0.0144,0.2986,0.0217,0.2,0.1058
24.000392126841938,21.51068783314651,0.9297885907684779,0.1665,0.0468,0.0184,0.0597,0.3331,0.0587,0.1782,0.1387
25.827702156572357,23.22607337667856,0.9397930421803319,0.1955,0.1508,0.0737,0.091,0.1936,0.0655,0.2171,0.0127
29.080127568617016,25.065765586262316,1.0005729720205543,0.1051,0.0132,0.1677,0.1434,0.1378,0.0985,0.1917,0.1425
30.217974246424887,28.86940268637704,0.9081578351739398,0.069,0.0107,0.2481,0.2047,0.1659,0.0455,0.1893,0.0668
29.969000890549058,31.5402092736769,0.8233617179015515,0.0466,0.0124,0.1314,0.1417,0.1004,0.0681,0.4207,0.0787
27.07749499200758,22.876923231605854,1.0087674272615743,0.2172,0.0701,0.1202,0.1192,0.1376,0.0788,0.1443,0.1125
22.058326508813224,18.015633356077807,1.0023697836146856,0.158,0.2517,0.0616,0.3207,0.0047,0.0753,0.1249,0.003
22.863032815892968,16.969657294762623,1.1115741754970325,0.0169,0.3274,0.0299,0.1178,0.2129,0.0946,0.1374,0.0631
23.39856321518231,21.9799847294342,0.8825558094772007,0.0947,0.0067,0.0212,0.0028,0.5633,0.1177,0.1011,0.0925
30.962247212006528,27.18978405474935,0.9916315318178087,0.2527,0.0031,0.1983,0.0521,0.0769,0.0871,0.1098,0.2199
20.59772033763373,18.14985644497332,0.9144821827078715,0.2605,0.3383,0.0117,0.194,0.0779,0.0842,0.0174,0.0159
23.5700647248582,19.555809151350267,1.000728968737504,0.0739,0.2456,0.036,0.1963,0.0941,0.08,0.2255,0.0488
24.79803997915151,19.427951517105928,1.0705215092203235,0.0298,0.0574,0.1321,0.2739,0.205,0.1371,0.0885,0.0761
22.793310828391263,21.767649231593655,0.8633596870494668,0.3154,0.01,0.0829,0.3651,0.0319,0.0306,0.1433,0.0207
26.378803989399223,32.700321069682296,0.684360374985659,0.28,0.0203,0.005,0.156,0.011,0.0508,0.4724,0.0045
25.731494337336276,18.90118233707504,1.1497425901611205,0.0577,0.3197,0.0601,0.0215,0.1155,0.0068,0.1581,0.2607
27.794350783607147,21.823965958997164,1.0902853692272036,0.1364,0.2102,0.11,0.026,0.1232,0.2137,0.0865,0.094
25.775424314797203,21.44843697106271,1.015245276109194,0.0313,0.0938,0.108,0.1728,0.2375,0.071,0.196,0.0897
24.872485413696914,20.084767845126102,1.039219650166978,0.1776,0.2614,0.0288,0.012,0.1018,0.2217,0.0168,0.18
26.774021047850795,20.218790196825193,1.126379018039706,0.0057,0.2102,0.1529,0.1877,0.0633,0.0064,0.1297,0.244
27.96773515131546,23.73924867856957,1.0096248401050767,0.0596,0.2817,0.0691,0.0027,0.0514,0.406,0.0954,0.0341
26.681166209840924,19.461105535257296,1.1654613438455441,0.0019,0.1052,0.1161,0.0891,0.148,0.1079,0.0086,0.4231
28.833535743960358,27.17195006197386,0.913940136328823,0.0579,0.0116,0.1348,0.1481,0.1263,0.0297,0.3131,0.1786
27.466031784832346,22.56456281472868,1.0399506508282643,0.0848,0.1862,0.1025,0.1301,0.0522,0.2207,0.1911,0.0325
36.29385547111684,35.63400339357427,0.9062651511376423,0.0622,0.0647,0.3275,0.043,0.0215,0.0586,0.244,0.1784
36.467790180268175,36.063384652540144,0.9002979197068041,0.079,0.1195,0.3733,0.0734,0.0085,0.2328,0.0899,0.0236
31.8224137881074,25.55514440723437,1.0887206640175038,0.0612,0.1659,0.1672,0.0019,0.0008,0.2325,0.1718,0.1988
22.234672063254017,18.446152403918223,0.98853526003508,0.2033,0.0104,0.0289,0.2535,0.1124,0.0228,0.1019,0.2667
33.3061642976029,29.62339163831117,0.9892913227296362,0.1383,0.0802,0.1894,0.0007,0.0056,0.2929,0.2111,0.0818
20.11493636931872,17.822217208603277,0.9042049134907633,0.0446,0.0643,0.0216,0.2675,0.3772,0.0,0.1294,0.0954
28.329665640444485,25.837214045181167,0.9416520526516344,0.0418,0.0617,0.0165,0.0249,0.0719,0.256,0.3337,0.1934
32.93216200796226,29.435043507359094,0.9829155510073867,0.1235,0.078,0.2886,0.0891,0.0131,0.031,0.0769,0.2998
24.473130113838128,20.21863561979262,1.0125871250083944,0.0697,0.5553,0.0253,0.0211,0.0099,0.1483,0.1354,0.035
20.152501354886407,15.543660277941942,1.0391697364750356,0.0299,0.2598,0.0396,0.37,0.0896,0.0322,0.1338,0.0451
25.73219064170399,20.75075568337201,1.0472963478201627,0.1854,0.1631,0.1104,0.075,0.2442,0.0703,0.0723,0.0793
23.87517277197062,18.21454111873357,1.091170655489591,0.089,0.0621,0.1268,0.3022,0.1407,0.0876,0.0294,0.1623
23.568848387158862,21.522433339681232,0.9092302937270332,0.3761,0.2899,0.0386,0.1107,0.0077,0.0158,0.0981,0.0632
29.417210001063438,27.25591353976379,0.9325392804751214,0.3399,0.1279,0.1442,0.0129,0.0823,0.0705,0.166,0.0562
24.721344077518705,19.123648818861273,1.0835455238584835,0.0948,0.0401,0.0182,0.1554,0.0183,0.2233,0.0793,0.3705
31.24209523049236,30.4848346523564,0.8936277838196054,0.181,0.0705,0.2879,0.128,0.1839,0.0518,0.0906,0.0063
25.930742684394474,22.860738198930925,0.9593190951909006,0.2782,0.0709,0.1232,0.1914,0.1068,0.1243,0.0941,0.0111
28.965614070178404,26.498931570796074,0.9421366293006503,0.0831,0.0531,0.0474,0.0318,0.0469,0.5434,0.145,0.0493
19.772892485107903,16.338992636499917,0.9653528118907774,0.0523,0.1295,0.0415,0.2914,0.3585,0.0437,0.0633,0.0198
23.884149538848547,19.110548776030768,1.040480300795342,0.0678,0.3527,0.0432,0.0702,0.2157,0.0551,0.1751,0.0201
25.824231110037623,20.631237156062618,1.0578246444917838,0.2488,0.1243,0.0912,0.1102,0.0475,0.0077,0.0741,0.2963
21.90261121467974,16.934845841557564,1.0571463940195611,0.1852,0.1045,0.0591,0.3123,0.0468,0.0805,0.032,0.1796
23.10644833908178,17.741724805239134,1.0769216944138174,0.0556,0.3127,0.1364,0.2607,0.1633,0.0031,0.0376,0.0306
28.133998531990045,22.491520904259318,1.0730265256281395,0.0276,0.1122,0.1259,0.162,0.0205,0.3858,0.0714,0.0947
26.678465761404652,21.351756764980568,1.0621358238119332,0.0999,0.027,0.0532,0.0718,0.0037,0.1697,0.0308,0.544
35.757668237018585,37.222527239405856,0.853184095554859,0.0256,0.0155,0.3914,0.072,0.2469,0.1262,0.1021,0.0204
35.65303985482137,36.467930591819,0.8679691811720798,0.0335,0.3805,0.3948,0.0142,0.06,0.0067,0.1088,0.0015
28.105570075965996,20.981006601129927,1.1489234303309257,0.0079,0.0703,0.0634,0.0111,0.1347,0.3065,0.1137,0.2924
27.650752301903385,23.578776044702206,1.0030525866594908,0.068,0.1838,0.171,0.0521,0.3362,0.0752,0.1039,0.0098
24.875852629886058,18.94898415831564,1.1016871646243276,0.0743,0.0245,0.0728,0.1848,0.1872,0.1315,0.1263,0.1985
17.601111664946416,16.731958374477767,0.8128822317471806,0.0123,0.0368,0.0197,0.6031,0.0113,0.0044,0.1346,0.1778
28.13879126484896,26.024966034781873,0.927524409929601,0.3337,0.0685,0.1064,0.0573,0.0815,0.0916,0.1842,0.077
31.68234783616299,28.890845050485005,0.9581702365503593,0.0411,0.1297,0.2909,0.1066,0.1849,0.1779,0.0369,0.032
21.78580505052437,17.134820768243607,1.0379918932964418,0.131,0.0015,0.0754,0.3827,0.0951,0.0841,0.0516,0.1786
24.756126087757995,21.057527233661734,0.9856867740186543,0.0609,0.0425,0.0827,0.1952,0.2648,0.0944,0.1921,0.0675
25.039227679439747,21.680273138815007,0.9704318550199641,0.2799,0.1291,0.0805,0.133,0.138,0.0752,0.1212,0.0432
22.318422274751104,21.461462253201656,0.853549588496391,0.3092,0.0137,0.0017,0.2322,0.1091,0.1962,0.1183,0.0196
22.677297203182206,18.145425290970525,1.0293116255851191,0.0062,0.0062,0.1142,0.3704,0.2269,0.0938,0.0765,0.1059
26.171021146360264,19.28292437853783,1.1497748324438237,0.0082,0.1101,0.0709,0.1683,0.0624,0.2596,0.1394,0.1809
37.253641940574795,40.37408569139742,0.8236382662570167,0.1224,0.175,0.4328,0.0539,0.0687,0.0116,0.1326,0.003
31.878816509540687,28.91585741099724,0.9641359103858996,0.1824,0.0236,0.2036,0.0428,0.07,0.0266,0.2132,0.2377
31.033024280070165,29.496540172682735,0.9164811914146436,0.2057,0.079,0.1775,0.0643,0.0591,0.0522,0.274,0.0882
22.156443524999695,17.827053650312955,1.0184769665895383,0.1513,0.0143,0.0796,0.3949,0.0502,0.1524,0.049,0.1083
40.90611702194582,47.032636045555684,0.7846916550924055,0.0235,0.0228,0.5359,0.1313,0.0148,0.1449,0.1152,0.0116
27.922966790594515,23.873739277213485,1.0020619942611175,0.1134,0.1539,0.1289,0.1374,0.0013,0.3978,0.0084,0.0588
28.019560607863937,21.097742975900964,1.1384895832364836,0.0712,0.1164,0.0923,0.0182,0.1415,0.1361,0.1426,0.2816
29.868871233531237,29.478010079208843,0.8775650447238578,0.02,0.0405,0.0962,0.1139,0.0391,0.1466,0.4089,0.1348
27.660019480203367,26.599888539615208,0.889478143675922,0.3231,0.0082,0.0925,0.146,0.0029,0.0877,0.2451,0.0945
24.333854551506935,20.880331922314614,0.9738281281714846,0.1818,0.0275,0.0408,0.1805,0.1446,0.3087,0.0753,0.0409
25.168976290079716,21.413638744318654,0.9885744568141717,0.2118,0.1634,0.0575,0.117,0.1183,0.0867,0.1817,0.0636
26.324139748131394,20.336094711142547,1.0977594304721425,0.1331,0.3412,0.1162,0.0702,0.0979,0.1022,0.0837,0.0555
29.025271996993162,24.828803664255965,1.0079129198246486,0.2561,0.018,0.0906,0.0138,0.006,0.3184,0.0347,0.2624
31.857363778610807,27.55323002440867,1.0110380435953503,0.0158,0.0439,0.1808,0.026,0.1446,0.4763,0.0809,0.0317
28.87841567735705,24.92048747687247,0.9983117585659402,0.2301,0.0766,0.1325,0.0973,0.0176,0.0666,0.1942,0.1851
30.46865735935455,29.65576281113153,0.89252997901033,0.3146,0.1322,0.182,0.0495,0.0514,0.0177,0.2261,0.0266
26.634004004245693,20.440399190941015,1.107317121980517,0.0129,0.0463,0.1155,0.0697,0.2377,0.052,0.0348,0.431
28.491528430762852,21.7891209650909,1.1240255387081275,0.0209,0.0215,0.0983,0.0243,0.1177,0.1237,0.0962,0.4974
24.87955837729821,20.54091501257297,1.0164862843022309,0.0871,0.0319,0.0037,0.0677,0.1541,0.0769,0.1668,0.4117
24.265767169047496,21.042828220427843,0.9630724043726216,0.1468,0.1158,0.0311,0.2303,0.0193,0.1551,0.2274,0.0743
24.64859306806304,19.498783980708943,1.058968245839928,0.0851,0.0891,0.0732,0.1171,0.2947,0.0763,0.1289,0.1355
23.55644828240217,23.13221822737851,0.8454203609083982,0.0518,0.0024,0.2241,0.5778,0.0051,0.0089,0.0316,0.0982
23.165087052241194,17.500847420500477,1.0950948026545977,0.1179,0.0865,0.0856,0.2759,0.0468,0.0252,0.0155,0.3465
30.51280068635392,24.958696764915125,1.0622670300487576,0.1184,0.2327,0.2195,0.0369,0.0739,0.1164,0.0467,0.1556
26.39775527906875,26.88237593231636,0.8331761796450264,0.5587,0.0738,0.0948,0.0477,0.0231,0.0146,0.0235,0.1638
35.90274890262443,36.297248622767384,0.8789302251028882,0.0666,0.007,0.4041,0.0664,0.1122,0.0008,0.0009,0.3421
28.397244050434338,23.23191914301699,1.0501605097815443,0.1835,0.0049,0.0879,0.0298,0.0601,0.3178,0.0165,0.2996
22.72492449132149,16.633688997895653,1.1257228924798581,0.1419,0.1851,0.0458,0.1666,0.1594,0.055,0.0556,0.1906
18.169732986015617,15.292153798643904,0.9266015221003191,0.0596,0.0711,0.0145,0.3769,0.295,0.1054,0.0052,0.0722
30.455910608834575,25.736568126711084,1.0279502099340476,0.0242,0.1773,0.2063,0.0656,0.1492,0.0771,0.1773,0.123
24.978182507988674,20.76330992492898,1.0103486671362407,0.1175,0.006,0.0441,0.1196,0.2531,0.3065,0.0897,0.0635
28.431334055139956,22.890725701829517,1.067302730956551,0.0046,0.0546,0.1718,0.1804,0.1556,0.2549,0.1072,0.0709
27.478514371819372,21.915695651350653,1.0713104774464417,0.1152,0.3153,0.1578,0.0711,0.1281,0.1085,0.0735,0.0304
22.97605009316755,17.23819465689861,1.1008142366911642,0.0131,0.0217,0.0793,0.316,0.1025,0.0496,0.0646,0.3532
34.26134419482213,32.997349028096814,0.9170841017881465,0.1035,0.0398,0.3082,0.1259,0.0204,0.1087,0.1885,0.105
24.95775501837351,19.89267368905098,1.053541386440615,0.0611,0.1528,0.0608,0.0264,0.3545,0.2549,0.0357,0.0538
28.55557097882706,29.25298990947207,0.8394208952595306,0.0408,0.105,0.0329,0.0002,0.0459,0.7105,0.0232,0.0415
20.737841687235516,17.550434297599,0.9536995725242736,0.1285,0.1713,0.0188,0.1287,0.4091,0.0084,0.0584,0.0768
29.243687928977213,26.58429528355096,0.9495714541132393,0.0664,0.0058,0.0665,0.0383,0.0443,0.0584,0.3223,0.398
32.40810779179335,36.83370547380434,0.771253052777892,0.1932,0.0502,0.1583,0.0471,0.0426,0.0322,0.4722,0.0042
28.879074384643914,22.989753236992662,1.082181010303806,0.1225,0.1961,0.191,0.0649,0.1307,0.1008,0.0353,0.1587
24.589846183946374,21.69436926638668,0.9490871078629762,0.0232,0.0321,0.0473,0.1511,0.3281,0.1901,0.2135,0.0145
30.424757259448715,28.58963417559755,0.9242775579830033,0.3043,0.0077,0.2184,0.1399,0.0454,0.1532,0.0946,0.0365
27.025516266542347,22.28999298545338,1.0329979144259478,0.0337,0.4156,0.1126,0.0142,0.1003,0.3065,0.0024,0.0146
29.175845144101203,25.808213003732867,0.9754974178359348,0.0275,0.2093,0.1951,0.1077,0.1712,0.0216,0.2113,0.0563
23.734762058701232,20.350831927213562,0.9697275339545944,0.2804,0.2698,0.0157,0.0683,0.0693,0.1039,0.0973,0.0953
30.80185478691582,25.57179141396092,1.0481023543889594,0.0088,0.0848,0.1542,0.0732,0.0471,0.1475,0.25,0.2344
25.73555353681462,25.17805173277738,0.8632738453118184,0.4411,0.0559,0.0594,0.0503,0.1109,0.1851,0.0346,0.0625
24.549674956833982,19.680646024163924,1.0441565247199234,0.0999,0.2503,0.0084,0.0678,0.1098,0.1594,0.1843,0.1201
21.530451559285197,17.59373562628019,0.9964030341060449,0.0046,0.1808,0.0201,0.0822,0.4665,0.1688,0.0089,0.0681
26.51636652151298,22.281510457077413,1.010540401418835,0.0717,0.1526,0.0298,0.0476,0.1288,0.1707,0.2533,0.1455
25.933738110913314,20.718343517895377,1.058662730056973,0.2037,0.0866,0.0416,0.0521,0.0362,0.1468,0.0482,0.3848
26.449136184469328,22.836221070659292,0.9830495209784379,0.1567,0.3105,0.0993,0.1051,0.0519,0.0144,0.2279,0.0341
27.652066232832652,22.85349689716239,1.0349429822168446,0.0177,0.0021,0.0968,0.055,0.3088,0.177,0.1886,0.154
32.95287215699806,33.20100086732909,0.8720481732672302,0.091,0.1573,0.2043,0.0491,0.0244,0.0881,0.3697,0.0162
24.020392476052397,19.93235600217583,1.0044167620660074,0.2699,0.1426,0.042,0.1728,0.0017,0.1441,0.07,0.157
32.278146158708424,31.473801327641937,0.898466183488077,0.1355,0.1693,0.3206,0.179,0.0076,0.0319,0.1124,0.0437
33.16488826526573,29.544921359681215,0.9871371092923571,0.1926,0.0129,0.2642,0.0097,0.1094,0.1844,0.0224,0.2044
26.78878029583684,22.233874280255026,1.0249576843238069,0.1119,0.2894,0.1155,0.0514,0.1801,0.0116,0.1881,0.0519
23.42004443657068,19.284086998169407,1.0070502398383796,0.0263,0.181,0.0217,0.0441,0.3956,0.1026,0.1512,0.0774
21.325541460498034,16.37596418478688,1.0579860376461558,0.0718,0.2437,0.0092,0.243,0.119,0.0962,0.1424,0.0746
28.0211193721998,21.915510113325144,1.096078496370221,0.0601,0.0334,0.1114,0.142,0.048,0.121,0.1833,0.3009
22.201080366796752,16.185495435719165,1.1245303203156491,0.0329,0.2111,0.0243,0.2052,0.1722,0.1592,0.1033,0.0919
27.398367084612403,24.192248043025423,0.9671844899654997,0.0081,0.1123,0.2465,0.3519,0.0503,0.0664,0.0656,0.0989
27.843394421788776,29.92928441873578,0.7966576844337371,0.0711,0.074,0.0755,0.1264,0.1435,0.0637,0.4226,0.0232
24.769079845597584,19.9922279860912,1.0388576931018816,0.1569,0.237,0.1014,0.1273,0.2043,0.0438,0.112,0.0173
35.37758836136039,37.600104892207256,0.8345080007439952,0.0317,0.104,0.3735,0.0053,0.3072,0.0098,0.1637,0.0048
23.19536290913131,22.149415920400305,0.8666306587096855,0.3381,0.2226,0.0001,0.0412,0.1827,0.0553,0.1412,0.0188
29.318346546158754,29.404982690834636,0.8610223244256606,0.1627,0.0213,0.1308,0.1225,0.1027,0.0527,0.3416,0.0657
34.49813744619591,34.417757498134506,0.8861163440950202,0.0923,0.1611,0.3408,0.0036,0.2059,0.0159,0.1352,0.0451
29.892329141391688,29.38607124151303,0.8811089079786273,0.0785,0.0102,0.304,0.3586,0.0225,0.0905,0.0883,0.0473
29.927106379339747,26.043252371075216,0.9955402654752729,0.079,0.2365,0.2442,0.0814,0.1683,0.0186,0.0901,0.082
38.302786093261034,41.77291788295215,0.8211728514962147,0.0304,0.1478,0.4401,0.0142,0.1456,0.0239,0.182,0.0161
25.096514540705417,21.285580506436617,0.991117650482963,0.0083,0.0578,0.146,0.2827,0.2439,0.1012,0.1399,0.0201
25.44170203612626,20.87406085419138,1.0271936153631025,0.193,0.3239,0.1566,0.1499,0.1001,0.0482,0.0004,0.0279
26.34049359122829,26.9335350043661,0.829467561076062,0.4436,0.0454,0.0446,0.0052,0.1611,0.0665,0.1811,0.0525
22.40382452599235,16.874182469989908,1.0906498468131922,0.002,0.1618,0.0413,0.2122,0.082,0.0135,0.0222,0.465
33.94499990355598,32.073108578697834,0.9336481940963063,0.0448,0.3126,0.3378,0.0131,0.0976,0.1541,0.0213,0.0186
24.29641964677064,18.16312114222761,1.117452198211865,0.0875,0.1502,0.1359,0.2318,0.1461,0.0275,0.0006,0.2203
26.949494504117098,20.962670627115948,1.0947791391823485,0.072,0.0817,0.0758,0.0241,0.0871,0.0973,0.0216,0.5403
29.24639510416916,25.1173511048691,1.0051376436456727,0.0869,0.1159,0.1237,0.116,0.0013,0.1132,0.2721,0.1709
26.311975946793474,21.37599326335585,1.0437866288553783,0.1356,0.2892,0.0593,0.0117,0.1337,0.0875,0.1932,0.0898
28.61320016029478,23.71695497280206,1.0377892182415707,0.0857,0.1698,0.1796,0.0206,0.2981,0.1456,0.056,0.0447
30.761473746286516,27.859048167003493,0.9606025872047936,0.0171,0.1816,0.3008,0.2349,0.0038,0.138,0.0268,0.097
33.55049592426349,29.726139247568533,0.9940912837068334,0.0067,0.0474,0.1884,0.0027,0.0596,0.5342,0.1217,0.0392
28.496659450368007,23.20492470058507,1.0556664055777076,0.0942,0.0597,0.1785,0.1,0.2108,0.0695,0.0912,0.196
27.002355181363296,27.68577510135947,0.8308365973916257,0.1993,0.0346,0.0438,0.1033,0.1266,0.1297,0.3446,0.0182
28.741593085889594,24.408696165836158,1.013638455646778,0.1319,0.0348,0.1142,0.0133,0.2546,0.2273,0.1557,0.0683
27.943424396602435,28.73089774512259,0.8333684735161856,0.1519,0.0042,0.0197,0.0439,0.0646,0.0496,0.3929,0.2732
30.034911454113328,26.339516980074556,0.9884354171645723,0.1004,0.0112,0.2145,0.1229,0.1921,0.3079,0.029,0.022
22.630002033956984,21.31461425782318,0.8740482848343899,0.0623,0.1502,0.0205,0.3051,0.0664,0.087,0.2885,0.02
34.16870141473204,34.37122900422046,0.8777312388517621,0.0916,0.0223,0.3089,0.1268,0.0864,0.086,0.2319,0.046
32.90874858414817,31.418830285566962,0.9201090021937622,0.2051,0.1031,0.3103,0.1069,0.0388,0.1622,0.0204,0.0532
23.368477146112916,16.843500944856675,1.1499080392801158,0.1386,0.2722,0.0478,0.1109,0.1277,0.0315,0.0625,0.2088
26.00262922296064,20.24090861326507,1.0870376248100349,0.0332,0.1987,0.1392,0.1117,0.2793,0.0583,0.0937,0.0859
24.689135301237066,22.30624538989968,0.9275041558811666,0.3214,0.1352,0.0172,0.0289,0.0843,0.2114,0.009,0.1926
28.972861990320908,24.22761083542582,1.0307604063792115,0.1054,0.0398,0.0712,0.0546,0.0018,0.1439,0.2533,0.3301
25.345585662765195,20.00627703010625,1.066944421025636,0.1005,0.0736,0.0987,0.1531,0.2244,0.2574,0.0314,0.0609
25.396634242989123,21.110992275628035,1.0135304851440285,0.1859,0.0065,0.0674,0.0927,0.1042,0.0395,0.0099,0.4939
29.4590492963268,24.598457211113896,1.034985612220594,0.1021,0.0178,0.0799,0.0258,0.0147,0.1073,0.2363,0.4162
25.70768868772185,19.92863525196392,1.0892712126678419,0.0015,0.4335,0.1037,0.1088,0.0765,0.0188,0.1883,0.0689
28.199749500076265,23.05224613591647,1.0497783754951293,0.2409,0.0395,0.1291,0.0834,0.0118,0.0575,0.0622,0.3756
25.69903292554752,23.984005962952264,0.9047292999787314,0.1686,0.0923,0.1449,0.0306,0.4955,0.0023,0.0449,0.0209
23.953692753671174,19.782808169902225,1.0086380347168777,0.1343,0.4652,0.0033,0.0039,0.0736,0.066,0.1699,0.0838
25.00412662621648,26.117858218447193,0.8042055535542015,0.5434,0.0563,0.0466,0.0383,0.1078,0.0429,0.0587,0.106
19.81692316117765,14.144471571686312,1.1182406554401911,0.0141,0.2961,0.0244,0.338,0.019,0.0489,0.0316,0.2279
29.571881173480545,31.360762034375867,0.8154100702479781,0.0666,0.0109,0.1824,0.2306,0.0943,0.0223,0.3685,0.0244
28.515384931142794,26.93384668279218,0.9102073394813478,0.3012,0.0536,0.2074,0.2027,0.056,0.0592,0.104,0.0157
21.393317641537212,20.629063231530647,0.8431462663293534,0.3366,0.071,0.0155,0.2837,0.079,0.0862,0.1223,0.0055
26.651060728596565,22.120863327712183,1.0239682056269552,0.2092,0.1277,0.122,0.1796,0.0209,0.0421,0.1571,0.1414
29.15205612783899,25.21468800166889,0.9975160559660403,0.2501,0.0206,0.1783,0.0404,0.1997,0.1237,0.0292,0.1579
36.5693911588191,35.33100230039846,0.9218360374240443,0.02,0.0871,0.3146,0.0244,0.0229,0.136,0.2619,0.1332
26.623576021156964,21.64830856287649,1.045050515399291,0.1651,0.2096,0.1155,0.0015,0.2623,0.1845,0.0047,0.0567
27.62755038127633,25.016936735765388,0.9444621710018266,0.3958,0.0678,0.0811,0.0191,0.0122,0.0375,0.1164,0.27
24.156089014638727,17.587178837201154,1.1460672118716222,0.0079,0.0751,0.0476,0.1576,0.2223,0.1489,0.1176,0.2231
22.600933319208185,19.144986791081422,0.9715824577049758,0.2219,0.1358,0.09,0.1741,0.3038,0.0343,0.004,0.0361
23.247151323057167,17.379237120694132,1.1074796430586034,0.0508,0.3682,0.0587,0.1253,0.1865,0.1029,0.0978,0.0097
26.8083270544256,22.082947001425833,1.0328479732778841,0.0392,0.3284,0.0548,0.0136,0.0028,0.3781,0.0178,0.1653
26.046568087241834,23.75579739416721,0.9280500132845447,0.2941,0.0,0.0612,0.0584,0.2231,0.2444,0.0809,0.0378
27.80832804434065,28.618602180107555,0.831917921584917,0.1178,0.059,0.0958,0.1112,0.1794,0.0116,0.3638,0.0613
34.56539735497758,33.82302728421343,0.903686033131744,0.2865,0.0187,0.2639,0.0055,0.0179,0.0666,0.2075,0.1335
24.160783406101327,22.246899832172186,0.9062288929330261,0.2418,0.0804,0.0764,0.0144,0.4593,0.0886,0.0146,0.0245
31.322300852354566,28.854780333697228,0.9468899272973152,0.1125,0.0026,0.2533,0.2172,0.0039,0.3563,0.0419,0.0123
20.59958279405848,16.99658806557509,0.9766420607486096,0.039,0.2378,0.0111,0.3442,0.0484,0.0412,0.1992,0.079
23.43714763754741,17.410922994957495,1.116376635700287,0.0842,0.1974,0.0885,0.1547,0.265,0.0225,0.0612,0.1264
25.539963634166607,18.882305507720208,1.1407486032550311,0.0046,0.2673,0.071,0.1003,0.054,0.2872,0.0028,0.2128
27.686256450058238,24.161489359268018,0.9803309762017014,0.208,0.0276,0.1953,0.2724,0.0064,0.0798,0.0882,0.1224
25.61235582747588,21.608783511493773,1.0001653177736824,0.2813,0.2433,0.1008,0.0593,0.1512,0.047,0.0714,0.0458
31.12493111689465,28.469477034827424,0.952772370342878,0.057,0.0588,0.276,0.2145,0.0388,0.0326,0.1398,0.1826
22.027597948060766,17.30173582899546,1.0419531384734735,0.115,0.0354,0.0041,0.2827,0.0298,0.1622,0.0843,0.2866
21.03958263278375,15.85980236515709,1.0743880812927753,0.0902,0.2322,0.0004,0.1595,0.234,0.1051,0.0621,0.1163
29.120850394049707,25.39663290591887,0.9891409812910715,0.3472,0.1118,0.1658,0.0376,0.0011,0.0585,0.0115,0.2664
38.32999049354304,41.2171515886614,0.8329054573239124,0.1471,0.1392,0.457,0.0087,0.0795,0.0539,0.0531,0.0615
32.25962639356442,29.6399897977925,0.9534290189151521,0.0592,0.1282,0.3073,0.1431,0.0687,0.0438,0.089,0.1607
27.268450105862733,22.47325650949229,1.0353839950180146,0.0691,0.0581,0.1397,0.1861,0.158,0.151,0.1663,0.0716
28.23389650186328,22.67690022773744,1.068660013427293,0.0255,0.1723,0.1379,0.0518,0.2334,0.2464,0.1151,0.0175
23.715797547081145,22.740523743013373,0.8669895983877011,0.2341,0.0393,0.0373,0.2257,0.1371,0.0771,0.2336,0.0158
33.48522877523565,32.99130249693949,0.8937273324680319,0.1442,0.1154,0.3335,0.0285,0.2272,0.1029,0.0364,0.0119
26.41722023739349,23.719173711139284,0.9451096615083874,0.0987,0.272,0.2438,0.3119,0.0247,0.0203,0.0003,0.0283
27.476579964944968,25.860579773485288,0.90781336577053,0.1139,0.0356,0.1467,0.2334,0.1183,0.0849,0.2579,0.0094
25.29517666095302,21.147089554749897,1.0070027180723724,0.2768,0.34,0.0753,0.0398,0.0552,0.0986,0.0457,0.0686
22.732167231636502,19.81010656098799,0.9455863941956641,0.1901,0.103,0.0699,0.1234,0.3983,0.0673,0.0352,0.0127
45.77999177598699,55.93346825979002,0.746958718560676,0.0323,0.0014,0.6609,0.0015,0.052,0.0255,0.0731,0.1532
23.428318185244006,26.43355495266208,0.7349869595685015,0.6137,0.1329,0.0406,0.0856,0.066,0.0041,0.0253,0.0317
22.96265003183954,21.10295784007082,0.8985778285465172,0.2586,0.0855,0.0161,0.1318,0.2439,0.1203,0.138,0.0058
24.897203330984212,17.97126048497903,1.1628123329719013,0.1065,0.3052,0.0835,0.1201,0.0529,0.1305,0.0398,0.1616
22.404734020871203,16.74969881613315,1.0988098486370357,0.0091,0.3258,0.089,0.3045,0.0547,0.1513,0.0497,0.0158
28.898863629624127,27.333715302759025,0.9109213055683971,0.2014,0.1208,0.0414,0.0038,0.0147,0.2866,0.2818,0.0494
30.461652796071313,25.89899643894179,1.0217250254640569,0.0394,0.2571,0.2425,0.0351,0.1941,0.059,0.08,0.0928
23.867117763654992,22.33268985613066,0.8895980686447031,0.0741,0.2308,0.0023,0.1387,0.0522,0.4464,0.0463,0.0091
25.687384905578693,23.954790592237035,0.9053464617890196,0.0485,0.2142,0.2547,0.3774,0.0814,0.0016,0.0018,0.0204
18.895821931826834,17.490358475736166,0.8516590413221861,0.2082,0.0125,0.0272,0.4195,0.1945,0.0427,0.0761,0.0194
28.936603296360925,24.096390634578217,1.0348688180949808,0.2118,0.3075,0.1821,0.0498,0.0223,0.0265,0.0898,0.1102
24.055868865555635,17.824559994218443,1.1251817083878053,0.0602,0.2632,0.0135,0.1005,0.0531,0.0627,0.1606,0.2862
20.037649732621503,14.881692221446569,1.0776764828874126,0.0378,0.1363,0.0634,0.3966,0.1514,0.0734,0.0257,0.1155
18.393939422214274,17.48552845008823,0.8231915588540101,0.1839,0.0997,0.0155,0.509,0.007,0.0216,0.1387,0.0246
26.254544804941403,20.810396556608897,1.069395517976032,0.2077,0.1048,0.062,0.0579,0.1063,0.1718,0.0875,0.202
28.802044344125864,25.09306097575293,0.98840250570035,0.1292,0.011,0.1679,0.1746,0.0726,0.3917,0.0151,0.0379
29.915695759349564,27.02571201601156,0.958927400099418,0.0146,0.021,0.2064,0.0675,0.36,0.1562,0.1461,0.0282
24.003870668745773,20.425921220257788,0.9793375022374294,0.0388,0.0094,0.164,0.4819,0.0041,0.1949,0.0415,0.0653
20.723205087828898,16.660850718569414,1.0037425681504957,0.0282,0.0598,0.057,0.3407,0.292,0.1444,0.0624,0.0155
25.08237456831156,25.956067823827965,0.8122329896579211,0.5342,0.0089,0.0421,0.086,0.0279,0.0066,0.0953,0.1991
29.790967999707686,29.339289418582727,0.8790590539446526,0.0802,0.1249,0.2817,0.3069,0.0104,0.0143,0.1685,0.0131
22.330208041651247,18.816889739260702,0.9741359117073418,0.0609,0.0023,0.1284,0.383,0.2542,0.1106,0.0266,0.0339
31.73184448466798,27.962274966044586,0.9917592369842432,0.0477,0.1707,0.2797,0.0115,0.2407,0.1105,0.0067,0.1326
26.241124914839514,19.829860481686467,1.12159764993707,0.0498,0.1562,0.1104,0.2132,0.0107,0.2655,0.0762,0.118
22.946964916644436,20.361576831448623,0.9305254241106068,0.0267,0.0306,0.0526,0.3616,0.0432,0.4376,0.0241,0.0236
24.46875863959982,20.873078055314654,0.9806296218198691,0.0415,0.1725,0.1849,0.3702,0.1017,0.0217,0.0824,0.0252
25.226259223432855,26.559055602717073,0.7992098642717305,0.1793,0.0765,0.0485,0.2473,0.0146,0.0251,0.3636,0.0452
23.683869832287094,25.77710291392145,0.7636183902441736,0.1974,0.0844,0.0016,0.2567,0.0185,0.0651,0.3594,0.0169
30.145776762817494,27.79318781323895,0.9407260850575503,0.0852,0.0649,0.2317,0.0651,0.3194,0.0742,0.1238,0.0357
26.902913553930752,23.239797519645293,0.9855040059867232,0.2619,0.1391,0.1125,0.1414,0.005,0.2382,0.0573,0.0446
33.76227169949263,35.542374801683074,0.8373743134936292,0.0794,0.0449,0.3517,0.0264,0.3701,0.0197,0.1013,0.0065
27.415225390214392,30.551178932159434,0.7664262463392716,0.1247,0.0445,0.0124,0.0436,0.144,0.0475,0.4479,0.1355
24.058296773361498,19.257746301983953,1.0415703093614372,0.2177,0.1237,0.0377,0.103,0.0635,0.0642,0.0156,0.3746
25.58311279358909,21.98439350381309,0.9817470193046536,0.2935,0.0974,0.0467,0.0661,0.0573,0.2159,0.0254,0.1976
32.1463048677259,32.9143291841146,0.8551383414282104,0.0435,0.1125,0.3409,0.0366,0.402,0.0114,0.0225,0.0306
27.814721438321904,21.645736114089274,1.1002038144048532,0.1751,0.1951,0.1213,0.0001,0.1356,0.1629,0.0249,0.1851
26.193691182094593,19.258013729144714,1.1524392647257842,0.0666,0.1814,0.0712,0.0151,0.1285,0.0461,0.055,0.4359
23.22603339412838,18.703565226129783,1.0279341484728635,0.1193,0.1632,0.0523,0.0603,0.3861,0.1272,0.0243,0.0671
30.142606639109136,24.71645692660539,1.0577004105701173,0.0052,0.0688,0.1643,0.0264,0.014,0.0337,0.0351,0.6526
21.887055710443075,16.918520916906303,1.057247013393998,0.0649,0.0924,0.0492,0.2728,0.2058,0.0202,0.1246,0.1702
25.336678569620304,22.956824241911946,0.9294264025712333,0.2429,0.1926,0.062,0.1035,0.1188,0.0225,0.2204,0.0373
27.272304439798102,21.438523580447498,1.0855367139658376,0.0484,0.0582,0.0583,0.02,0.123,0.0685,0.152,0.4716
37.363173121718376,43.27706997287282,0.770920331312431,0.0061,0.0332,0.5063,0.22,0.0827,0.0297,0.068,0.054
32.47057651235099,29.971371027557066,0.9499257303302484,0.1385,0.3149,0.2578,0.0251,0.0123,0.0272,0.184,0.0402
27.52995535686051,22.425309908627156,1.049258871013791,0.0092,0.2221,0.0528,0.0049,0.1198,0.1021,0.2673,0.2218
30.13431130527218,26.832518892057934,0.9739790517023578,0.3113,0.2622,0.2104,0.0157,0.0127,0.0187,0.0525,0.1164
25.492722803461753,21.515164313910375,0.9989569445010413,0.21,0.4359,0.1082,0.0832,0.0007,0.1366,0.0135,0.0119
22.05742654707418,18.136952481182483,0.9956152537648861,0.1483,0.0606,0.0796,0.4109,0.0001,0.0144,0.1256,0.1604
24.15187155884409,18.511067306712732,1.0886390949233027,0.0028,0.2943,0.138,0.1464,0.3091,0.0548,0.0133,0.0414
29.057687536159666,22.41331940332524,1.117981994779502,0.1307,0.1286,0.1332,0.05,0.0134,0.2396,0.0369,0.2677
31.009462689676692,24.757138551534126,1.0909767553893257,0.018,0.0476,0.1825,0.1102,0.0239,0.2096,0.163,0.2452
24.310833503741026,17.721911923418904,1.146085907181434,0.0849,0.1198,0.0767,0.1723,0.1375,0.0301,0.0856,0.2932
25.192742485393293,21.271639119085023,0.9962909941612847,0.3038,0.018,0.0845,0.1531,0.0678,0.0458,0.0427,0.2843
24.627628293763166,18.120138599553222,1.1383813749786533,0.0545,0.1386,0.0431,0.039,0.217,0.1219,0.0172,0.3687
14.918272482652432,15.591449867312951,0.7002730711748809,0.0576,0.0815,0.0128,0.5994,0.2029,0.0323,0.0007,0.0128
22.877271745224007,18.26111779768861,1.033741305125001,0.2107,0.2506,0.0537,0.2085,0.0457,0.1106,0.0644,0.0558
35.58825371427157,36.57629184937387,0.8636264672306392,0.1555,0.1072,0.3886,0.0416,0.1407,0.1448,0.0196,0.0021
27.858307580998133,20.753646103627048,1.149595953495058,0.0961,0.2232,0.1451,0.0379,0.1295,0.0556,0.0619,0.2506
27.614678735099513,23.140954867677515,1.0204712325023233,0.1256,0.0141,0.1507,0.0593,0.2972,0.0151,0.0817,0.2564
23.385178849142907,20.234777742487324,0.9580129367291986,0.3181,0.0457,0.0663,0.2081,0.1063,0.0126,0.0649,0.178
32.106855909413525,31.389844368470076,0.8954124008861226,0.0335,0.0133,0.3371,0.1986,0.1661,0.0529,0.0585,0.1399
31.84600952726458,31.42977378220502,0.8859754995446545,0.1435,0.1032,0.216,0.1154,0.0259,0.0526,0.3055,0.0379
22.558861621027066,20.561621158195184,0.9025971968961269,0.2203,0.0435,0.0425,0.2185,0.2363,0.0118,0.1656,0.0615
24.469627315752827,21.104480450032153,0.9699185613319204,0.3136,0.1471,0.0431,0.1123,0.0691,0.0648,0.116,0.1339
29.07681905394948,23.889554032407272,1.0496980822635547,0.1154,0.2301,0.1346,0.0344,0.0467,0.0158,0.2153,0.2077
25.32743005769259,22.61812325876094,0.9429354422423881,0.282,0.1119,0.0476,0.035,0.2219,0.097,0.1423,0.0623
30.190366622348304,30.242780042118316,0.8660039383242438,0.0017,0.2059,0.11,0.0475,0.0319,0.0215,0.4294,0.1522
35.42427095426471,34.56577826293511,0.9091150997737251,0.1451,0.0576,0.3649,0.0538,0.0756,0.1813,0.0015,0.1202
24.1261272585611,17.18477230346977,1.1711605427845817,0.07,0.2171,0.104,0.168,0.1843,0.0626,0.0349,0.1591
21.883295727974048,17.487044783025752,1.0226596860627317,0.0511,0.0545,0.0194,0.3424,0.0793,0.2043,0.1502,0.0989
23.738924125134293,25.074420101573697,0.7872135844088954,0.5305,0.0313,0.0458,0.1324,0.0774,0.0966,0.0119,0.0741
33.96665240494321,32.83506947450134,0.9126416628481433,0.1407,0.0098,0.2959,0.124,0.0458,0.1808,0.1698,0.0332
24.46895799947971,18.882443826995825,1.0840205953752489,0.0761,0.1265,0.0234,0.0518,0.1281,0.0906,0.0332,0.4703
26.78856255585908,21.1462547780164,1.077664238659889,0.1348,0.0638,0.1127,0.1336,0.0138,0.0078,0.0611,0.4724
31.262134799492596,30.023913013778714,0.9080140482348631,0.0437,0.0859,0.1166,0.0152,0.0281,0.036,0.3919,0.2825
23.05426165775365,18.275450693810637,1.0426151440526046,0.1603,0.0173,0.0401,0.2626,0.0553,0.0591,0.1088,0.2966
24.118446367170108,23.2641789359891,0.8647821366284015,0.3918,0.0117,0.0925,0.2535,0.0434,0.1827,0.003,0.0215
29.36613049874653,29.268588692705272,0.8666673601883863,0.0059,0.0044,0.2248,0.2972,0.0931,0.0428,0.2766,0.0553
28.07087868685791,22.53337533575388,1.0682322700525233,0.0145,0.0454,0.1669,0.0982,0.3025,0.202,0.0639,0.1065
24.82727689286502,23.15950379644335,0.8992971989349575,0.2821,0.2178,0.011,0.0875,0.0034,0.2441,0.1347,0.0193
28.224065051255714,27.996159611865266,0.8652638571537907,0.1138,0.0811,0.1702,0.2072,0.1275,0.0046,0.2903,0.0053
36.51802759844126,37.39953011729564,0.8694769024224478,0.1149,0.1169,0.3475,0.0198,0.0577,0.0406,0.2387,0.0639
28.032301279310918,23.538313559336842,1.0209865383400896,0.108,0.2397,0.1061,0.0084,0.1789,0.1653,0.1876,0.006
29.503272699966626,35.65394720264601,0.7153001196477325,0.0213,0.0308,0.0178,0.0281,0.0967,0.0937,0.5713,0.1402
26.42201259015846,23.772112148498138,0.9432065796296955,0.0678,0.069,0.0057,0.0496,0.0373,0.0175,0.2728,0.4802
26.5876636491287,21.196887123010512,1.065612300431058,0.0065,0.2709,0.1674,0.2441,0.0307,0.0793,0.1418,0.0593
29.193846974233434,26.81728689785721,0.9394629318839302,0.396,0.0677,0.158,0.0341,0.0431,0.1483,0.0194,0.1334
29.378474193384445,26.613088130365377,0.9536087683273314,0.1884,0.1901,0.1397,0.0639,0.0232,0.0153,0.2659,0.1136
24.865523408143403,18.889182189600945,1.1046282045831763,0.0808,0.1654,0.065,0.0453,0.2718,0.0099,0.1077,0.2542
24.354429833180895,28.622668923975876,0.7111296953908772,0.6585,0.0296,0.0316,0.0512,0.0962,0.0018,0.0793,0.0518
25.966359932172324,18.371335365852786,1.1956866223781255,0.0046,0.2339,0.0546,0.0281,0.1552,0.2212,0.0778,0.2246
24.920640914948745,22.51376055743391,0.9292379592284894,0.192,0.0132,0.007,0.0934,0.1716,0.3604,0.0997,0.0627
29.91188374196932,27.662175762080153,0.9367261622814874,0.143,0.0836,0.2644,0.1609,0.1602,0.0007,0.0795,0.1076
33.671798412450386,31.341049106574342,0.9467391570573238,0.0542,0.0471,0.3162,0.0722,0.1496,0.066,0.097,0.1977
26.299720720538023,19.543396417167568,1.1410360944707238,0.1486,0.2056,0.0889,0.0831,0.0631,0.1287,0.0776,0.2044
29.939891350429836,25.921355745812562,1.0007150708010428,0.0861,0.0875,0.2299,0.1877,0.0676,0.2455,0.0585,0.0372
26.492900565023486,23.746578568528815,0.9472059522222364,0.3412,0.052,0.0821,0.0577,0.1309,0.2006,0.0421,0.0933
33.28718833690769,29.721378574160994,0.9853913156763605,0.025,0.1661,0.2376,0.0357,0.0413,0.1144,0.2427,0.1371
27.72751017896428,23.294631754030252,1.0185827545807473,0.2299,0.0802,0.1361,0.1107,0.0849,0.2367,0.0317,0.0898
29.388151795318517,24.96201488771257,1.0170714146883917,0.0734,0.2831,0.1381,0.0361,0.0204,0.3729,0.0699,0.0061
26.89771254510429,22.600392089233925,1.0131555441470415,0.1952,0.068,0.1318,0.1668,0.1193,0.2019,0.0863,0.0306
29.08229465561299,30.889650282031226,0.8119967182083501,0.56,0.0515,0.1522,0.0179,0.0737,0.0106,0.1227,0.0114
29.477584185321305,29.888961554584544,0.8524078074373048,0.0191,0.0646,0.2427,0.2451,0.1737,0.0028,0.2515,0.0005
30.95402838497881,26.384992597192753,1.0215666457244563,0.0252,0.0372,0.1239,0.0802,0.0073,0.2776,0.2754,0.1733
27.700819998747804,22.17307009117494,1.0689011445546694,0.0129,0.3264,0.2159,0.2,0.0111,0.0971,0.0175,0.1193
24.253933639713647,20.15797665065668,1.0047602490428442,0.2005,0.232,0.005,0.0458,0.0956,0.2055,0.0878,0.1277
20.906173838143534,18.084472392800834,0.9348447370172456,0.1113,0.0783,0.0013,0.2129,0.3118,0.0557,0.1431,0.0856
28.925392182785796,22.67650789853333,1.0991724252391577,0.0787,0.0453,0.1405,0.0193,0.2163,0.284,0.0157,0.2001
27.835001515536927,25.9157350750666,0.9197115747053791,0.0425,0.0157,0.2199,0.2103,0.3148,0.0737,0.1141,0.009
29.64513600145097,25.95150406601514,0.9881945931232028,0.0873,0.3044,0.1457,0.0385,0.0386,0.0885,0.2586,0.0385
21.349169563621768,16.74975776003596,1.0357862968631089,0.0425,0.1655,0.0749,0.3268,0.2114,0.0219,0.1131,0.0439
27.382462817650534,26.47033263962118,0.8833460136670637,0.3351,0.0698,0.1371,0.1686,0.0511,0.0248,0.1986,0.015
21.80061880950995,18.849936749272146,0.944333079006076,0.0032,0.0645,0.0461,0.2565,0.3583,0.0909,0.1602,0.0203
19.942030276763276,18.29729437679861,0.8712780123917192,0.0039,0.0068,0.0198,0.3,0.4084,0.0451,0.1354,0.0805
28.4693555673281,24.500037560129023,0.9987476756831242,0.062,0.0621,0.081,0.0563,0.1676,0.3275,0.215,0.0285
23.889519410918624,25.826627482253706,0.7701167883644638,0.5703,0.0689,0.0594,0.1505,0.0398,0.0097,0.0624,0.0391
25.09594029853957,21.78709016506905,0.9682770915577524,0.0636,0.045,0.0076,0.1173,0.192,0.2849,0.218,0.0716
29.667260310165865,21.88985952154819,1.1725639575210265,0.0373,0.1749,0.1391,0.0016,0.0253,0.1864,0.0409,0.3944
28.716260178824665,23.37071059406958,1.0575741836919808,0.213,0.1484,0.1509,0.0723,0.037,0.1764,0.0556,0.1464
25.614803224154382,21.805374765188205,0.9912603409441021,0.2208,0.0928,0.1071,0.028,0.3493,0.1034,0.0092,0.0894
24.252032680356926,19.473584415409782,1.039974575216422,0.0828,0.2033,0.0164,0.0246,0.2841,0.2005,0.122,0.0662
29.253268122165586,25.024487275170497,1.0091422790996438,0.1478,0.0323,0.0729,0.0175,0.0512,0.1551,0.2518,0.2714
28.486662681387948,22.64408946457772,1.081371044735209,0.0543,0.4532,0.1592,0.0081,0.051,0.174,0.0516,0.0487
24.373396484034853,20.94496395301211,0.972710983401093,0.3055,0.098,0.0375,0.0431,0.1325,0.0155,0.0258,0.342
23.73226598342978,23.252251149772242,0.8486174459552513,0.3829,0.0814,0.0049,0.0949,0.1279,0.1478,0.1176,0.0425
27.51519045327085,26.277227236289498,0.8948885756407279,0.0934,0.01,0.2676,0.3413,0.1543,0.0492,0.0257,0.0584
27.077869363004126,25.912176178509178,0.8906187270424726,0.3729,0.029,0.0746,0.0676,0.1038,0.1445,0.1672,0.0405
33.309768821389945,29.182780461284764,1.0043514825557371,0.0962,0.2041,0.2942,0.0109,0.0536,0.083,0.0371,0.2209
27.509071360252474,20.73284277869162,1.1339048682901385,0.0528,0.0488,0.0765,0.0427,0.089,0.2676,0.0199,0.4026
29.011945630102147,23.784855398924996,1.0515912420149762,0.1762,0.1595,0.1631,0.0911,0.0444,0.0997,0.1297,0.1363
27.261883914220274,21.798603672538764,1.0671272464816133,0.0583,0.14,0.1045,0.045,0.2203,0.0361,0.1847,0.211
35.335161187961326,34.70815049984771,0.9028185235078665,0.0844,0.0602,0.3026,0.0418,0.091,0.1466,0.2358,0.0376
31.55780480437028,28.41622473377654,0.9697912042346037,0.2367,0.142,0.1891,0.0061,0.0514,0.2133,0.1409,0.0207
25.528998858797593,22.451245773098933,0.958922238720206,0.2739,0.1257,0.1587,0.2748,0.0152,0.04,0.0681,0.0437
24.796983688828337,19.404552270600373,1.071757977139087,0.1351,0.0546,0.0803,0.2272,0.038,0.0176,0.1316,0.3156
27.295555654622248,21.947853197634924,1.061404750836066,0.0094,0.3356,0.094,0.1004,0.0041,0.2826,0.154,0.0199
15.823068001058562,16.33851098252543,0.7236319156441929,0.0111,0.095,0.0343,0.6998,0.0053,0.0738,0.0405,0.0403
26.087890394711945,19.479569459159823,1.1339003380449775,0.0716,0.0923,0.1397,0.2594,0.0172,0.1309,0.0668,0.222
28.72843066192744,22.85506862247935,1.081967027550533,0.1778,0.0179,0.1443,0.059,0.1036,0.1336,0.0346,0.3291
24.690251170272052,20.668810658839863,1.0010373364866556,0.1169,0.1165,0.0621,0.0117,0.418,0.077,0.1001,0.0976
20.971660126314717,19.344719882772186,0.8773277788027914,0.013,0.0666,0.0222,0.1946,0.4692,0.0418,0.1468,0.0458
25.36267059566563,19.944430565278505,1.0711095774705224,0.1116,0.0078,0.0415,0.1135,0.0637,0.1767,0.0294,0.4558
19.673840630228995,14.21897968311642,1.1023182379844083,0.0847,0.3577,0.015,0.2591,0.0995,0.0003,0.0468,0.1369
27.956159957629794,22.820151587991823,1.0497809300371057,0.0194,0.0599,0.1791,0.0798,0.3277,0.0669,0.0636,0.2036
31.054205773777397,28.471296862167023,0.9502273782873352,0.2919,0.0086,0.2322,0.0694,0.1044,0.1049,0.0514,0.1371
30.695285576099856,23.599134860091,1.1311976364542426,0.0355,0.024,0.1602,0.0088,0.0916,0.2538,0.0255,0.4005
22.28410186178028,16.345791843644207,1.118581591927573,0.0883,0.0934,0.0449,0.2882,0.0369,0.0999,0.0381,0.3104
35.882010476139406,35.93236048933258,0.8872784877465643,0.1397,0.0668,0.2638,0.0002,0.0154,0.1738,0.3152,0.025
28.315518894797577,24.32589345418393,0.999573517848136,0.2319,0.0058,0.1144,0.0789,0.1271,0.2405,0.1153,0.0861
28.108579036199266,24.84894744820326,0.9702052405419881,0.2439,0.2136,0.193,0.0466,0.2092,0.0295,0.0381,0.026
25.174482044332454,17.863615652134275,1.1853413360806722,0.0376,0.2033,0.1062,0.1512,0.1652,0.1157,0.0693,0.1515
18.926154325226747,15.33416290074909,0.9733921846165848,0.1177,0.295,0.0283,0.3896,0.0088,0.0852,0.0023,0.0732
30.3704545704501,29.257732966735304,0.901315717127916,0.2342,0.036,0.2324,0.1585,0.0799,0.0025,0.1803,0.0762
28.501009886525107,22.448939978411794,1.091410548118829,0.0547,0.0956,0.1747,0.1637,0.0918,0.1263,0.1185,0.1748
23.526368994842922,19.445619507252026,1.004152579842508,0.2323,0.223,0.0482,0.2034,0.0094,0.0562,0.1432,0.0844
29.373473545136402,22.703586177383148,1.117597605369188,0.1142,0.0717,0.1589,0.0895,0.0239,0.2071,0.0384,0.2962
29.640160889966584,29.91765623992797,0.8570243833388038,0.1152,0.036,0.0888,0.0959,0.0427,0.1413,0.3977,0.0825
29.42986116146653,24.182987767307704,1.051559939828628,0.0562,0.1815,0.1713,0.0767,0.1082,0.053,0.19,0.1632
28.059711109522244,23.313138015572466,1.0320237066949585,0.0313,0.1816,0.2035,0.131,0.2329,0.0894,0.0794,0.0509
32.928428141402826,30.392379699649396,0.9518316244823878,0.0162,0.2906,0.3107,0.0583,0.1007,0.1286,0.0811,0.0138
29.777485583604594,23.011462311511448,1.1202019773732264,0.0262,0.1643,0.1424,0.013,0.1014,0.3343,0.0515,0.1669
18.61923773790979,15.757218558812339,0.927780349263092,0.1073,0.1257,0.0087,0.4685,0.0158,0.1377,0.0601,0.0762
29.394791275236372,33.34124228637055,0.7616630195455381,0.0127,0.2308,0.0989,0.0943,0.0399,0.0018,0.5043,0.0175
22.845222335622033,18.9815454781464,0.9928181220711813,0.0883,0.1058,0.1013,0.396,0.0152,0.2599,0.0199,0.0135
26.48324642690165,21.39564354028433,1.0508329129978986,0.0032,0.1191,0.0359,0.0926,0.1177,0.2122,0.2448,0.1746
32.009184283853834,29.022757530091486,0.9650766042755672,0.0245,0.0274,0.2494,0.1469,0.1154,0.195,0.1824,0.059
19.007274939977716,15.394284246258705,0.9748601948560847,0.0453,0.2013,0.0407,0.4346,0.1222,0.0085,0.114,0.0335
34.757376866715376,37.078614666299984,0.8295179618636114,0.1073,0.0089,0.3581,0.2062,0.011,0.0299,0.2314,0.0472
27.00466154278801,21.21212913531227,1.08450506764508,0.0681,0.4288,0.1311,0.0054,0.1357,0.1761,0.0232,0.0315
30.74166006569199,24.47953349914887,1.0924088919677237,0.0873,0.1248,0.1564,0.0411,0.0115,0.1653,0.1732,0.2405
30.2421122558573,27.498984501542218,0.9542938669020877,0.0355,0.0196,0.2174,0.0406,0.3335,0.0006,0.1474,0.2054
27.121156238343104,27.44749974462799,0.8423775008092809,0.0333,0.0762,0.1459,0.2839,0.0947,0.0324,0.3328,0.0008
25.162685062990676,20.386960637865066,1.03805002809908,0.2351,0.0581,0.0775,0.1381,0.1233,0.1764,0.0323,0.1591
32.28282944111511,27.402641851266917,1.0321205376702576,0.0573,0.0954,0.2108,0.0384,0.0824,0.3398,0.1025,0.0734
37.17036045447585,38.11998703487883,0.8701566562477002,0.0491,0.0249,0.4069,0.0571,0.1133,0.0544,0.1239,0.1703
31.669067403514717,41.31021336733932,0.6697875694195866,0.0525,0.0533,0.0634,0.0094,0.0513,0.0166,0.6606,0.0928
25.043776099302146,24.386222725540854,0.8629370910018793,0.4113,0.118,0.0728,0.1724,0.0037,0.0214,0.165,0.0354
25.872844864076406,22.918128276830117,0.9543905418397332,0.3676,0.0636,0.063,0.0266,0.1183,0.0508,0.0498,0.2603
27.060305080137464,21.925985003495782,1.0517340532916004,0.1333,0.1603,0.0898,0.097,0.0942,0.2176,0.1524,0.0553
27.991805225348077,25.15245188663898,0.9538555260329337,0.3325,0.2013,0.1533,0.0786,0.0207,0.1549,0.027,0.0315
23.89032150269366,21.572029768842103,0.9220421868424525,0.3718,0.1033,0.0882,0.1768,0.1085,0.0647,0.0099,0.0767
23.784963679233588,19.240198271611703,1.028313918595406,0.0501,0.0422,0.0473,0.1317,0.3528,0.1335,0.1298,0.1125
26.0930169428228,26.78639267084658,0.8247850770465298,0.0695,0.0352,0.0846,0.2373,0.1384,0.049,0.3563,0.0296
20.69730310727155,16.766974740826004,0.9958447105317806,0.0227,0.0796,0.1057,0.5048,0.0119,0.0044,0.0308,0.2401
24.473335458914253,21.215757458192783,0.9650061045078627,0.0176,0.0982,0.099,0.0609,0.5152,0.0553,0.0861,0.0678
25.95061933904556,21.22841050595081,1.0340208624141831,0.1526,0.0258,0.0817,0.1721,0.1312,0.244,0.1211,0.0715
30.848875610378002,26.228183842566537,1.0236650685208377,0.1439,0.0455,0.2232,0.0992,0.0891,0.1148,0.0924,0.1919
26.978427746024998,24.008545019569482,0.9570937233928656,0.2868,0.2022,0.071,0.0341,0.0458,0.2323,0.1041,0.0237
25.48061837001796,22.457455318184888,0.956502776724844,0.3043,0.0726,0.1133,0.195,0.0832,0.0274,0.1163,0.0878
35.92787301171178,34.44647464368121,0.9268836170312877,0.119,0.0259,0.2874,0.0297,0.0108,0.1918,0.2388,0.0967
28.76712065111768,25.372754813951627,0.9761305318529728,0.0316,0.0146,0.1884,0.256,0.037,0.4407,0.018,0.0137
27.659043646949417,20.57247298951476,1.1500340119055106,0.1347,0.219,0.099,0.007,0.0714,0.1446,0.0655,0.2589
34.38084961892758,36.9513882010284,0.8221842560730113,0.4375,0.0593,0.3474,0.0374,0.0439,0.0222,0.0261,0.0262
32.115484432306154,30.07583857137516,0.9348196348900879,0.0196,0.0419,0.2605,0.0425,0.3134,0.1443,0.1502,0.0276
27.04443622408294,21.09581235288167,1.0923701746396646,0.0324,0.0134,0.1218,0.0322,0.3553,0.1958,0.0027,0.2464
29.180056648740386,26.458389132789602,0.9516851733628414,0.0686,0.0813,0.2391,0.1698,0.2253,0.0621,0.1107,0.0431
23.66851962612239,19.231786367167754,1.0227089283656052,0.2818,0.2651,0.0875,0.1809,0.0079,0.0231,0.0147,0.1389
24.009893371522708,20.386060165246636,0.9815478424631944,0.0206,0.032,0.0737,0.0727,0.5128,0.1392,0.0588,0.0901
29.714476265135055,24.975814421068783,1.0295750853851302,0.0183,0.1486,0.1973,0.1248,0.1052,0.049,0.1895,0.1672
29.312021925436436,24.273604852111543,1.0427796810424952,0.0492,0.0532,0.0663,0.0421,0.0444,0.3372,0.2294,0.1782
32.16879456505819,34.8762689531778,0.8076779830685288,0.0023,0.0023,0.3953,0.2793,0.1949,0.003,0.0359,0.087
34.007351396720686,32.86996365065896,0.9129110003174316,0.0346,0.1274,0.3251,0.1263,0.0654,0.1395,0.1588,0.0228
22.99075699127927,17.438062663740737,1.0890405291848775,0.0282,0.2634,0.0377,0.1969,0.1372,0.1153,0.1645,0.0568
24.271580055700667,19.533305733778196,1.037795667153553,0.1884,0.0406,0.0589,0.2146,0.0674,0.0473,0.1371,0.2456
25.08085125065922,20.201913420532428,1.0435076525589637,0.2543,0.3221,0.0719,0.0391,0.0941,0.0123,0.0899,0.1163
27.87860212465736,23.301721311165114,1.0247570042482583,0.1461,0.0551,0.1702,0.1288,0.1899,0.0432,0.1062,0.1607
21.511043162544254,21.56312388229705,0.8120828530285686,0.435,0.0777,0.0208,0.2637,0.0205,0.0068,0.0912,0.0843
29.986347677955095,25.107490673344746,1.0350037770020317,0.1245,0.0973,0.131,0.011,0.1192,0.1448,0.2107,0.1614
26.24496833720642,22.618101711021854,0.9835028872633637,0.2093,0.3618,0.0606,0.0121,0.0294,0.2285,0.0844,0.0139
31.2431038974063,31.188428494011017,0.8735003721857189,0.0063,0.0452,0.3258,0.264,0.1211,0.0034,0.1252,0.1091
24.446671662875772,20.96540410854508,0.9752576939140476,0.2784,0.0668,0.086,0.1717,0.1499,0.1652,0.0199,0.0621
25.244684694054826,20.211596656832587,1.0511136282186295,0.04,0.0341,0.0212,0.0468,0.3017,0.2571,0.1359,0.1633
25.045554321543257,18.993895019936108,1.1080167758879216,0.1091,0.2565,0.0228,0.0601,0.0499,0.1914,0.1115,0.1987
25.2626088186262,19.263129608306496,1.1037982535017314,0.0723,0.1218,0.0486,0.0639,0.2284,0.265,0.0638,0.1362
31.23425414233891,29.17066565783856,0.9336178495817319,0.037,0.1055,0.2476,0.1707,0.0833,0.0842,0.2218,0.0499
25.65742059384839,25.122414057351584,0.8620756167941102,0.0846,0.2169,0.0342,0.1002,0.1344,0.0487,0.3472,0.0338
24.368888421295498,21.421614953104786,0.9508568082231956,0.2986,0.015,0.1085,0.2076,0.1797,0.0928,0.0251,0.0727
28.374131591086428,25.425236608361523,0.9586589877818709,0.0413,0.0483,0.1123,0.0192,0.3215,0.0817,0.2481,0.1276
20.869647286811382,15.211453098226638,1.1090095849408403,0.0726,0.1994,0.0519,0.3175,0.1237,0.1174,0.0254,0.0921
21.749287926884975,19.701357219023603,0.9009170144758498,0.006,0.049,0.0314,0.4442,0.0236,0.2186,0.2233,0.004
27.127495181510525,19.456140918735425,1.188698996276273,0.0012,0.0703,0.0793,0.0851,0.0953,0.2305,0.0733,0.365
29.531616072790218,31.35368775892296,0.8143098275744028,0.0721,0.0568,0.0841,0.0122,0.2257,0.1027,0.4191,0.0274
27.43701049337311,22.7838865447282,1.0286660463904052,0.0321,0.1294,0.0972,0.0681,0.207,0.0849,0.2349,0.1464
21.910452845280897,17.132662105957113,1.0453981252016487,0.1281,0.33,0.0013,0.0197,0.2883,0.0566,0.038,0.138
27.23064108403021,23.54370102688672,0.9867030275954066,0.0388,0.0626,0.1794,0.0542,0.4421,0.0441,0.0348,0.144
22.914009769119684,19.7987639381281,0.9553126562964583,0.2308,0.2198,0.022,0.1871,0.0563,0.1426,0.1299,0.0116
29.68953867343385,27.85688400447003,0.9221971369558636,0.1282,0.0241,0.055,0.0291,0.0447,0.2827,0.3264,0.1098
27.70327069490583,25.254166531315192,0.9385885162954695,0.0083,0.0851,0.0645,0.0307,0.2619,0.1447,0.3068,0.098
31.059757161047447,29.456702829214294,0.91862817498401,0.1212,0.0465,0.3053,0.1655,0.1682,0.0629,0.021,0.1095
27.384875879677097,25.548405358307484,0.9153164572000623,0.3365,0.0008,0.181,0.2473,0.0164,0.0864,0.0725,0.0591
33.080008652334506,28.992378170664807,1.0030225351350572,0.0066,0.2586,0.2685,0.0082,0.0725,0.313,0.0226,0.05
30.91333205739132,29.755994251714167,0.9044675781869029,0.4071,0.0473,0.2154,0.0068,0.1083,0.105,0.0311,0.0789
25.3361083656675,18.55117141898436,1.1501218917007672,0.0247,0.0264,0.0674,0.2141,0.03,0.1529,0.104,0.3806
24.245700169457667,19.495592071843458,1.0384757792864139,0.0724,0.1385,0.0728,0.2335,0.1219,0.0747,0.1949,0.0913
24.32379834067645,22.313827194356723,0.9108163365994175,0.3428,0.0579,0.1186,0.2763,0.0478,0.1066,0.0361,0.014
25.097015898066587,18.884315430688126,1.1171713359427735,0.0052,0.0611,0.0862,0.2649,0.0149,0.0672,0.1521,0.3484
22.99248591513546,19.190064870361773,0.9897041017546812,0.0126,0.556,0.012,0.056,0.0289,0.2189,0.0303,0.0854
23.588996675033474,18.85999274437886,1.0386534576410105,0.1372,0.2375,0.0099,0.0438,0.2001,0.0065,0.1588,0.2062
36.085276337390546,34.8248886774838,0.9213317703477811,0.0977,0.0161,0.3072,0.0469,0.0084,0.1195,0.2374,0.1669
25.179848526593368,19.893367805085322,1.0646688250130871,0.1152,0.0484,0.0886,0.2537,0.0506,0.1072,0.1623,0.1739
24.287403860514075,20.33881607053248,0.997472212254631,0.1164,0.0058,0.1183,0.1655,0.3483,0.0013,0.0334,0.2111
22.250624716916263,18.64109090514119,0.9790534690157411,0.1742,0.1,0.0211,0.1855,0.2004,0.2366,0.024,0.0582
29.02546265306814,29.92742901206021,0.8362048956154349,0.1989,0.0167,0.3137,0.3559,0.0434,0.0075,0.0236,0.0404
25.03482786532513,22.959469335540415,0.9161722145190869,0.275,0.1514,0.0553,0.0151,0.2871,0.0183,0.157,0.0408
21.084488752958272,18.105020069271337,0.943632687928076,0.0312,0.1764,0.0183,0.3438,0.0783,0.0163,0.2281,0.1077
28.90520033905471,31.767468973293738,0.7839844074449872,0.641,0.0317,0.1515,0.0262,0.0091,0.0956,0.0229,0.022
28.390795939363034,23.264573577854783,1.048409327501291,0.0754,0.1122,0.1701,0.2123,0.0163,0.1541,0.1584,0.1012
22.89177233790852,16.392899721768746,1.1524362778124866,0.0439,0.4156,0.0429,0.113,0.0134,0.0108,0.0071,0.3534
21.33497686516568,20.965825305012736,0.8268206289509168,0.349,0.0428,0.028,0.1219,0.3588,0.0004,0.0082,0.091
29.748529807214485,23.610160695956786,1.0905698668804018,0.0039,0.0538,0.0919,0.0454,0.0097,0.1683,0.2333,0.3937
29.206190225772726,24.112954766238605,1.045338096062155,0.0797,0.0417,0.1637,0.1213,0.1107,0.3645,0.0334,0.085
25.480576719743116,18.56446213805555,1.1570804777429982,0.106,0.3424,0.0956,0.1096,0.038,0.0339,0.1091,0.1655
27.279790611639886,24.05409824277043,0.9678097418861559,0.3577,0.0963,0.1013,0.0561,0.0438,0.0174,0.1153,0.2121
23.707478884566356,19.358204752294856,1.0180426923230106,0.1214,0.0715,0.034,0.0424,0.3344,0.0125,0.0695,0.3143
29.369248637140444,24.243900057501765,1.0464178031162303,0.0634,0.1061,0.1566,0.1086,0.0481,0.397,0.0257,0.0945
28.235630955681128,27.637564638615324,0.8769090646221049,0.1865,0.043,0.1126,0.1199,0.1234,0.0451,0.3091,0.0604
25.925390166653255,23.40467158507066,0.9367954635449357,0.0501,0.0115,0.0147,0.0851,0.2458,0.3461,0.2242,0.0225
32.215583502592736,30.770540556666433,0.9169674302806435,0.0374,0.0924,0.2714,0.007,0.3439,0.0902,0.142,0.0158
31.672828066721227,28.035945397496224,0.9870481510208882,0.1686,0.2102,0.2398,0.0383,0.0594,0.1727,0.0783,0.0328
21.13380947022184,16.317827922781643,1.050005524712084,0.1874,0.3025,0.0233,0.243,0.0158,0.0102,0.0804,0.1374
20.142767012133895,17.520991106776325,0.9213386910453143,0.0905,0.023,0.0065,0.3817,0.1155,0.2945,0.0254,0.0628
26.82330916688772,25.99457009942337,0.8780029475230292,0.4878,0.1237,0.119,0.0843,0.0065,0.0109,0.0639,0.1039
23.83752180847685,18.694801755260286,1.0611250158293348,0.0249,0.1864,0.0198,0.0119,0.3452,0.2612,0.0239,0.1267
31.679521963569655,29.63150673415361,0.9341246873438915,0.0243,0.1596,0.3033,0.0078,0.3424,0.046,0.008,0.1086
26.623086799476432,20.366833378776533,1.1107807668840188,0.0448,0.0445,0.0631,0.0357,0.2378,0.1388,0.1377,0.2976
25.101854271881187,22.23610546575076,0.9489905642147358,0.0404,0.1147,0.1179,0.0304,0.5406,0.0816,0.0581,0.0162
22.33961141810248,16.42024363807074,1.1168903350241184,0.0068,0.4122,0.0001,0.0813,0.1506,0.0224,0.149,0.1777
27.503465417910633,21.458166001229753,1.0953156675441724,0.1223,0.1226,0.1578,0.1723,0.0606,0.1627,0.0608,0.141
23.89635132462523,20.63402294277089,0.9642497432424293,0.1763,0.1155,0.0272,0.0535,0.3089,0.2462,0.0509,0.0213
24.704844576305163,18.498896095707842,1.1192475739733003,0.0976,0.1533,0.0222,0.0885,0.0818,0.2164,0.0659,0.2744
34.43108642342763,31.415046310172972,0.9686787064698132,0.0205,0.0486,0.2885,0.0308,0.157,0.2228,0.1451,0.0867
28.325135501375815,25.102731173762976,0.9690234633433077,0.1524,0.1685,0.0927,0.0166,0.1208,0.0364,0.2698,0.1427
25.714296134669905,22.21039831727063,0.9776635170826738,0.3252,0.0052,0.0701,0.124,0.0106,0.1063,0.0231,0.3355
27.40672012792848,22.77452703462344,1.0277587803401553,0.0669,0.0375,0.0144,0.0581,0.0316,0.3818,0.1758,0.2339
26.022873106607307,26.131371815729537,0.8427752382043274,0.4625,0.1422,0.0543,0.0015,0.0819,0.1967,0.0276,0.0334
27.577550562341763,21.085235844357136,1.118201889529807,0.0298,0.2544,0.0963,0.0951,0.0171,0.2586,0.1419,0.1069
29.588443245550295,24.73798843157715,1.0343784950957278,0.0093,0.4321,0.2327,0.065,0.0751,0.0141,0.0975,0.0742
21.46058765342011,17.421340252189925,1.002252834779761,0.0446,0.0341,0.0895,0.2928,0.3548,0.0739,0.0082,0.102
24.644492711414713,19.37533137447027,1.0655039809340623,0.0533,0.1345,0.0008,0.1223,0.0223,0.3149,0.086,0.266
30.758149761848003,26.87799085260189,0.9955412928216588,0.1935,0.1002,0.1664,0.0046,0.125,0.2401,0.1349,0.0353
23.04459470442025,24.95255266665154,0.7632323217124344,0.5128,0.0581,0.0285,0.172,0.036,0.1588,0.0174,0.0164
24.633203725578124,20.966589805634133,0.9840991747753647,0.0429,0.0484,0.0807,0.0442,0.5033,0.1274,0.0695,0.0836
35.96209348978614,35.48088865623853,0.9008256190946987,0.0334,0.0459,0.3564,0.108,0.042,0.1368,0.1764,0.101
29.485522929397913,28.945813930063537,0.8804562549518874,0.0397,0.0056,0.3153,0.324,0.1415,0.0967,0.0084,0.0687
26.184755354869754,27.769073384464804,0.7989015350897825,0.1621,0.0224,0.0831,0.2339,0.0996,0.0244,0.3589,0.0156
31.26326983595283,31.145449302885847,0.875353236064143,0.0204,0.0906,0.3468,0.2127,0.1938,0.0504,0.0153,0.07
29.686515245463863,24.365205735029633,1.0542293598832453,0.0261,0.1909,0.1399,0.0418,0.0664,0.0439,0.2439,0.247
26.51778852607477,28.463767254061107,0.7911035923349891,0.6057,0.0264,0.1119,0.1046,0.0067,0.0009,0.0592,0.0847
28.291595477291242,25.92445381979741,0.9370147446940917,0.1577,0.176,0.1214,0.0005,0.2484,0.0449,0.2355,0.0156
26.29953737329176,23.568142882031452,0.9461728692375295,0.3089,0.0444,0.0724,0.0012,0.2492,0.2056,0.0294,0.0889
22.72508780597693,15.694263049851958,1.1931167297564544,0.0157,0.4587,0.0477,0.0964,0.1192,0.0637,0.0258,0.1728
27.335954761000252,22.344301237527905,1.0443806012517785,0.1429,0.2952,0.0736,0.0385,0.0133,0.2001,0.1676,0.0688
29.31130352448104,24.68283931650759,1.0254615848652853,0.0318,0.053,0.0906,0.0562,0.0313,0.0791,0.274,0.384
38.556401883514724,44.15848178998854,0.7825541205845812,0.2333,0.007,0.4962,0.1211,0.0199,0.0811,0.0175,0.0239
24.43837734481927,21.35840199985521,0.9569244620902734,0.013,0.0459,0.0782,0.3203,0.106,0.1509,0.2452,0.0405
28.907764873675358,22.699596894777972,1.0972778498725397,0.0913,0.1023,0.1378,0.1092,0.0177,0.095,0.1703,0.2765
24.374237179699815,23.282042454764703,0.8751052326824615,0.0323,0.022,0.0567,0.2118,0.2863,0.1024,0.2746,0.0139
26.486755753428238,22.300160855017985,1.008367423877495,0.2945,0.0083,0.108,0.1485,0.0095,0.1278,0.0072,0.2961
24.053625641443634,20.948835362113037,0.9572668501520407,0.0907,0.0438,0.1775,0.4066,0.1151,0.0162,0.0668,0.0833
26.881438418482993,23.930844906416826,0.956148372861986,0.1788,0.1315,0.0238,0.019,0.1029,0.3107,0.184,0.0493
26.089591639330408,23.109530197394996,0.9558650241111538,0.3673,0.1226,0.1167,0.0793,0.1185,0.0602,0.0101,0.1253
25.23337352059735,21.317813642900223,0.996038987688074,0.1035,0.004,0.0092,0.0271,0.3057,0.2384,0.1492,0.1628
30.405715616090458,27.80497347555333,0.9496759865391303,0.048,0.0353,0.1465,0.0088,0.2639,0.138,0.2715,0.0881
27.46619846087725,22.14638400600348,1.059595031609494,0.0505,0.1398,0.1747,0.0955,0.2763,0.0461,0.0777,0.1394
27.731966078066073,21.609468901997275,1.0982207006426068,0.1004,0.0982,0.1008,0.0319,0.2049,0.201,0.1184,0.1444
20.005638918480983,19.865935083980197,0.8056826346617764,0.1589,0.0119,0.011,0.2473,0.4152,0.0172,0.1332,0.0053
21.542770294416922,17.873769683587607,0.9814812770316369,0.1355,0.0685,0.0483,0.2135,0.3423,0.0552,0.0665,0.0701
30.940672162891698,27.048291932469503,0.9960211990521807,0.1646,0.1874,0.1862,0.0019,0.0787,0.3212,0.0458,0.0142
27.789045048135247,20.937443645719565,1.1361962544552884,0.0244,0.0636,0.1373,0.1168,0.1123,0.068,0.0926,0.385
23.20613507489359,21.041538515024694,0.9127723745665967,0.0117,0.1056,0.0288,0.1026,0.4313,0.0794,0.2022,0.0385
24.26082432298457,22.83337397058613,0.8873337925916899,0.2349,0.0473,0.0253,0.1267,0.1619,0.3718,0.0276,0.0044
31.8190693574928,29.307831070874407,0.9492025967468773,0.0288,0.0918,0.3082,0.2339,0.0005,0.2319,0.0241,0.0809
22.076812497315697,17.70213721028327,1.0211655396510417,0.0937,0.1891,0.0323,0.1445,0.3077,0.1908,0.0352,0.0067
28.5980474976294,22.737392512918262,1.0818323817761426,0.1394,0.0579,0.1745,0.1717,0.0178,0.1414,0.0676,0.2296
28.11684735085577,24.731758361219068,0.9751367856105405,0.1302,0.0313,0.2368,0.2507,0.122,0.0974,0.0124,0.1192
22.04660258840286,19.11536564186351,0.9440887988498629,0.005,0.0907,0.1662,0.5254,0.0308,0.0031,0.0323,0.1465
32.625033322823334,31.884832227365408,0.8977633352028641,0.1339,0.1351,0.3257,0.0226,0.2699,0.0781,0.0034,0.0313
24.574810928144355,19.818334658759483,1.0381705265558485,0.0155,0.1399,0.0142,0.1014,0.1137,0.3896,0.0187,0.2071
32.70806375015989,31.129765225096723,0.9222062403161183,0.2448,0.0019,0.2721,0.1056,0.0226,0.0164,0.1406,0.1959
33.31843544616918,37.63873371457014,0.7789431936925092,0.0887,0.0265,0.156,0.0642,0.0001,0.1105,0.517,0.0369
34.364662283567924,38.0838842253904,0.7973100144896434,0.0606,0.0133,0.4318,0.1724,0.2468,0.0586,0.0025,0.0141
22.939603881633637,16.40219184877814,1.1546995704140917,0.0201,0.2375,0.0858,0.1618,0.286,0.0544,0.0356,0.1188
26.227177964650476,21.421921662415794,1.037590292548193,0.2651,0.1168,0.0569,0.0129,0.082,0.1192,0.0376,0.3094
29.910858570704736,27.90559522220552,0.9285183979908983,0.0183,0.1093,0.2952,0.1951,0.215,0.0647,0.0309,0.0715
32.253446903693174,31.11652046943399,0.9079886336085284,0.3325,0.1126,0.2669,0.0229,0.0751,0.1429,0.0152,0.0318
17.910127777229675,14.894928250138435,0.9338835034066306,0.0274,0.1305,0.0083,0.4916,0.0356,0.1359,0.0163,0.1543
28.55688738481721,23.888684837771844,1.0279715083347254,0.1208,0.1502,0.1122,0.0006,0.1634,0.0178,0.2152,0.2198
25.020181528812714,18.960118083831244,1.1086524585908695,0.0825,0.2515,0.0162,0.0137,0.0937,0.2271,0.0492,0.2661
22.37486549194264,22.490392817623064,0.8170095400710132,0.3415,0.0752,0.0037,0.2277,0.0659,0.0262,0.2075,0.0522
43.5259703656912,49.77186970631145,0.7941427677706673,0.0131,0.0482,0.5691,0.0066,0.0482,0.2093,0.0857,0.0198
23.884985955333093,19.32157139086422,1.0291598728214864,0.0904,0.1747,0.0153,0.183,0.0412,0.2883,0.1219,0.0853
35.266033455697325,35.3931420696477,0.8833924208868225,0.1104,0.0085,0.364,0.0665,0.1746,0.1331,0.082,0.0609
23.489014655747205,18.33475936485517,1.062954482680834,0.141,0.1978,0.038,0.1399,0.1578,0.1897,0.0737,0.0621
22.23808738226396,19.188520731256833,0.950468649339671,0.1375,0.0629,0.0072,0.1342,0.3452,0.1481,0.113,0.0519
20.883840955843297,18.627421951380775,0.906397084895141,0.3346,0.1983,0.0147,0.195,0.1121,0.0031,0.0355,0.1068
29.024483692066696,25.013437625385194,1.0004416053021954,0.2182,0.1097,0.1998,0.1171,0.1002,0.1254,0.0504,0.0792
23.683458716575903,19.3491433673919,1.0172780439338418,0.0744,0.1808,0.0277,0.105,0.2349,0.3053,0.0514,0.0205
25.60892548902438,19.394650243542966,1.1141693826738954,0.011,0.4187,0.0472,0.0286,0.0816,0.162,0.1595,0.0913
23.845035864145494,18.304843944977048,1.0841412209685122,0.0117,0.095,0.0082,0.0493,0.3134,0.2516,0.0561,0.2147
29.22727953976898,28.111544864488568,0.8973992593212803,0.0055,0.0318,0.1477,0.1326,0.1798,0.0367,0.328,0.1378
25.6354067169106,24.51340303173842,0.882594990540417,0.3044,0.1669,0.0141,0.0332,0.0539,0.3074,0.1001,0.0201
19.703719847382693,17.46027564021334,0.8993970181785066,0.2252,0.0305,0.0125,0.3746,0.0914,0.151,0.0178,0.097
33.93020560642592,32.69598387536771,0.9154092355965026,0.1595,0.0604,0.334,0.0229,0.1886,0.1096,0.0072,0.118
27.907629719183536,23.822569667261593,1.0035705657748097,0.1555,0.1068,0.0829,0.0099,0.1812,0.0977,0.2195,0.1466
29.25506746900748,21.502318362490197,1.1745276506120281,0.0082,0.1362,0.1115,0.033,0.0153,0.2873,0.0672,0.3414
26.382224804144823,22.134569965064628,1.0111885995287495,0.2126,0.0798,0.0631,0.0213,0.1919,0.2781,0.0318,0.1214
28.812097257064256,29.39883565814434,0.8439823109181733,0.1214,0.0448,0.1531,0.1535,0.1609,0.0081,0.3307,0.0273
31.690012467974704,30.74986540349794,0.9004921519046662,0.3367,0.0225,0.2381,0.0045,0.1813,0.0582,0.0935,0.0652
24.197899235136184,17.13181340902628,1.1789703023787586,0.0092,0.2139,0.0456,0.0688,0.2101,0.0368,0.0917,0.3239
23.850425556082726,20.893514048121826,0.9500759666546915,0.0251,0.056,0.1264,0.1479,0.5043,0.1128,0.0058,0.0218
29.358410117809203,27.674878602682696,0.9162970678885312,0.3727,0.0232,0.1812,0.1314,0.0119,0.1331,0.0923,0.0542
21.910862712585455,18.728672784985122,0.9563337946159587,0.1812,0.1035,0.0214,0.2804,0.0965,0.0648,0.1717,0.0804
21.96170701921577,17.549717973274305,1.023475536562403,0.1885,0.056,0.0356,0.2669,0.1186,0.0402,0.0924,0.2019
30.08754572360996,26.04897885654527,1.0014805519739214,0.095,0.3212,0.2311,0.0495,0.1232,0.0648,0.0987,0.0165
24.61187891454848,20.030806612766682,1.029008931742741,0.1434,0.1042,0.0533,0.0405,0.3311,0.0641,0.1097,0.1536
31.404528363682843,29.730070847662756,0.9217781048724701,0.3206,0.005,0.2396,0.0012,0.1992,0.0656,0.0376,0.1311
37.02094682271605,35.59887871095869,0.9275839020331546,0.0663,0.0508,0.3471,0.0354,0.0208,0.3387,0.0949,0.0461
23.0886151017511,18.784852667186595,1.0161706051118047,0.0457,0.1308,0.0491,0.0239,0.4785,0.0596,0.0191,0.1933
28.625823983544375,22.349470965693953,1.1018526577807852,0.1076,0.0771,0.1016,0.0373,0.0218,0.31,0.0089,0.3357
22.878204649679063,23.788594960245327,0.7935821632688967,0.422,0.0384,0.0021,0.1427,0.1376,0.0165,0.1682,0.0725
19.917725641864767,15.381345382679005,1.0348721289224663,0.0779,0.2709,0.0038,0.1528,0.3272,0.0281,0.0333,0.1061
26.11488575181406,21.1494392090799,1.0456488010480993,0.1168,0.1786,0.098,0.1325,0.1377,0.0934,0.1783,0.0646
28.639841344048673,26.57754790576965,0.9270923499567721,0.031,0.0703,0.0053,0.0334,0.0025,0.3255,0.3434,0.1887
24.683465608714457,23.050020108589525,0.8973296123506124,0.2162,0.0841,0.0175,0.1081,0.1766,0.1442,0.2282,0.0251
26.30343656342278,20.437263201591875,1.0913122928164638,0.0221,0.1551,0.0666,0.1497,0.0532,0.144,0.2218,0.1875
24.791665674547982,26.939038323836613,0.7718043021658566,0.5868,0.1261,0.0597,0.0412,0.0813,0.0581,0.0131,0.0337
25.8460571147728,20.908897513678152,1.0448210911398643,0.1277,0.1514,0.0701,0.1144,0.1371,0.2487,0.1211,0.0296
19.38940730365452,16.747132472741548,0.9189279017588874,0.1227,0.0739,0.0328,0.4091,0.1782,0.0172,0.1187,0.0475
29.810772997740827,24.595116344808137,1.0494267494363494,0.0956,0.1632,0.188,0.0273,0.1839,0.2426,0.0408,0.0586
25.627804310965058,18.899843766223732,1.1443377299031705,0.0772,0.094,0.1197,0.17,0.1658,0.1618,0.0226,0.1888
26.457982388817282,19.618555502895624,1.1447316998187032,0.0502,0.1674,0.0562,0.0257,0.1751,0.163,0.1439,0.2186
23.827692640759874,20.439298567000836,0.9700769610935477,0.2199,0.2981,0.0403,0.0736,0.1711,0.0301,0.1576,0.0093
32.31559205999003,32.061904553691114,0.8831537756146871,0.1606,0.0717,0.2695,0.0712,0.1814,0.018,0.2017,0.0259
24.625046995792964,21.391880739010865,0.9641530470100518,0.0892,0.1285,0.0941,0.0042,0.5203,0.0901,0.0353,0.0383
26.230250855441767,22.66515047732026,0.9808119684749644,0.2149,0.1822,0.1771,0.2074,0.1084,0.056,0.0502,0.0036
24.812397972834045,25.6463394013016,0.8115153452183423,0.4072,0.1226,0.0,0.0082,0.1081,0.2793,0.0525,0.0221
28.500630768379832,26.833864237327397,0.9130489202631535,0.2648,0.0137,0.1368,0.0118,0.2921,0.0577,0.1676,0.0555
26.863294627448102,20.20742604849484,1.1314303252962337,0.0058,0.2271,0.1411,0.1042,0.182,0.2318,0.0223,0.0855
32.589940677070466,30.26960639782523,0.944509826170867,0.1357,0.1304,0.181,0.0159,0.0256,0.2089,0.2776,0.0249
28.57899149766029,31.635933804692236,0.7769327009406859,0.0872,0.013,0.087,0.1614,0.0806,0.0575,0.4533,0.0601
28.34621417142512,20.410881776670927,1.192805604275861,0.0147,0.1825,0.125,0.0896,0.0204,0.2008,0.093,0.2739
30.956763154917187,26.656958707667506,1.0112467611379632,0.1268,0.0537,0.2036,0.1078,0.0202,0.0399,0.1806,0.2675
34.10485323665619,35.19253686488226,0.8554328820408814,0.0455,0.0886,0.2687,0.0612,0.1043,0.0064,0.3417,0.0835
23.269515114624458,22.52400999317361,0.8555099700481619,0.2033,0.0049,0.0053,0.0664,0.4032,0.1058,0.1668,0.0442
35.861957464779145,33.850092268315365,0.9412664879085966,0.0858,0.0047,0.3212,0.0425,0.0408,0.0982,0.1703,0.2365
26.482196005546694,23.37076391833813,0.9619795092750814,0.3593,0.017,0.0923,0.0551,0.1286,0.085,0.0288,0.2338
28.963307759356837,24.280817565653514,1.0281082048352745,0.0958,0.138,0.2361,0.1871,0.0654,0.0478,0.0377,0.1921
27.10702900208609,26.282139230193653,0.8791913321705599,0.1725,0.0088,0.0108,0.0161,0.1137,0.0385,0.3174,0.3222
28.261717563878474,22.990783434238775,1.055280157515075,0.0745,0.3344,0.0948,0.0061,0.0144,0.3218,0.0885,0.0655
23.54010310274036,20.019786303429214,0.9760395444077897,0.0941,0.0121,0.146,0.4328,0.0757,0.1828,0.0373,0.0191
28.812200984917542,26.385006829946438,0.9403901672201276,0.0934,0.186,0.1349,0.0988,0.0905,0.0654,0.2918,0.0393
26.16273713543924,19.974753026933808,1.1095374799155298,0.0807,0.0914,0.1435,0.1525,0.1931,0.0395,0.0474,0.2518
22.365473970745672,17.61348236425491,1.0426940902962418,0.0602,0.3069,0.0007,0.1457,0.1368,0.0772,0.1818,0.0908
24.548227253356604,24.4589751400317,0.8401099038579738,0.0063,0.0703,0.0016,0.0351,0.3726,0.01,0.3054,0.1986
28.44858879285774,26.448055450432378,0.9244002395063813,0.2066,0.1014,0.1717,0.0481,0.281,0.0065,0.1599,0.0249
20.7500903105526,19.534416701151045,0.8574655986306271,0.1145,0.0011,0.0643,0.4851,0.0861,0.0318,0.1861,0.031
25.25593750532767,23.3874488653672,0.908860886353623,0.3146,0.0464,0.0694,0.0345,0.3108,0.1502,0.0587,0.0154
26.230203123565477,21.085411441129274,1.054293068249224,0.0489,0.0526,0.0347,0.086,0.0627,0.3982,0.0199,0.297
28.500284240138303,28.612565443818355,0.8562770887582715,0.0501,0.0426,0.0053,0.0507,0.0156,0.2076,0.4174,0.2107
25.28582127853293,21.659996176166967,0.9827250709284172,0.2767,0.0951,0.101,0.0909,0.2361,0.0882,0.041,0.071
29.989108689111877,26.326812391648662,0.9871726323144268,0.1165,0.1139,0.2379,0.1408,0.1024,0.0004,0.1172,0.1708
22.561491494498622,18.098755748123256,1.0255672684252533,0.053,0.0654,0.0268,0.1831,0.2999,0.0984,0.1428,0.1306
22.633301004487084,20.130954855380494,0.9256044305075212,0.361,0.2698,0.0653,0.1898,0.0218,0.0046,0.0301,0.0576
29.59577722763284,26.98516166242238,0.9485130216312806,0.0272,0.2715,0.2407,0.1838,0.0561,0.0106,0.1874,0.0225
28.132097816232427,25.500916671961793,0.9463227587722609,0.1413,0.1139,0.0678,0.0519,0.0913,0.145,0.294,0.0949
31.126483282132327,25.37022753693306,1.0692250687402223,0.1723,0.1883,0.2094,0.0015,0.0037,0.0917,0.0249,0.3081
24.453207961897434,19.633980627415998,1.0417249741673629,0.1214,0.0422,0.0388,0.036,0.3497,0.1699,0.0505,0.1914
28.218949220251176,31.31518224967013,0.7733932067569651,0.1265,0.0264,0.0279,0.0894,0.0573,0.1127,0.4637,0.0962
25.362851228331213,21.736686290593447,0.9828016535149605,0.215,0.0602,0.0988,0.0757,0.3212,0.0561,0.0818,0.0912
26.411947687197966,21.90117121766972,1.0233218792023393,0.0705,0.125,0.0429,0.025,0.1663,0.4137,0.0292,0.1274
21.79353935232958,21.299613274105816,0.8353926018911053,0.122,0.0548,0.0078,0.2995,0.1432,0.0098,0.2709,0.0921
29.758900570472658,28.432734178871627,0.9059593216896498,0.0316,0.1071,0.2184,0.0963,0.2888,0.0027,0.2163,0.0388
24.53724231456855,20.231237512298044,1.0151253625530565,0.2718,0.2258,0.0471,0.0453,0.1381,0.0821,0.0699,0.12
31.384005791567226,33.91320652169678,0.807473211772165,0.0544,0.0149,0.1762,0.083,0.1792,0.0064,0.4142,0.0718
21.9969552357017,15.736244099163443,1.1436626886499834,0.0762,0.4456,0.0576,0.1897,0.056,0.0276,0.0495,0.0979
33.95720578084208,31.024895625121307,0.9655860294525955,0.1416,0.1022,0.2813,0.0397,0.0399,0.2715,0.0671,0.0568
26.039356057366664,20.1321850880771,1.0947324376835303,0.0328,0.0618,0.0087,0.0422,0.1301,0.2837,0.1304,0.3103
23.580870059632023,22.443983824528562,0.8724329073091068,0.0739,0.0723,0.0214,0.1162,0.3431,0.0153,0.2543,0.1035
25.869696119016083,21.366324486738115,1.0235591120311966,0.201,0.04,0.1226,0.1446,0.2098,0.1814,0.0134,0.0872
26.66088020865564,22.360140663309068,1.013449805610573,0.1397,0.0912,0.1064,0.1338,0.1608,0.0834,0.1892,0.0954
26.37827094633244,29.677437033620922,0.7540499848750611,0.6477,0.0137,0.0454,0.014,0.0067,0.0152,0.1143,0.1429
20.162945009182522,16.126881629978424,1.0022362276868864,0.0903,0.0214,0.0664,0.4288,0.1612,0.0886,0.029,0.1144
24.943790091404857,19.625064492884682,1.0671959880181945,0.0625,0.0181,0.0575,0.2539,0.0628,0.2579,0.1563,0.1309
35.915124013399655,37.89356591697,0.8422306858987637,0.1398,0.0001,0.3984,0.1852,0.0035,0.1597,0.1093,0.004
26.846326863372656,23.25282595881704,0.9825182927802265,0.1684,0.2306,0.198,0.1017,0.2548,0.007,0.0093,0.0302
30.348565855746145,25.12014973772668,1.0489016240287203,0.0135,0.2211,0.241,0.0737,0.1533,0.0777,0.0714,0.1482
24.67964092506298,18.04177069356654,1.1462090543273047,0.1099,0.1505,0.0539,0.1069,0.1142,0.1743,0.0249,0.2653
25.649646704137535,20.779592401051712,1.0418706145093484,0.1828,0.3353,0.0487,0.0084,0.0395,0.2126,0.0357,0.1369
24.361244782910127,18.191832609829692,1.1192519862956647,0.0026,0.2709,0.0694,0.1742,0.1243,0.0794,0.1784,0.1008
26.577035598104047,25.190313641338612,0.8962586143053797,0.0565,0.1194,0.0123,0.0571,0.0789,0.0259,0.3509,0.299
29.788752338775943,25.146362498333495,1.025546034361233,0.1589,0.3595,0.1715,0.0016,0.0162,0.1865,0.0841,0.0216
27.79918671566494,22.24973338113959,1.069639186590828,0.1146,0.3736,0.1427,0.0803,0.0062,0.0798,0.1416,0.0612
24.60840411556241,23.73484137157702,0.8682764629824498,0.2849,0.0051,0.0009,0.0296,0.25,0.0461,0.1976,0.1859
31.52192543610541,26.8363377379378,1.0255469917267592,0.0538,0.0385,0.1906,0.1056,0.052,0.2788,0.1832,0.0975
25.64070353684555,21.07336853143067,1.0269218945499248,0.2446,0.2524,0.0422,0.0173,0.0703,0.0456,0.1478,0.1797
26.57286876910244,19.692846275614716,1.1462471423977953,0.0687,0.1994,0.1327,0.176,0.0466,0.0907,0.1104,0.1756
31.86336899692378,29.68285868086205,0.9387023432109192,0.0386,0.1329,0.2537,0.0129,0.2655,0.0019,0.1807,0.1137
28.156712850496174,24.854292421834838,0.9719332355353706,0.2446,0.0989,0.0883,0.0004,0.1605,0.2452,0.135,0.0272
27.3071130501327,21.240241893385374,1.0973092099008055,0.0903,0.0899,0.0761,0.0525,0.0657,0.0419,0.1472,0.4363
26.897714160615394,20.51355130825837,1.1162237984310988,0.0409,0.0299,0.0727,0.046,0.2472,0.2916,0.0772,0.1945
19.795797438888883,15.53234345658396,1.016961637697578,0.0643,0.0502,0.0467,0.3822,0.2155,0.0471,0.0472,0.1468
22.081928258914118,17.529194983137682,1.0315321540041138,0.1906,0.2274,0.0589,0.2702,0.0576,0.0982,0.0612,0.0359
30.125098864616728,26.12869057665837,0.9998625376181366,0.009,0.0516,0.2434,0.2209,0.0964,0.1779,0.1129,0.0879
27.158199897182328,19.92796983162926,1.1620952908321909,0.0298,0.1018,0.1431,0.1625,0.0792,0.2051,0.0096,0.2688
31.271299240129046,28.846079010411046,0.9454074930005693,0.0334,0.2921,0.2992,0.0709,0.1818,0.0538,0.0496,0.0191
20.838469732681453,15.21822527622917,1.1064673723146352,0.0067,0.2771,0.0353,0.3187,0.0883,0.055,0.1298,0.0891
29.018093777666497,25.707230107421204,0.9731928983840323,0.0793,0.055,0.1766,0.0145,0.3736,0.0589,0.1382,0.104
25.32969530728142,19.89781833251515,1.0719615060725742,0.2304,0.1383,0.1021,0.112,0.1282,0.0444,0.0288,0.2158
26.10637861046249,22.80337399083209,0.969434550314799,0.1106,0.0597,0.0003,0.0062,0.1416,0.0667,0.2371,0.3777
22.51062670893097,20.96827124295152,0.8827922194660333,0.3859,0.2195,0.0039,0.1242,0.0076,0.0494,0.0588,0.1506
26.330108806206255,23.84205777456758,0.9365847955467113,0.1545,0.0621,0.0063,0.0234,0.1801,0.2642,0.2278,0.0815
30.13932523208761,25.089486601397653,1.0418437669677736,0.018,0.1952,0.2601,0.1525,0.0465,0.07,0.0186,0.2392
23.139644798990727,23.844743900866447,0.8026777254795867,0.4265,0.035,0.0049,0.1171,0.135,0.2058,0.039,0.0367
25.43255236919905,21.303651911368295,1.006050627299349,0.2083,0.0742,0.0503,0.0391,0.2053,0.2676,0.0054,0.1496
40.85643950123761,47.42748764718045,0.7771113615677409,0.2532,0.0277,0.5378,0.0343,0.0078,0.0143,0.0193,0.1056
24.339546603116343,21.33420474412268,0.9533773040553408,0.3273,0.1947,0.0279,0.0574,0.0894,0.1046,0.0817,0.1169
27.678723501331493,22.693174846932532,1.0434292980619315,0.0235,0.0906,0.149,0.1346,0.2299,0.1366,0.1612,0.0746
19.699205482358664,15.699260952951308,0.9999964666749084,0.1698,0.1185,0.0114,0.316,0.1348,0.0444,0.042,0.1631
25.733170598055562,22.364011494956348,0.9717921403750369,0.2902,0.1068,0.113,0.0906,0.2182,0.0758,0.0535,0.052
19.267182783158376,19.02332853754183,0.8025505501326522,0.0415,0.0325,0.0557,0.5811,0.0478,0.0259,0.1945,0.021
25.41805055492735,18.372792295582936,1.1657482548298623,0.0215,0.2456,0.0842,0.1852,0.0171,0.2053,0.1072,0.1338
26.763828894686863,24.107173063834644,0.9442761635472284,0.2813,0.0971,0.185,0.1883,0.1334,0.0683,0.022,0.0246
22.065303780604303,16.315717636387518,1.1072331713019374,0.0811,0.4316,0.0166,0.1197,0.0058,0.0379,0.0176,0.2896
24.984193244358384,19.926928081789207,1.0530571073589305,0.0756,0.0551,0.1394,0.3272,0.0311,0.0023,0.1136,0.2557
23.628793929111573,21.40475833231496,0.9170294578602087,0.0618,0.0312,0.0008,0.1723,0.215,0.1136,0.2608,0.1446
34.615761336251644,36.91802028632921,0.8292904413292361,0.0704,0.1446,0.2576,0.0149,0.0906,0.0089,0.392,0.021
26.34950204290986,23.93891401562214,0.9336055106060762,0.31,0.1099,0.0078,0.0082,0.0005,0.0851,0.1925,0.2861
27.65974044206721,20.644871692885133,1.1460347535228854,0.0345,0.3597,0.1313,0.0229,0.1187,0.0623,0.1301,0.1405
23.806591605944092,18.803514794789407,1.0533451762663353,0.0141,0.1879,0.0008,0.1737,0.0337,0.1106,0.2237,0.2555
16.55514496197254,16.028635388710207,0.7832946883810069,0.1271,0.0912,0.0169,0.6012,0.0056,0.0744,0.0298,0.0537
23.860635374605316,20.373650934038512,0.9748196549997774,0.0576,0.0133,0.0169,0.2133,0.1639,0.3834,0.115,0.0366
27.593931495342115,25.48213360347283,0.925900941517967,0.1102,0.0219,0.0358,0.0661,0.0687,0.0737,0.3206,0.3029
31.1239837386483,25.819762648467236,1.0505125127576835,0.0084,0.0903,0.1993,0.0465,0.1488,0.0944,0.1787,0.2335
24.32909520991913,17.67809098091622,1.1499598702068403,0.0587,0.1308,0.1041,0.2592,0.0927,0.1698,0.0486,0.1361
27.15987243561316,25.32391593755694,0.9145454633762082,0.3423,0.0363,0.0204,0.0007,0.0164,0.0961,0.1986,0.2892
24.545408568286792,20.58558343469547,0.9980483979705443,0.1821,0.0879,0.1391,0.2832,0.1317,0.066,0.0755,0.0346
24.92444601222579,23.200206279639296,0.9019077571990929,0.0531,0.0253,0.1138,0.0386,0.5837,0.0382,0.0679,0.0794
28.53326273386323,24.423732833096892,1.004484568411996,0.2227,0.0481,0.1191,0.0542,0.1076,0.0519,0.1794,0.2169
26.70555755122111,20.293922156283923,1.1188353525930144,0.0872,0.0541,0.1033,0.2077,0.0126,0.1853,0.1339,0.2159
30.655041928827885,26.075333140348285,1.022232076014499,0.024,0.1344,0.2081,0.1187,0.0701,0.0859,0.1997,0.1591
24.291303053950358,19.233665370913116,1.0549888782320556,0.1773,0.2196,0.0805,0.1713,0.0997,0.1556,0.0642,0.0318
31.132084468777688,24.0588601961934,1.1277377335219954,0.0237,0.1742,0.1712,0.0128,0.0285,0.142,0.1531,0.2944
24.48652742053548,19.19868514789457,1.0670797121115425,0.0828,0.0421,0.0491,0.0617,0.3064,0.0616,0.0716,0.3246
22.835875008056046,16.824629232963506,1.1195417591225143,0.0566,0.0971,0.014,0.1653,0.1927,0.1531,0.0914,0.2298
27.54367815799793,22.14465535972092,1.063176544206766,0.069,0.2209,0.1576,0.1283,0.1402,0.1088,0.1334,0.0417
26.708872763912915,23.348309574934987,0.9726131431926651,0.0331,0.0695,0.0618,0.1242,0.0866,0.0059,0.2836,0.3354
25.27366693246212,22.4990395044512,0.9455366718322951,0.2434,0.0056,0.0516,0.0716,0.2751,0.1457,0.1322,0.0747
21.21352797229571,15.988935257826483,1.0765900101990717,0.1464,0.1568,0.0375,0.262,0.1401,0.0082,0.072,0.1769
30.939929380023617,28.33509911346771,0.9507617838971678,0.1147,0.0999,0.1919,0.1208,0.011,0.0497,0.2705,0.1415
26.307419376660334,21.495683934118894,1.0377627176241189,0.1362,0.1956,0.0278,0.0395,0.0629,0.246,0.1651,0.1269
27.456477660392675,21.822654628436045,1.0748682073640883,0.0298,0.0134,0.0922,0.0524,0.232,0.0812,0.1642,0.3347
33.51778788587767,32.9865687524634,0.8948426284462616,0.1514,0.0918,0.3387,0.0889,0.1298,0.0335,0.0761,0.0898
25.251773512209226,17.840045713046692,1.1912398574554932,0.0359,0.2974,0.1031,0.1403,0.1011,0.0723,0.1004,0.1495
23.604434594700884,20.735080336678298,0.9454718417474651,0.0305,0.4832,0.0266,0.1054,0.0781,0.0051,0.2627,0.0083
26.678892959376377,21.6082069102194,1.0495499720826258,0.0504,0.2638,0.1627,0.0396,0.3331,0.0063,0.0662,0.0779
27.030216172910638,22.174799951519564,1.0385760513403168,0.0689,0.1592,0.1612,0.1313,0.2376,0.0757,0.1172,0.0487
26.620458429598752,25.176319840768045,0.8984815323552339,0.0183,0.062,0.0884,0.2534,0.0352,0.0806,0.3408,0.1212
27.46949663807966,20.723042612486207,1.132531408488184,0.0611,0.3053,0.1652,0.1207,0.0563,0.0782,0.0739,0.1393
27.773226710587984,26.861243450429704,0.8850382058618986,0.3842,0.1025,0.0759,0.0241,0.0404,0.0167,0.2266,0.1297
23.278245064140044,16.398885083937774,1.175582667081588,0.0532,0.1707,0.0732,0.2275,0.1452,0.1022,0.0764,0.1516
28.192770519253912,29.92797412424082,0.808366460717381,0.0439,0.0854,0.0722,0.1833,0.0053,0.1318,0.4418,0.0363
25.112528007988498,18.573927021882504,1.1366755120290497,0.0017,0.0003,0.089,0.2655,0.0966,0.1624,0.1259,0.2585
23.35337989212546,21.474177738275767,0.901239625004585,0.0437,0.031,0.0042,0.0738,0.4457,0.1617,0.1868,0.0529
36.92676030249149,38.21820358479668,0.8615465200878739,0.073,0.0026,0.379,0.0898,0.0573,0.0573,0.2099,0.1312
23.48015486391243,20.85081582779531,0.934263437210178,0.2306,0.105,0.0014,0.1144,0.1681,0.1017,0.1768,0.1019
25.33295157417821,22.82451788686469,0.9346506979871472,0.1912,0.0214,0.1646,0.2685,0.2141,0.0571,0.0818,0.0014
22.957225290880302,23.46856220169021,0.8077710567848506,0.0114,0.0081,0.0161,0.3444,0.0537,0.0113,0.3426,0.2125
24.45667178117959,22.605903454175515,0.9049260881188562,0.2515,0.2007,0.0161,0.0588,0.1622,0.1003,0.2028,0.0076
24.782409227099755,21.703914361838045,0.9575419843916003,0.0985,0.0207,0.0548,0.0643,0.3917,0.3423,0.0195,0.0082
30.844977827910558,24.42366421294619,1.0991380160590691,0.0189,0.087,0.1982,0.0523,0.0288,0.0706,0.059,0.4852
33.7339526233566,32.25853313403647,0.9217391410765624,0.0374,0.0041,0.3009,0.1419,0.1121,0.2397,0.1561,0.0078
22.412555278760564,17.629157963648904,1.044437591218311,0.2007,0.3088,0.0244,0.0771,0.1916,0.0386,0.056,0.1029
28.461351576293097,25.27489621004515,0.9678121473975145,0.0573,0.0376,0.1968,0.0457,0.4336,0.1947,0.0152,0.0192
28.56779464058458,23.057980260384987,1.065479038630003,0.1801,0.0425,0.1428,0.0705,0.1383,0.1867,0.0675,0.1716
31.10115995687487,27.775936523378007,0.9757064333029706,0.1247,0.1001,0.23,0.0103,0.2629,0.146,0.0918,0.0343
25.092536378890003,19.830123321409378,1.063661382081153,0.132,0.1946,0.0238,0.0585,0.0755,0.2701,0.055,0.1904
24.518498875047325,22.66949865363932,0.9051148059577101,0.0881,0.0556,0.1072,0.3609,0.0355,0.0122,0.2551,0.0855
27.89877918481649,22.57211660622233,1.0587743985970923,0.0236,0.2374,0.1218,0.0937,0.1176,0.2148,0.1797,0.0114
27.340359091796028,22.05434304243742,1.0583112381486055,0.0144,0.1592,0.0773,0.0268,0.1736,0.4195,0.0327,0.0965
27.31611007098688,22.200208891199466,1.0502653459368925,0.2762,0.2206,0.0998,0.0051,0.0459,0.0986,0.0499,0.204
23.44130865175174,20.564246667883268,0.9453936711484159,0.0315,0.0014,0.0662,0.2182,0.3282,0.0279,0.1849,0.1416
30.86345568163885,34.04938205202069,0.7889557478780916,0.0418,0.1029,0.0789,0.0306,0.0142,0.0496,0.5157,0.1664
19.969979936429315,15.6124525922164,1.0229001396225958,0.0537,0.1885,0.0889,0.4779,0.0227,0.0043,0.0421,0.1219
36.58027593843994,40.37271297431484,0.806987530393797,0.033,0.0795,0.4753,0.1739,0.0659,0.0084,0.0273,0.1366
25.617110751684397,18.781503782439533,1.1509786970251084,0.0664,0.2749,0.0649,0.1024,0.0122,0.0189,0.1612,0.2991
43.89151874404202,53.187621049030334,0.7500150966945586,0.0952,0.0845,0.6353,0.0215,0.016,0.0073,0.0176,0.1225
30.19825477801948,25.153826299198357,1.0415216542564107,0.0758,0.0223,0.2111,0.0994,0.1673,0.2799,0.0085,0.1357
30.576612238592865,25.579644772458753,1.0389750317098827,0.0014,0.0582,0.2332,0.1742,0.0634,0.098,0.1295,0.2421
23.859101927245565,20.09143289049346,0.9884363168861974,0.1455,0.2247,0.1663,0.3073,0.1168,0.0122,0.027,0.0002
34.61725967185148,33.30938048757914,0.9191782982354915,0.0743,0.0302,0.2678,0.0862,0.0355,0.2389,0.2508,0.0163
27.716467285624034,21.247679986586437,1.116190911224008,0.1013,0.1847,0.125,0.1067,0.0556,0.1178,0.1429,0.166
30.161204620759698,29.60225263253703,0.8837572243405849,0.403,0.0568,0.2245,0.0917,0.0629,0.0001,0.088,0.073
27.364247607121523,24.958111876474874,0.9361384275684852,0.1569,0.2821,0.0542,0.01,0.0632,0.0707,0.2961,0.0667
28.779940909726946,24.57549282703084,1.0083191854639526,0.2591,0.0373,0.1599,0.1209,0.0217,0.0381,0.1162,0.2468
24.463042022655994,23.691238994902093,0.8637387866062747,0.358,0.1619,0.0099,0.1024,0.0164,0.0557,0.2075,0.0882
29.122522618845213,28.738206499655718,0.8741854721917384,0.0268,0.0421,0.0398,0.01,0.0412,0.7097,0.0387,0.0918
29.26939547056969,27.88974066426616,0.9060462689402561,0.0919,0.012,0.2433,0.2338,0.1608,0.0031,0.1657,0.0894
27.660891643092732,24.37164957777023,0.9708366915251484,0.1079,0.0407,0.0467,0.1112,0.0346,0.2409,0.2777,0.1402
26.541539046288765,23.60802556175327,0.9548252558150271,0.1092,0.2085,0.0203,0.0105,0.0801,0.0218,0.2979,0.2516
22.824090490792415,17.77442328256667,1.0590549235572257,0.147,0.4888,0.0517,0.0428,0.1593,0.0425,0.0142,0.0537
27.0566124721204,22.58895154685744,1.0207030824026013,0.2126,0.1096,0.1738,0.1022,0.1959,0.0147,0.0017,0.1895
24.483676323962275,18.812741912673935,1.0888192916824446,0.2093,0.2055,0.0576,0.0857,0.0609,0.0581,0.0144,0.3085
29.783237015676033,30.024258514620023,0.8587468364329843,0.0299,0.179,0.1282,0.0845,0.0913,0.0691,0.3969,0.0212
24.15539977017157,20.261086342027042,0.994783765782773,0.2524,0.0636,0.019,0.1114,0.0419,0.1348,0.032,0.345
26.58842391193651,24.588461402379654,0.9186595103405053,0.3815,0.2203,0.0913,0.0549,0.0115,0.159,0.056,0.0255
29.188568178741146,30.963846406255115,0.813483178034778,0.211,0.1011,0.0578,0.0341,0.0262,0.0918,0.415,0.063
23.15456208846768,17.74322070856931,1.0795425702627226,0.0908,0.2473,0.0184,0.0679,0.2289,0.0028,0.1402,0.2036
27.065448468154145,20.4427640384369,1.1282940225101665,0.0489,0.1834,0.1013,0.1002,0.091,0.2886,0.0693,0.1173
21.84822539553731,18.79725611636389,0.9495122737621046,0.2684,0.1062,0.0346,0.2779,0.068,0.053,0.1087,0.0833
31.81155095123688,24.922561167861655,1.1159186555473546,0.0114,0.0178,0.1847,0.0171,0.1068,0.2978,0.0752,0.2892
23.38323905870181,19.14568445727354,1.0124077361641683,0.2472,0.105,0.0865,0.2811,0.0369,0.0642,0.0706,0.1084
26.62097668709234,26.159242033270765,0.8647412894579184,0.2237,0.046,0.11,0.244,0.0298,0.0603,0.2804,0.0057
23.91227080564291,19.992901242294845,0.9959670467194944,0.0594,0.1111,0.0265,0.0295,0.4148,0.112,0.1375,0.1092
32.98055746555156,31.575506327089936,0.9178176642788446,0.0673,0.1585,0.3406,0.1047,0.1347,0.1147,0.0198,0.0597
35.01833156052014,32.49124826953027,0.9546672784993797,0.0714,0.0959,0.2645,0.0079,0.033,0.1368,0.2501,0.1405
25.687228739182398,20.83347703950183,1.0409797989102727,0.0759,0.0194,0.0656,0.1173,0.266,0.2195,0.1479,0.0884
30.153757786865725,24.47354854483434,1.068654091536964,0.0779,0.0335,0.2004,0.1356,0.0765,0.2398,0.0669,0.1694
34.24409152775026,32.765173071942314,0.9230560589850533,0.1336,0.0973,0.3188,0.0493,0.1043,0.0834,0.1224,0.0909
29.948032768757837,37.500199164536156,0.6919438655487683,0.1122,0.0681,0.0414,0.0329,0.0396,0.001,0.5904,0.1143
23.29727492321513,18.937896183874457,1.018976698142779,0.1372,0.2876,0.1501,0.2814,0.1173,0.006,0.01,0.0104
26.670987357701065,26.80681854823935,0.8457171938141118,0.0945,0.0032,0.016,0.0936,0.0911,0.6322,0.0552,0.0142
21.077365755010334,17.531741219811757,0.9740826961164611,0.1552,0.0168,0.0584,0.4084,0.0946,0.0746,0.101,0.091
30.053490272058376,35.32180534504911,0.7376035855910795,0.122,0.0372,0.0451,0.0239,0.0668,0.0833,0.5338,0.0878
33.976546892531346,28.932688642364813,1.0360788540280375,0.0662,0.021,0.2315,0.0108,0.0547,0.321,0.1203,0.1746
25.113205321349323,19.05711340561978,1.107891046874036,0.0336,0.3338,0.1141,0.1646,0.1078,0.1685,0.0717,0.0059
27.338975737209477,24.39428805579497,0.9567393679958287,0.0053,0.0422,0.0532,0.0182,0.2346,0.5574,0.0116,0.0775
25.905802286769188,18.470852865362108,1.1859659348945681,0.0146,0.2215,0.1394,0.1845,0.0357,0.0552,0.0207,0.3284
26.589495233314288,18.756937201046785,1.2043274971381581,0.0021,0.185,0.0763,0.0919,0.0841,0.1806,0.126,0.2539
24.043986555357275,18.97461473952088,1.0563580252098121,0.1896,0.1561,0.0234,0.0311,0.1803,0.0419,0.0566,0.3209
23.813350788381005,19.23423688818171,1.0301084937014127,0.1798,0.2005,0.0969,0.2789,0.0083,0.004,0.138,0.0935
20.396827486830478,17.18524314894157,0.9541225192289671,0.0343,0.0131,0.0228,0.2213,0.4275,0.086,0.0285,0.1665
37.69779891562533,36.02845571108667,0.9353106662647171,0.0221,0.0097,0.3535,0.0341,0.0024,0.4392,0.0484,0.0906
33.995018932964754,33.69360633814979,0.8902288057839244,0.0652,0.1014,0.3628,0.1283,0.116,0.2167,0.0048,0.0049
33.2274643327417,34.794255278267386,0.8400083318063507,0.083,0.1017,0.2094,0.0549,0.0523,0.0384,0.4061,0.0543
30.728986396087343,28.859171112945347,0.9261869057665878,0.2357,0.3045,0.279,0.043,0.0943,0.0113,0.002,0.0301
29.17596100437719,24.10591555647918,1.044389330303217,0.1444,0.2718,0.1454,0.0231,0.0449,0.0217,0.1946,0.1541
24.96110400482197,21.871954415112256,0.9583553260489176,0.2078,0.0121,0.1256,0.1311,0.3442,0.0111,0.0418,0.1264
24.896592543618503,18.094548981597384,1.1548556731019306,0.0831,0.2477,0.0415,0.0312,0.0935,0.1057,0.0248,0.3725
32.93272180612497,29.390697804995764,0.9844176547998479,0.0156,0.3637,0.2756,0.0378,0.0,0.145,0.1335,0.0287
20.72331116231134,16.281194267914493,1.0271550653546424,0.1347,0.3315,0.0565,0.3322,0.0124,0.06,0.0569,0.0158
37.67364281300192,40.61404158898044,0.8291133188315437,0.2745,0.0247,0.4218,0.0538,0.0171,0.0913,0.0752,0.0415
22.410782639962484,16.34817523967498,1.1261674388761025,0.0038,0.0955,0.0681,0.2937,0.0818,0.0746,0.0065,0.3761
32.834694445982564,30.024248994368246,0.9603802063922129,0.026,0.105,0.2965,0.1518,0.0483,0.148,0.1317,0.0928
24.035478133400677,17.90595280855071,1.118928344535402,0.0943,0.147,0.0212,0.1591,0.0455,0.1298,0.1331,0.2701
30.151815713929793,25.323114430322935,1.032725093348492,0.0297,0.2774,0.2249,0.002,0.2311,0.1749,0.0278,0.0323
23.559617239625904,19.343573880265502,1.011168740621443,0.0648,0.1382,0.1448,0.4045,0.0461,0.1099,0.0792,0.0124
24.854964285491214,20.775896279930635,1.0038057566564267,0.2615,0.1029,0.0722,0.0381,0.2655,0.0755,0.0241,0.1602
39.691052226768015,43.54068313945271,0.8197173230483364,0.054,0.031,0.4415,0.0713,0.0229,0.1225,0.241,0.0158
31.554060669179247,30.160008665369247,0.9135959135455343,0.0004,0.0437,0.2358,0.0763,0.2423,0.0093,0.2447,0.1475
25.463775082076907,22.216375254057393,0.9661240790464664,0.0066,0.0358,0.005,0.0668,0.2812,0.3454,0.2023,0.0569
23.56638019186262,20.85577815420035,0.9381755045146543,0.2836,0.1151,0.0112,0.108,0.0852,0.2192,0.0202,0.1574
28.254258037879517,22.782854109413343,1.0645838278821362,0.0061,0.0333,0.1648,0.2469,0.0486,0.2988,0.1147,0.0867
24.00066367201742,20.860507071582916,0.9587812800228231,0.0256,0.0763,0.0762,0.1043,0.4673,0.0961,0.1272,0.027
33.55925545463131,29.30135334942068,1.0088017130859157,0.0774,0.0815,0.2854,0.076,0.0115,0.1285,0.0868,0.2529
24.375885988170154,21.352909101613264,0.9542440278842711,0.2082,0.0225,0.0031,0.069,0.1204,0.0132,0.1298,0.4338
27.795674738009758,31.15437651412824,0.7637987788720029,0.1518,0.0822,0.0253,0.076,0.0764,0.1151,0.4531,0.0201
22.72963771583206,17.607944632716954,1.0637038056691133,0.0692,0.3637,0.0098,0.0006,0.2911,0.1367,0.0455,0.0834
24.991701557158713,18.67823003200792,1.1238592479686949,0.0715,0.2726,0.1247,0.0636,0.2866,0.0086,0.0109,0.1613
32.0766490664102,31.205831459051208,0.89972443462219,0.0447,0.0884,0.2496,0.0778,0.1987,0.0391,0.2511,0.0506
21.558912467250554,17.645334982587517,0.9951022456971067,0.1608,0.1895,0.0452,0.3246,0.0351,0.1655,0.0703,0.0091
22.529683209739115,17.984732441539876,1.0303007436986134,0.0756,0.0301,0.1221,0.3482,0.2164,0.0625,0.0193,0.1258
23.93949234317909,19.08443788135515,1.0448037540921915,0.0777,0.1599,0.1526,0.3477,0.0653,0.1384,0.0021,0.0564
28.169941612158972,23.01707510014664,1.0500874462544108,0.1493,0.0357,0.1885,0.1277,0.1572,0.0919,0.0007,0.249
23.469091308652974,19.787017709718853,0.9839325761097529,0.0261,0.2898,0.046,0.2023,0.1055,0.0079,0.2508,0.0717
31.93483939653833,29.104626765916475,0.9598075117476494,0.0238,0.1986,0.2483,0.0446,0.1479,0.0095,0.2105,0.1169
21.256563908383384,16.957933816864024,1.0176100517164648,0.0468,0.0377,0.0101,0.2159,0.2343,0.0375,0.0515,0.3663
19.158338389048446,16.0141649039927,0.9465581552285078,0.1179,0.0413,0.0313,0.4765,0.0336,0.0185,0.0756,0.2053
37.23628193936207,40.21900068726516,0.8263825896073524,0.1963,0.2449,0.449,0.0296,0.0063,0.0441,0.0092,0.0206
22.474236552711034,16.831417912303884,1.0976042926963532,0.0082,0.2848,0.0379,0.1977,0.1476,0.2308,0.0573,0.0357
22.627086498006317,17.541003368691634,1.0619168189234371,0.041,0.0086,0.0356,0.2199,0.2841,0.2165,0.0743,0.1199
28.822623448222934,24.926125512886117,0.995847647296421,0.1221,0.018,0.1456,0.1744,0.0724,0.2742,0.1707,0.0226
23.7145693200178,18.332450897692365,1.0753919064089468,0.1954,0.1022,0.0713,0.1732,0.114,0.0136,0.0312,0.2989
31.49380562468636,26.95818966624106,1.0198683949136258,0.1539,0.0303,0.2261,0.0454,0.1007,0.051,0.0888,0.3037
26.108038811222368,23.17505489576693,0.9539584225649683,0.2138,0.0159,0.0774,0.1994,0.0509,0.1082,0.2203,0.1141
29.572099359602543,24.140788920726568,1.0592901269124266,0.1785,0.259,0.2041,0.0068,0.09,0.0235,0.0153,0.2229
28.573521087705306,26.355062966304025,0.932402290942105,0.0803,0.0048,0.0332,0.0378,0.1014,0.2472,0.3261,0.1691
28.28355728295765,21.724283627595746,1.117807044836725,0.0605,0.1024,0.0997,0.0576,0.1154,0.2951,0.1135,0.1559
24.07881457631201,18.861065204034553,1.0645641886661295,0.0481,0.2506,0.1113,0.0912,0.3715,0.0298,0.0459,0.0515
26.575168820384587,21.641086752821664,1.0431624381082032,0.1869,0.0017,0.0721,0.0909,0.1566,0.2503,0.0853,0.1562
26.477759959738417,24.509363276895503,0.9171090944222023,0.2671,0.116,0.0542,0.0946,0.0476,0.0625,0.2512,0.1069
27.613687591933157,21.91504647129928,1.0775102677906012,0.0593,0.1242,0.1461,0.1786,0.0816,0.2702,0.0861,0.0538
26.709295594674515,21.27850544596439,1.0672411016997194,0.0379,0.0839,0.1457,0.2056,0.1489,0.2979,0.0358,0.0444
30.01393587048229,24.6310551331583,1.056143787988293,0.1165,0.0032,0.1725,0.1086,0.0694,0.1182,0.1475,0.2641
24.69569490259027,21.393490609482097,0.9673828025716127,0.0117,0.1327,0.0136,0.1223,0.1477,0.4569,0.0727,0.0424
28.668425646470386,27.016606744542603,0.9130837887868152,0.3861,0.0514,0.137,0.0227,0.1204,0.216,0.0325,0.0338
30.96242655959567,29.684072098135054,0.9083129319474205,0.0933,0.1111,0.2557,0.142,0.1509,0.0429,0.1943,0.0099
24.572116188259933,27.291300505274226,0.753797576787674,0.6213,0.0354,0.048,0.0498,0.0831,0.0074,0.0189,0.1362
20.865595401548124,15.75225259442722,1.0706783236522486,0.0505,0.0464,0.0118,0.2909,0.1712,0.1651,0.0342,0.23
26.63020856310644,20.04361543592417,1.1290482316152564,0.0667,0.0165,0.1119,0.162,0.1567,0.2131,0.079,0.1943
26.422118373818847,24.292153257765875,0.9230189739005865,0.2839,0.1143,0.028,0.0442,0.055,0.1126,0.2287,0.1331
23.735607472252187,20.438128484537884,0.9656269402153344,0.1752,0.0032,0.0563,0.3041,0.0142,0.0278,0.1934,0.2258
41.825321842539765,48.765150609148854,0.7756629759171366,0.0481,0.0644,0.5679,0.0293,0.111,0.0853,0.0504,0.0436
29.248804513131,25.03664469989773,1.0084739714836524,0.1212,0.0423,0.1134,0.0309,0.1829,0.2186,0.2052,0.0855
25.048508975027307,18.224336900557113,1.15496706902866,0.0339,0.3714,0.0728,0.0333,0.1999,0.0661,0.119,0.1036
23.31355637071187,20.122285772986935,0.9598092676250161,0.2421,0.2214,0.0301,0.1985,0.0084,0.1083,0.1519,0.0393
26.450132887548133,25.34995439189777,0.8856084133517627,0.0927,0.1198,0.0054,0.0282,0.0389,0.5522,0.0076,0.1552
27.06316180807949,23.510146186083997,0.9809875968245112,0.2117,0.2655,0.0964,0.0067,0.1654,0.0501,0.1843,0.02
38.52654412456491,38.968155460522766,0.8860194616997591,0.0112,0.0862,0.4228,0.0091,0.0953,0.2723,0.0493,0.0538
25.83657121174215,23.993204035416944,0.9101148466669421,0.2833,0.0357,0.0119,0.1013,0.0257,0.2633,0.1746,0.1042
28.039423906301618,21.23608724506318,1.132008153332961,0.0001,0.2422,0.1806,0.0439,0.1693,0.01,0.0034,0.3506
19.19882474348659,16.559207123022727,0.9178473721942423,0.0173,0.1347,0.1088,0.5427,0.1144,0.0209,0.0211,0.04
34.43354180497021,31.065561193679347,0.9796553043169318,0.0128,0.2672,0.288,0.0075,0.0112,0.0833,0.1923,0.1377
26.98915670331627,21.76331738399347,1.056325940466428,0.0622,0.0863,0.114,0.0013,0.3554,0.0345,0.1048,0.2414
25.25933539526413,19.156835573346484,1.109751937571721,0.1618,0.2228,0.1238,0.1856,0.0528,0.0707,0.0467,0.1359
27.009932655181824,23.349335442752647,0.9854641350113383,0.0852,0.0731,0.2258,0.3096,0.0832,0.0347,0.0464,0.1419
25.902728138930158,20.750721062971376,1.0555164841001348,0.038,0.0534,0.1736,0.3106,0.0509,0.0067,0.0685,0.2983
26.159443285032584,21.0992909540927,1.0502458747664334,0.1047,0.144,0.0101,0.0189,0.0554,0.3247,0.081,0.2612
22.581528763758794,16.97470180059907,1.094660099602045,0.1397,0.1273,0.0842,0.3025,0.0785,0.1089,0.021,0.1381
25.680914000245824,22.263348293608722,0.9738388724965463,0.0263,0.0573,0.0092,0.1238,0.1396,0.2904,0.2521,0.1014
23.143352419646355,17.409758701329995,1.0995759762129227,0.0112,0.4175,0.041,0.1346,0.0672,0.2086,0.037,0.0828
25.151070951851377,22.721555143977874,0.9308813071035441,0.0162,0.0107,0.1863,0.4801,0.001,0.0906,0.1467,0.0683
23.544166248266365,20.809434844535478,0.9391973589998109,0.2601,0.0381,0.0446,0.2283,0.0889,0.2384,0.0662,0.0355
23.50598744715754,21.31438965417722,0.9151558061778574,0.1562,0.0039,0.0179,0.0857,0.352,0.0277,0.1671,0.1896
28.944568200424342,25.222641423054426,0.988975253702972,0.0439,0.0466,0.2159,0.0522,0.3911,0.1118,0.0218,0.1168
20.388961140905916,15.723776964122363,1.0423043508122338,0.0523,0.0674,0.0772,0.4369,0.1239,0.0948,0.0186,0.1289
24.380327487196336,22.353147550233306,0.9117430751707993,0.3521,0.224,0.0105,0.013,0.0702,0.1494,0.0519,0.129
25.05717575442835,18.670813099258844,1.1278124655034032,0.084,0.0562,0.0666,0.102,0.2229,0.1049,0.0739,0.2895
26.340213654409656,21.68933395158214,1.030009206565794,0.0516,0.1932,0.0968,0.1209,0.1489,0.0222,0.2293,0.1372
32.24190019376931,29.744286694608192,0.9494899132642096,0.0848,0.0971,0.1711,0.0279,0.0622,0.1878,0.3026,0.0665
22.325825746245435,19.25221103511745,0.9518816157176846,0.131,0.0542,0.0399,0.1994,0.3209,0.071,0.1376,0.046
22.62621991879541,17.888686303057266,1.0412290541207654,0.0239,0.0336,0.0282,0.3194,0.0859,0.1387,0.1832,0.1871
21.74240953922587,18.816873601512675,0.9428989063198878,0.2161,0.1443,0.0821,0.3688,0.0164,0.1643,0.0026,0.0054
24.771246867156464,21.588241494990367,0.9621555730686313,0.1047,0.0909,0.0816,0.1924,0.2149,0.056,0.2127,0.047
26.769852953861445,25.191027072215196,0.9038874393087284,0.1964,0.1511,0.008,0.0049,0.03,0.4422,0.0886,0.0788
23.139891470935286,21.149755138531066,0.9049698847844262,0.0211,0.0735,0.1172,0.1206,0.5671,0.0123,0.0105,0.0778
26.039403404471106,21.449202872380788,1.027516198881698,0.0543,0.1682,0.2104,0.2933,0.0888,0.0252,0.015,0.1449
25.12920516463182,19.11235205079307,1.1055261596520798,0.067,0.2098,0.0236,0.006,0.172,0.262,0.0375,0.2222
25.440713016701494,24.088013407284155,0.8900988493396419,0.1723,0.0572,0.0326,0.006,0.371,0.1237,0.2132,0.024
22.26931287899236,25.024097548559343,0.7300688004248983,0.5463,0.0849,0.0089,0.1013,0.1397,0.0894,0.0029,0.0266
24.772865950452672,19.46173964036063,1.067369430190761,0.1171,0.3077,0.0624,0.1354,0.0128,0.2344,0.0557,0.0746
27.07995865815178,21.15199272093911,1.0911481940566343,0.0695,0.0659,0.0921,0.1378,0.11,0.2969,0.1203,0.1075
31.840449837635692,25.83231555135388,1.0777372931315314,0.0413,0.2043,0.2292,0.0178,0.0752,0.1383,0.0952,0.1988
25.430058196291057,22.056728890644763,0.9715882306274568,0.1771,0.1144,0.1649,0.2693,0.1339,0.0525,0.0878,0.0002
34.91581250163881,38.38868379618227,0.8053366108038684,0.061,0.001,0.3874,0.1858,0.1408,0.0169,0.1995,0.0076
26.202073146462528,25.220103914117438,0.880332342089776,0.4212,0.0607,0.0832,0.0574,0.1511,0.0859,0.1015,0.0391
29.507791064432443,22.78101103610148,1.1196953034266033,0.0351,0.0043,0.1568,0.0535,0.1738,0.2834,0.0196,0.2737
24.849740584446067,18.813580875698467,1.1082281848522368,0.0922,0.0692,0.0736,0.1347,0.2384,0.1493,0.09,0.1527
28.36567358722098,23.164788248579146,1.0518409806191729,0.0391,0.2259,0.1774,0.0354,0.278,0.0953,0.0986,0.0504
26.270306224436947,27.40989689205817,0.812491426441287,0.3478,0.0022,0.0097,0.0076,0.2022,0.1762,0.2443,0.01
22.67645099888452,16.95731680823247,1.1013800833052454,0.0631,0.2563,0.082,0.2372,0.1731,0.1194,0.0622,0.0067
31.90004627899508,30.141147853768775,0.9256464423436526,0.2365,0.0546,0.2589,0.1031,0.072,0.083,0.1285,0.0634
23.7995335244734,21.09716131871379,0.9384927775525251,0.1197,0.1653,0.0273,0.1167,0.2481,0.075,0.2228,0.0251
34.416271046106836,35.27506707667987,0.8622597649492453,0.0542,0.1734,0.4037,0.1871,0.0002,0.0964,0.0228,0.062
22.408123545845534,19.751911828973498,0.9319666726561223,0.3443,0.2534,0.0649,0.1894,0.0744,0.0008,0.0345,0.0381
25.48632163782072,22.80489856257104,0.9421801013000575,0.111,0.0485,0.0255,0.1188,0.1891,0.2528,0.2295,0.0247
24.185126756484525,19.329877620050272,1.0442449328053236,0.079,0.0824,0.0505,0.214,0.1524,0.1996,0.1618,0.0604
37.47016991744214,37.995070657590055,0.8809082162018826,0.0273,0.2286,0.4159,0.0034,0.0592,0.0542,0.1082,0.1032
38.542032666215945,43.74461132822097,0.789629433601387,0.1146,0.0629,0.3564,0.0048,0.0411,0.0167,0.4016,0.0021
33.04427497151095,33.859189543653684,0.8577959296416413,0.3685,0.0023,0.2934,0.0538,0.1076,0.0312,0.094,0.0493
24.14361342399715,18.87563020594752,1.0671756759490922,0.1898,0.2833,0.0129,0.0363,0.0683,0.041,0.1136,0.2548
24.006541940414785,18.41505650800177,1.0864230545109363,0.0005,0.344,0.0124,0.0196,0.2298,0.1061,0.1737,0.1139
23.51570677060078,18.147074065890195,1.0754189187601935,0.0054,0.3663,0.0053,0.0814,0.0214,0.2417,0.0222,0.2563
24.167643890458592,20.662456584470977,0.9760525718716203,0.2012,0.1212,0.0578,0.06,0.3175,0.2015,0.0182,0.0227
33.83311597250493,35.03514641425738,0.851519660279327,0.0895,0.0306,0.2879,0.074,0.1652,0.0008,0.2828,0.0691
35.19398432554358,33.65931877112031,0.9267562584275477,0.1067,0.0083,0.3089,0.0705,0.0346,0.4229,0.0272,0.0208
24.996879479007596,29.30978986064734,0.7163776874155949,0.674,0.1094,0.0265,0.0006,0.0351,0.0232,0.0756,0.0555
25.485571819314977,22.22055658069017,0.9669232065044715,0.073,0.0323,0.1529,0.3064,0.1597,0.0432,0.1636,0.069
22.625356188372514,17.15989261517496,1.0854005095522334,0.079,0.3661,0.0664,0.0761,0.3057,0.062,0.0158,0.0289
23.719217917906267,18.0870591114565,1.0902390375567437,0.1214,0.1106,0.0592,0.1782,0.1787,0.05,0.1201,0.1817
29.194527925097937,24.243967910566877,1.0392081039719885,0.0995,0.2442,0.2278,0.0341,0.1951,0.0004,0.0031,0.1957
28.67131516278073,26.138081069970397,0.9438839483563003,0.2641,0.1875,0.2187,0.1008,0.1358,0.072,0.0204,0.0008
22.029372569108794,16.18933432703655,1.1136574367359464,0.005,0.3618,0.0018,0.0174,0.3103,0.0787,0.0477,0.1774
20.581144374656198,15.805195937578212,1.0490945155088587,0.1146,0.1383,0.0008,0.286,0.1059,0.1258,0.0735,0.1551
26.88142620220775,24.180151318805013,0.946289619966636,0.3175,0.0504,0.0973,0.0388,0.1924,0.2185,0.0336,0.0515
21.284586484606493,16.7283468132719,1.033251323489616,0.1132,0.0445,0.0771,0.4179,0.0531,0.1404,0.0105,0.1432
39.710612799582165,41.19519976046199,0.8668634454312374,0.0131,0.1362,0.4345,0.0036,0.0012,0.0948,0.1902,0.1263
26.59346982315936,22.22501938307825,1.0165781830706362,0.0038,0.1262,0.0739,0.1245,0.1225,0.043,0.2676,0.2384
29.453109292155,25.49644120185367,0.9983004722362775,0.1371,0.2092,0.2331,0.0885,0.1588,0.0634,0.0497,0.0603
37.192330748285244,36.61230327862127,0.9065895279980098,0.04,0.0124,0.3431,0.001,0.1364,0.2256,0.1912,0.0503
25.96587006387748,20.486389554794897,1.0722177280250103,0.1047,0.0613,0.0294,0.077,0.128,0.2737,0.1308,0.1951
25.820554400609314,19.784455620230872,1.1029140664500467,0.0608,0.1218,0.1359,0.0867,0.2884,0.0351,0.0011,0.2702
31.035785709511487,26.96345939375312,1.0026823826535822,0.0228,0.0932,0.2384,0.1259,0.0821,0.0059,0.1636,0.2682
24.468222327917243,20.141237801145422,1.0162345795228744,0.1601,0.0832,0.0009,0.0622,0.1246,0.27,0.0428,0.2563
23.648516256418556,20.976239217138946,0.9367034792568748,0.0814,0.0229,0.0001,0.262,0.0419,0.1919,0.2543,0.1457
26.790163339621024,25.37301733791824,0.898204696591709,0.0056,0.0736,0.0196,0.0659,0.1597,0.1055,0.3565,0.2135
21.019289210108933,17.64366423999044,0.9646119410691163,0.0075,0.0462,0.0176,0.2391,0.3483,0.041,0.1376,0.1627
30.228434040758483,23.880316576153362,1.098328573539512,0.0086,0.1917,0.2289,0.0995,0.0542,0.0938,0.036,0.2872
23.99932940367587,23.410000343406004,0.8543070956984914,0.366,0.0742,0.0104,0.1305,0.008,0.2683,0.0245,0.1181
25.051465768680558,22.338983326777363,0.9423645409792003,0.2353,0.0432,0.0744,0.0803,0.2959,0.0104,0.1413,0.1192
26.61904965537896,19.748658863521147,1.145346112447153,0.0637,0.1719,0.1224,0.1017,0.176,0.0915,0.1004,0.1724
35.578236055298255,33.35303431775304,0.9467875022840095,0.1481,0.0083,0.2782,0.0166,0.0274,0.3383,0.1372,0.0458
17.100832992971185,16.24175865506528,0.8066141894606629,0.1408,0.0104,0.0231,0.5719,0.0767,0.0204,0.0543,0.1025
24.050916731251586,25.975276302863616,0.7719231355795471,0.2705,0.0083,0.0015,0.1253,0.2266,0.0488,0.2972,0.0219
24.715136559179527,19.660527071616833,1.0536409570161114,0.2045,0.07,0.0329,0.118,0.0511,0.0976,0.0844,0.3415
26.58223118762349,20.578005815168698,1.0973964819748185,0.0411,0.2943,0.1283,0.0094,0.2824,0.1863,0.0111,0.0471
24.47892590584238,18.548328188848213,1.1040847292186096,0.0851,0.181,0.0349,0.1446,0.0173,0.0216,0.1577,0.3578
23.325107997036334,18.346226591092783,1.0533560076282282,0.0741,0.5057,0.0146,0.0059,0.132,0.1255,0.0812,0.061
34.562304239330615,33.72802493025242,0.9061397547746028,0.0359,0.033,0.2871,0.0425,0.1515,0.0777,0.2542,0.118
27.818571136118052,21.64986354007274,1.1001718829327098,0.1454,0.0434,0.0989,0.0006,0.1799,0.1174,0.0626,0.3519
24.35445849934484,17.4178263963556,1.168599229098051,0.0761,0.1832,0.0812,0.1932,0.022,0.1333,0.0023,0.3087
27.507786422029046,28.522196814382006,0.8241927006890122,0.21,0.1932,0.0178,0.0188,0.0025,0.0364,0.3919,0.1295
28.437162076999517,25.086079310966202,0.9741323773267744,0.0291,0.0313,0.2593,0.302,0.0991,0.1336,0.0064,0.139
23.51746578526593,18.269097326482303,1.0683322463323917,0.0311,0.1653,0.0017,0.0323,0.3181,0.2263,0.0759,0.1493
29.214130497898694,22.248895550899427,1.1332756019378858,0.0033,0.0791,0.1501,0.1484,0.0188,0.2918,0.1058,0.2027
39.3032210850151,41.75182889791203,0.8455490937016314,0.0549,0.0643,0.4166,0.0092,0.0407,0.0357,0.2441,0.1347
25.669075997905804,20.226739820129467,1.0713083863540351,0.1432,0.1447,0.0882,0.1967,0.0124,0.071,0.1708,0.1731
29.188325369189194,24.140144032878357,1.043420674494868,0.0836,0.0812,0.1413,0.0035,0.2696,0.2765,0.0957,0.0486
24.603492704590963,18.39843191235481,1.1198504743632756,0.0261,0.3057,0.0589,0.0565,0.1916,0.2479,0.0147,0.0986
32.493167036540726,28.346119227263145,1.005187581696762,0.0323,0.0151,0.2532,0.111,0.0786,0.3795,0.0222,0.1081
35.13094630473902,34.136229990769245,0.9119620506762791,0.0974,0.0005,0.3144,0.043,0.1512,0.1664,0.168,0.059
23.69861487348089,20.254167938653207,0.9725709262974906,0.0132,0.0281,0.0918,0.1487,0.4802,0.1583,0.0586,0.0212
26.72823206252329,22.101909488914373,1.0283379394854122,0.004,0.0092,0.1246,0.1601,0.3005,0.2515,0.1284,0.0218
29.763193435931214,30.900404839003492,0.8337493819308178,0.1406,0.1524,0.0875,0.0337,0.0381,0.0525,0.4214,0.0738
23.896062525531544,18.937996976265996,1.050589592472015,0.1138,0.0084,0.0225,0.16,0.1476,0.0901,0.1288,0.3288
26.888538060937844,21.41724090081278,1.0686968581498857,0.0058,0.4961,0.1605,0.024,0.1939,0.0325,0.0869,0.0002
26.42974300001944,19.90297935509658,1.1269540403897282,0.0298,0.2885,0.1004,0.0937,0.0966,0.0281,0.1823,0.1806
24.966016508425344,17.843943837648485,1.1749653943759717,0.0447,0.2859,0.0838,0.1725,0.0141,0.0317,0.142,0.2253
23.812588496883624,18.134269218244256,1.092549595378835,0.0808,0.1494,0.0976,0.1944,0.2336,0.176,0.0159,0.0523
25.324545458127766,20.514922760197305,1.0394650619646142,0.0274,0.1795,0.0095,0.0627,0.1528,0.3098,0.1666,0.0918
26.530428479039266,23.25629510141567,0.9687883809862637,0.0923,0.0809,0.1664,0.1746,0.2818,0.0319,0.1319,0.0403
26.819419039356312,21.198416762922815,1.076468082242289,0.1414,0.2628,0.1588,0.0847,0.1608,0.1024,0.011,0.0782
33.473457344784606,32.7755044563945,0.8992525922521488,0.1512,0.0032,0.2707,0.1362,0.0262,0.1394,0.2321,0.041
32.00946350773799,28.380338127829635,0.9869319872645222,0.0941,0.0656,0.2775,0.1699,0.0042,0.1569,0.079,0.1528
24.85431762480461,20.52619644365006,1.0159854838208984,0.0009,0.5244,0.0142,0.0233,0.0166,0.074,0.2398,0.107
24.591572825755968,18.78372157286491,1.0962456372598013,0.0296,0.2596,0.036,0.139,0.0626,0.0835,0.2103,0.1795
24.273086026823716,19.57202048270536,1.0358197838970098,0.2623,0.2045,0.0349,0.076,0.063,0.0725,0.0656,0.2212
28.122441297873902,24.1252304261602,0.9998843895690516,0.1054,0.0044,0.1101,0.0205,0.3071,0.3746,0.0489,0.0291
31.517765319751305,31.321876479559396,0.8785477887223442,0.0683,0.0356,0.1919,0.0355,0.2331,0.0445,0.3179,0.0733
27.216543144913302,20.075664804595046,1.156452021434396,0.0212,0.2533,0.1653,0.1164,0.1131,0.024,0.0619,0.2448
19.752195917311287,17.772069872345842,0.8863455990470996,0.083,0.1511,0.0069,0.2428,0.3594,0.0069,0.142,0.008
27.224421385768206,21.963769480073903,1.0573968829366014,0.1184,0.261,0.1584,0.065,0.2052,0.1249,0.048,0.019
28.04656306110347,22.667212543770145,1.0608522338011261,0.0717,0.0895,0.1468,0.2127,0.0125,0.1983,0.164,0.1043
31.716016171421877,29.965996940114444,0.9249155376612687,0.3405,0.0173,0.2155,0.062,0.019,0.0926,0.1394,0.1137
27.14078831466582,19.070043995726493,1.2134627649444103,0.0351,0.2881,0.1179,0.0329,0.1036,0.0862,0.0574,0.2787
25.64282954701146,21.414945907096232,1.0106413362379643,0.0377,0.1941,0.0693,0.0986,0.2127,0.0612,0.2364,0.09
27.927804358596862,23.959127861175876,0.9986926275964422,0.0598,0.0303,0.1683,0.1084,0.3269,0.1344,0.1177,0.0543
23.77351246823378,20.025448934139114,0.9874191851211965,0.1443,0.13,0.0569,0.2535,0.0547,0.03,0.2109,0.1198
25.719758243629563,26.06499316510902,0.8332923053555199,0.1311,0.2797,0.0165,0.0646,0.0666,0.0021,0.3715,0.0678
28.855651657936036,24.34976319730788,1.0207759088467887,0.0552,0.0282,0.1524,0.0429,0.3202,0.306,0.074,0.0212
28.680872404921637,29.581526559199688,0.8343339670293662,0.5152,0.0487,0.1913,0.1298,0.0058,0.0178,0.0649,0.0264
22.994780812661716,18.849582772450855,1.0077029843028182,0.0077,0.0043,0.0122,0.2265,0.2101,0.1301,0.1962,0.2129
19.586847631697687,17.003443445344015,0.9166877098630143,0.0883,0.0449,0.0506,0.322,0.3776,0.042,0.0314,0.0433
27.737496187338735,27.829451911334868,0.8529631220538162,0.0258,0.1683,0.0577,0.1152,0.0634,0.1392,0.4017,0.0286
23.60561440959841,21.125548919281307,0.9280523069251161,0.1039,0.013,0.089,0.4143,0.0074,0.1152,0.2128,0.0444
30.463252018427976,27.976627661751508,0.9459057159561604,0.1891,0.0766,0.2633,0.0695,0.2222,0.0335,0.0136,0.1322
25.10970170060776,18.031707258129888,1.1706990025079353,0.017,0.0743,0.061,0.1391,0.1245,0.1204,0.0784,0.3854
21.90596968120633,16.704514211770505,1.0719239993575655,0.0423,0.3722,0.0204,0.2003,0.0793,0.0218,0.1728,0.0909
33.783073511987205,31.223424119059217,0.9538695499385411,0.0317,0.0197,0.2781,0.1033,0.0729,0.1229,0.2068,0.1645
19.683898775076944,16.132072480911923,0.9722184668854374,0.0099,0.0944,0.0446,0.4969,0.0438,0.2058,0.0611,0.0435
23.113729720157107,19.10392484263343,1.0005132389079439,0.0819,0.1292,0.0168,0.114,0.3088,0.1423,0.1526,0.0543
38.4290035687678,40.92017562038255,0.8413698877582172,0.0964,0.0079,0.4536,0.0463,0.1263,0.1931,0.0228,0.0537
24.283587810608278,20.02979616768907,1.0126707052230821,0.162,0.1196,0.1298,0.2598,0.142,0.1752,0.0011,0.0105
23.330863129908114,21.134345182311343,0.9146658182760885,0.1408,0.0446,0.0419,0.0876,0.445,0.1262,0.1121,0.0017
25.46006598095824,20.21679148281838,1.0614971222904723,0.0389,0.0387,0.0072,0.0453,0.1231,0.3011,0.034,0.4117
28.48977561314299,23.431052931827328,1.0451845968849975,0.2058,0.3584,0.1833,0.048,0.006,0.0503,0.029,0.1192
25.21015076297549,20.800660806431594,1.0196863917139247,0.0258,0.2226,0.041,0.1018,0.1592,0.1003,0.2483,0.101
24.511817341515872,18.310611916285573,1.1202147386058974,0.018,0.4592,0.0468,0.0017,0.1732,0.16,0.0737,0.0674
30.567122071385334,28.37252719359587,0.9363678423888147,0.214,0.0761,0.2522,0.1762,0.0269,0.0377,0.1208,0.0962
29.828830662680666,24.953824069577006,1.0350650301398272,0.0223,0.11,0.1185,0.0752,0.0359,0.4513,0.1261,0.0608
36.12451923344946,35.133652897357685,0.9143518132686245,0.0687,0.0057,0.3686,0.0123,0.1852,0.1772,0.0397,0.1427
26.586235794382745,22.13182507933878,1.0205320037283405,0.0243,0.0193,0.0224,0.0408,0.18,0.1333,0.2347,0.3452
24.860593700918578,22.7138414371069,0.9184088811520569,0.0568,0.0122,0.077,0.0217,0.547,0.0683,0.1155,0.1015
21.730076623871806,16.66643540848541,1.0638193584481095,0.0729,0.4403,0.0066,0.0694,0.2075,0.0757,0.0786,0.049
23.621717746377303,17.84915996364793,1.0993076305181537,0.0224,0.1554,0.0836,0.3209,0.0014,0.2659,0.042,0.1083
30.613876063965222,29.220951400747232,0.9107806141891965,0.1737,0.013,0.1991,0.0647,0.2272,0.0886,0.211,0.0225
25.725187801152575,21.11040290582336,1.0291223667341576,0.2247,0.0515,0.1469,0.2189,0.0905,0.0933,0.0,0.1741
32.46657140154425,31.636980451633328,0.8997878746697713,0.0701,0.1859,0.3265,0.1779,0.0288,0.0166,0.134,0.0602
23.365519467585226,19.978405356298296,0.9693225821689591,0.2438,0.1511,0.0582,0.2133,0.099,0.0283,0.1491,0.0572
24.407252258216463,16.82032985586939,1.2132492307275076,0.0031,0.1996,0.0577,0.0813,0.2244,0.1268,0.0527,0.2546
25.860111445604556,19.43133723355479,1.1249926437309556,0.1474,0.1471,0.1131,0.1477,0.0295,0.0277,0.0324,0.3551
23.65143467455468,17.82017995229737,1.102762975859917,0.1291,0.2037,0.0253,0.1358,0.0832,0.0558,0.1384,0.2286
26.545817355440075,24.613038744053554,0.9160111268620615,0.0455,0.0528,0.0221,0.027,0.2767,0.1825,0.2962,0.0973
31.218076785275635,29.63510766591517,0.9184402868419647,0.0711,0.1195,0.3152,0.252,0.0022,0.0383,0.0831,0.1186
24.596444722793645,18.534614299981914,1.1112421542440052,0.0165,0.403,0.106,0.0866,0.2292,0.009,0.1101,0.0396
28.716245430464145,25.038267281259664,0.9871388124753927,0.0569,0.1099,0.0526,0.0228,0.0472,0.4992,0.1284,0.0831
33.84980484995943,31.983791011347034,0.9332791362777942,0.0849,0.1561,0.3334,0.115,0.0196,0.1112,0.0858,0.094
23.353082014752,18.402455378961164,1.0516575976528464,0.2345,0.3015,0.0295,0.1057,0.0167,0.05,0.058,0.204
30.724221118511856,28.756707141503203,0.9293213227442877,0.3518,0.0658,0.2177,0.0686,0.0312,0.1721,0.02,0.0727
31.199750512536912,26.9003219411786,1.011131040439332,0.0792,0.0354,0.1743,0.0394,0.1202,0.0949,0.2273,0.2294
25.98990118036476,25.247373565028962,0.8709777721522589,0.1303,0.0046,0.063,0.19,0.1605,0.133,0.3019,0.0167
27.6906144133797,27.530605333066692,0.8605191976990486,0.0538,0.0062,0.125,0.123,0.2995,0.0256,0.3031,0.0639
24.53206443883154,19.623474506600854,1.0463011752544156,0.0867,0.1774,0.0945,0.2261,0.0707,0.294,0.0036,0.0469
25.731214087414088,19.564455359632426,1.1107497595998692,0.0465,0.441,0.1242,0.0269,0.2153,0.0349,0.0732,0.0379
22.346011967586318,18.45190371379874,0.9942612021038656,0.0201,0.1563,0.0921,0.4364,0.0067,0.1202,0.1571,0.0111
35.4696014418035,37.53638722190214,0.8383758739424255,0.0714,0.1288,0.3989,0.1404,0.0625,0.0317,0.1485,0.0177
24.313344997652145,19.480222669004235,1.0427675978249225,0.1786,0.0424,0.0955,0.144,0.2537,0.0273,0.0266,0.2318
24.858929705774248,22.7075661630506,0.9185894056631912,0.337,0.3701,0.063,0.0381,0.0204,0.1331,0.0212,0.017
26.119545850048336,20.484269594789005,1.0798308305645095,0.0431,0.4703,0.0774,0.0201,0.0748,0.1715,0.1229,0.0199
23.899875854390203,22.295275676087613,0.8925602061845528,0.0569,0.0002,0.0681,0.077,0.5312,0.0365,0.1312,0.099
25.30721503695271,23.302253421104336,0.9143843151948229,0.0091,0.0487,0.0426,0.1448,0.1747,0.5509,0.0001,0.029
19.63070742480529,15.723248708622922,0.9941143662144782,0.0834,0.0268,0.0121,0.4266,0.0585,0.1238,0.0625,0.2062
20.293569350386424,17.09189529865682,0.9532921344110308,0.0406,0.0681,0.0064,0.1833,0.3798,0.0,0.0424,0.2793
29.112871651975585,26.505518599463834,0.9474582267740871,0.3741,0.1215,0.1453,0.0236,0.0452,0.0927,0.102,0.0957
32.2501847911031,30.66236266036939,0.9213309849607908,0.2584,0.0443,0.2265,0.0887,0.0135,0.1569,0.1838,0.0279
20.866593880225736,16.751476847044486,1.0068720527886805,0.0636,0.1522,0.0401,0.4118,0.0237,0.1467,0.127,0.0349
44.053566667378604,52.47929173398437,0.7632261287063227,0.0974,0.0545,0.6112,0.0179,0.0202,0.1321,0.0492,0.0176
30.575103265840497,30.41124833202904,0.873857691591426,0.3773,0.0156,0.2172,0.0819,0.1104,0.063,0.1282,0.0065
23.06945386406293,19.238840864147633,0.9911955714338089,0.2473,0.3002,0.0151,0.0706,0.0828,0.1257,0.0297,0.1285
22.565922035656193,20.972804890380196,0.885237913225999,0.3677,0.0835,0.0072,0.1351,0.0483,0.0562,0.0055,0.2966
27.15876281507518,21.201138837555387,1.0923357934929459,0.1718,0.1379,0.0537,0.0259,0.0078,0.1187,0.1261,0.3581
25.43105734187406,18.648881164486532,1.149187297235058,0.0198,0.407,0.0832,0.0413,0.0979,0.1991,0.006,0.1457
32.32089341288004,29.3274853381017,0.9656775235374881,0.1062,0.0297,0.2867,0.0864,0.17,0.1507,0.0413,0.129
26.516548553053294,22.758297520017614,0.9893775460685631,0.0318,0.1582,0.1509,0.0704,0.3931,0.0232,0.1218,0.0506
24.937741821775052,21.277996666950887,0.984009075172743,0.139,0.1388,0.0292,0.0607,0.2293,0.1015,0.2052,0.0964
28.277773600391974,23.99979560845912,1.0115825149708724,0.1198,0.4492,0.2177,0.0691,0.0725,0.0191,0.0266,0.026
23.42996300289924,18.46278586792792,1.0523852219210008,0.0244,0.1519,0.051,0.0958,0.3688,0.0437,0.1254,0.1389
29.7854810333472,24.805042900159684,1.039525758416697,0.1059,0.1306,0.2237,0.1217,0.1053,0.1175,0.0603,0.1351
22.267352572225402,16.190868724331555,1.128250304739567,0.0663,0.2401,0.1046,0.3477,0.0142,0.0037,0.048,0.1754
25.999352460077507,20.802690171122368,1.0575244008881268,0.1101,0.2876,0.1567,0.1918,0.0788,0.0351,0.1021,0.0379
24.860115472765507,21.147597489111618,0.9864059254724264,0.2838,0.1969,0.0591,0.1158,0.0606,0.1115,0.1083,0.064
31.77625126587284,35.896820410275645,0.7737802665642708,0.0499,0.0409,0.1088,0.0667,0.0049,0.0688,0.532,0.128
26.314391637294136,20.415392783403792,1.093017992552859,0.014,0.0943,0.1693,0.1891,0.234,0.0866,0.0387,0.174
23.714903382767005,17.604230281470155,1.1198957902475577,0.119,0.4113,0.069,0.0959,0.1109,0.0732,0.0513,0.0695
22.845151330179977,17.453018838993692,1.0797645670373064,0.1303,0.0629,0.0269,0.2386,0.0343,0.1054,0.0663,0.3354
26.3801424494907,23.693569931049957,0.9445660790931283,0.3831,0.1049,0.0679,0.0025,0.1208,0.0747,0.072,0.1742
25.639159225243002,27.36274810030036,0.7908255101396584,0.1645,0.0118,0.0378,0.0679,0.3251,0.012,0.3282,0.0527
23.39830525726824,17.57618780530775,1.103669662167028,0.1124,0.1403,0.0698,0.1552,0.2363,0.0124,0.077,0.1967
22.042076326247376,17.998038334252815,1.0024468217689453,0.0624,0.057,0.1036,0.3906,0.1672,0.0308,0.1049,0.0836
33.62312012044227,30.900558992255316,0.958659684048654,0.058,0.1574,0.2679,0.0215,0.0897,0.0525,0.2136,0.1394
23.925404361350637,19.0683309864744,1.0449474773373808,0.1421,0.2916,0.0525,0.0064,0.32,0.0491,0.0827,0.0556
20.452377440063625,17.23772239605608,0.9544403292994126,0.1048,0.1058,0.0447,0.2313,0.3929,0.0733,0.0288,0.0184
23.627962470385093,26.394676271472562,0.7436333853277469,0.5827,0.0368,0.0193,0.055,0.143,0.0131,0.0624,0.0877
24.19078766129779,22.141547808492053,0.9118959449417499,0.1125,0.0536,0.1893,0.4751,0.0178,0.0709,0.0763,0.0044
20.55013953229038,18.611546041537796,0.8892404475884641,0.3069,0.0532,0.0426,0.3721,0.0466,0.0429,0.0553,0.0805
24.94147839588401,22.823328442680676,0.917547081201464,0.233,0.0181,0.0082,0.1584,0.0016,0.365,0.089,0.1267
23.02981008407267,20.85436560121522,0.9125096609490613,0.327,0.2884,0.0143,0.0883,0.0708,0.0906,0.0836,0.037
32.976733924008066,33.57398142623054,0.8630711251114606,0.3734,0.0722,0.3003,0.0328,0.0995,0.0793,0.0335,0.009
25.85106919482749,20.731773717077317,1.053989373655385,0.0483,0.0335,0.0927,0.271,0.038,0.1755,0.1979,0.1431
26.498659338039438,28.538808084222968,0.7883531530693922,0.476,0.0344,0.0419,0.0816,0.0255,0.0949,0.2347,0.011
30.710070182693322,25.993787760905562,1.0275559079106218,0.0114,0.0965,0.1217,0.0069,0.1334,0.2933,0.2456,0.0911
23.150823907917914,17.575821933163724,1.0896118531892,0.0289,0.1768,0.0509,0.2741,0.0567,0.2645,0.0819,0.0661
24.04033657685368,19.945529271229407,1.0047533110971905,0.0037,0.1879,0.0246,0.2376,0.0211,0.1575,0.2549,0.1127
30.491057412181448,23.476288369470367,1.128417618461001,0.0007,0.0574,0.1499,0.0159,0.1551,0.251,0.1302,0.2398
29.335121182563796,28.966640035720676,0.8746309945275457,0.0315,0.1846,0.114,0.0595,0.1288,0.0713,0.3797,0.0305
31.492381039221957,29.85049264375882,0.921002590051729,0.399,0.0085,0.2091,0.0056,0.0565,0.0369,0.0882,0.1961
30.161961764381783,27.686580769080578,0.9449329255419856,0.2107,0.1282,0.2567,0.086,0.1755,0.0783,0.0122,0.0525
25.9644026563876,19.83962560645393,1.1070976384374143,0.0253,0.0818,0.1128,0.1065,0.3107,0.1508,0.0796,0.1324
25.465993908286055,24.405720486924366,0.8795476421106558,0.3374,0.0337,0.025,0.02,0.1776,0.3002,0.0346,0.0715
26.80829749962792,25.834061590796093,0.8828769498542125,0.0002,0.1203,0.0764,0.2063,0.0607,0.1072,0.3639,0.065
26.058157917367826,22.25451372121962,0.9911768099581267,0.0025,0.0595,0.1677,0.3663,0.033,0.0628,0.1811,0.1272
23.35982790151057,20.910621553055062,0.9258370370479055,0.2475,0.0489,0.0298,0.0337,0.38,0.0539,0.0591,0.147
21.677747335729148,23.35872385019293,0.7567942259646662,0.2649,0.012,0.0108,0.0049,0.6002,0.0231,0.0456,0.0385
27.5770948977731,21.243017573823973,1.1098750361542429,0.0851,0.1943,0.0988,0.063,0.0573,0.0359,0.1842,0.2814
25.760771410500894,24.493065241944777,0.8884462273523533,0.3668,0.2185,0.0744,0.0798,0.0603,0.0034,0.1841,0.0126
28.030065450935687,24.269067702405454,0.9901519805210284,0.2546,0.1273,0.1292,0.0254,0.177,0.0638,0.1342,0.0885
29.379509255763576,28.13441508500969,0.9020805721063683,0.2027,0.0355,0.1468,0.0963,0.13,0.0628,0.2709,0.0551
27.309978392564062,24.03386834035743,0.9698804230121448,0.0428,0.2285,0.2181,0.2637,0.0768,0.0004,0.1358,0.0339
31.724433285206988,29.55676228546173,0.9380064371544504,0.177,0.0544,0.2049,0.0903,0.0595,0.1895,0.2161,0.0083
33.16612493506778,33.722319732142694,0.8648908250302797,0.1727,0.0898,0.3669,0.1364,0.1139,0.0401,0.0004,0.0797
24.495908974084756,21.391577221720276,0.9581298639949705,0.1625,0.044,0.1477,0.2027,0.3342,0.0615,0.017,0.0304
25.99535372164401,20.83228779306043,1.055829966450973,0.2642,0.1892,0.0697,0.0169,0.0663,0.0367,0.0426,0.3144
25.20096152652887,17.74571298722013,1.1947089159954911,0.0168,0.2967,0.0984,0.0257,0.2614,0.049,0.0261,0.2259
29.974390041047815,26.471706749233793,0.9812132737455483,0.0445,0.1507,0.1033,0.0227,0.0424,0.5153,0.1058,0.0152
24.853257344386822,23.07014289902478,0.9039067263544487,0.2666,0.1173,0.0112,0.1373,0.0119,0.1367,0.2267,0.0923
22.531490308138874,24.08577663909096,0.7693955891819765,0.5034,0.3457,0.0021,0.0348,0.0063,0.0345,0.0101,0.0631
27.677950787785754,24.68838621220861,0.9590724393349296,0.1555,0.1291,0.1942,0.0676,0.3353,0.0071,0.0623,0.049
30.143406461661886,29.31469502190681,0.8918191522076206,0.3784,0.0442,0.2225,0.0947,0.0874,0.0546,0.0797,0.0384
23.813923454776265,18.601138352628308,1.0651995097911087,0.013,0.0741,0.067,0.2443,0.1907,0.0934,0.1744,0.143
25.308153852111076,24.148546775889866,0.8823783083040564,0.0549,0.018,0.1391,0.3265,0.1619,0.005,0.2444,0.0502
25.381316632354185,18.629567837929137,1.1477086757118748,0.0073,0.3165,0.1099,0.0739,0.2275,0.1749,0.0219,0.0682
27.647387534920142,29.54876698897923,0.800283394015726,0.1515,0.0514,0.0097,0.0548,0.0761,0.1319,0.4203,0.1042
34.30430906519161,33.488792999133764,0.9049089665899717,0.0299,0.2467,0.3148,0.0472,0.0804,0.0723,0.2084,0.0003
38.795933583740315,44.55046674531547,0.781045320639635,0.001,0.0762,0.5209,0.1616,0.0655,0.0758,0.0698,0.0292
29.787806862053294,25.418009571066126,1.0145486329271085,0.1658,0.0422,0.1668,0.0706,0.1144,0.3314,0.0353,0.0734
27.92621432919624,22.7674819379899,1.0508941829563012,0.0537,0.0063,0.0766,0.0696,0.1916,0.318,0.1711,0.1131
19.473741216669815,16.262133230720785,0.9515197666342065,0.1394,0.1874,0.0135,0.3937,0.039,0.0127,0.1366,0.0777
25.364821305299667,20.283381301386807,1.0533165544661391,0.0422,0.0198,0.1497,0.3479,0.0247,0.0353,0.1093,0.2711
34.71202167214295,34.787415349000895,0.882848621089782,0.066,0.0222,0.3532,0.1268,0.1158,0.0842,0.1465,0.0854
26.99452987957938,23.980565237047358,0.9588818967475938,0.1629,0.0526,0.1535,0.2773,0.011,0.0518,0.1999,0.091
30.48682995487916,27.615323379117463,0.9591352449962015,0.014,0.0819,0.165,0.0651,0.1523,0.0511,0.2919,0.1787
21.654420607805918,17.718340608821595,0.996392438635938,0.1136,0.0901,0.0052,0.3273,0.0086,0.2306,0.1088,0.1157
28.889043689089327,22.29757294510143,1.1162220996145331,0.1078,0.0497,0.1339,0.0891,0.0509,0.2695,0.0493,0.2498
20.964673263573747,15.830261893892366,1.0716609350676034,0.1225,0.2963,0.0197,0.263,0.0142,0.1067,0.0424,0.1351
25.943266861275198,19.036672640154855,1.152683941992538,0.0372,0.1881,0.0748,0.0887,0.0437,0.0146,0.0965,0.4562
28.17841547300011,26.37480077787881,0.9167240987571417,0.1188,0.0291,0.0154,0.061,0.0151,0.4468,0.2412,0.0727
24.648777159674818,22.394216016124087,0.9220584969265039,0.0121,0.0153,0.0359,0.2476,0.108,0.0942,0.3002,0.1867
24.952671541849917,20.210529122748948,1.0367205833451243,0.0321,0.0109,0.1122,0.3436,0.0715,0.2947,0.1002,0.0348
21.343695009902245,16.7158711710817,1.037558547346708,0.1219,0.0308,0.0333,0.2517,0.2259,0.0513,0.0442,0.2409
27.420402152201778,21.48999982183374,1.0898279360806116,0.0441,0.2093,0.1782,0.1006,0.2247,0.0684,0.0583,0.1163
21.789730107649316,15.56999679899148,1.1425647890179151,0.031,0.24,0.014,0.194,0.107,0.0063,0.1035,0.304
27.059055208744308,29.010417279238165,0.7948543099808131,0.0093,0.0898,0.0118,0.0174,0.2124,0.0132,0.4307,0.2154
27.15772254127416,23.991134254154503,0.9652616794165944,0.335,0.0051,0.0822,0.0041,0.1445,0.0292,0.0818,0.3181
27.547415820969817,21.215371541578456,1.1099223869269015,0.1213,0.2175,0.1411,0.0113,0.2127,0.1283,0.0231,0.1446
35.337576044064164,37.078716369835576,0.8451634552688572,0.1425,0.0766,0.3077,0.0852,0.0001,0.0221,0.3126,0.0533
27.816724362834982,26.451998508761914,0.9003752345950712,0.2176,0.0578,0.0536,0.059,0.0487,0.0489,0.3119,0.2025
28.07188310534972,30.67314054547324,0.7847870376906111,0.0975,0.0598,0.1226,0.2368,0.032,0.0051,0.4174,0.0288
32.05396814229475,29.66707009310159,0.9456265163447359,0.1746,0.0628,0.203,0.0474,0.0538,0.0484,0.2497,0.1602
27.90529946848898,23.24178512500159,1.0285483382588214,0.201,0.1057,0.1835,0.185,0.0288,0.149,0.0229,0.1242
25.42126851352844,21.77962973863716,0.9835460368514444,0.0779,0.0048,0.0026,0.0026,0.3353,0.2709,0.1549,0.151
25.058698312597688,23.395166918684414,0.900130286985868,0.0196,0.1575,0.0237,0.1835,0.0034,0.5281,0.0602,0.024
30.262282240520065,31.645042827529885,0.8299019338875081,0.5592,0.0051,0.1837,0.018,0.0488,0.0642,0.0697,0.0511
22.570116211696746,15.950157033420604,1.1642591463385912,0.0658,0.4041,0.0402,0.1145,0.1287,0.0727,0.0509,0.1232
25.297924970643443,24.453936399459547,0.8709405562661946,0.2482,0.1431,0.007,0.1069,0.0099,0.0568,0.2927,0.1355
30.442778890828027,26.63500205937206,0.9927830616226142,0.042,0.2567,0.2726,0.1496,0.0582,0.0853,0.0575,0.0782
28.43791073662687,25.84213168858086,0.9456615665891646,0.3347,0.2176,0.1711,0.0756,0.0366,0.0071,0.1105,0.0469
30.849055129417753,26.843736978104378,1.0001981151624946,0.0176,0.2003,0.2286,0.1236,0.0251,0.3662,0.016,0.0224
19.247238384139543,15.164652290646474,1.0054459602442718,0.0505,0.1393,0.0175,0.3568,0.2172,0.1182,0.0655,0.0349
17.21123586715767,17.029786662079818,0.775772247140071,0.1446,0.0113,0.0419,0.5961,0.1045,0.0255,0.0687,0.0073
20.743644685816772,15.711199761498062,1.0657139454651212,0.0118,0.2289,0.0126,0.3406,0.0377,0.151,0.1263,0.0911
29.437036070707656,22.63439118278869,1.1238224110065798,0.04,0.1102,0.1623,0.0236,0.195,0.2334,0.0485,0.187
24.49173443913904,19.874371551911025,1.0310632658555008,0.0904,0.008,0.0731,0.2309,0.1999,0.2351,0.1215,0.0411
27.671540338961815,22.01198562498114,1.075393230863156,0.1736,0.0881,0.0721,0.0077,0.0139,0.0933,0.0651,0.4862
25.068529843652932,21.93754329692702,0.960386929315106,0.0115,0.0088,0.0157,0.1257,0.1954,0.4999,0.0536,0.0894
28.35610201357518,22.20058757206051,1.0970926753410521,0.0768,0.0188,0.1491,0.0951,0.1385,0.0636,0.0829,0.3752
27.781751853314752,25.11745785373864,0.9468216087710057,0.2624,0.0384,0.1957,0.1566,0.1784,0.0698,0.0423,0.0564
23.22631455167594,17.57749211092513,1.0938030539479517,0.0579,0.015,0.1002,0.3258,0.1221,0.0563,0.0554,0.2673
27.567565766066082,23.18499517964344,1.0165007835222042,0.1915,0.0041,0.1562,0.2107,0.0708,0.1432,0.1072,0.1163
17.64300595507681,14.144323377895986,0.9645569880279596,0.0164,0.187,0.0236,0.4479,0.175,0.0713,0.0267,0.052
27.436752877784826,23.5765177814336,0.9940718597655316,0.0628,0.1246,0.1744,0.0318,0.4182,0.0577,0.0584,0.0719
32.844549984414456,32.25067513963704,0.8943859271015274,0.1144,0.0312,0.2116,0.0763,0.0654,0.1121,0.3224,0.0667
27.048253288560257,21.151854100795475,1.0896564045273678,0.2057,0.2929,0.1344,0.0506,0.0665,0.0202,0.0618,0.1679
26.299078725243564,24.373602596879163,0.9148864488378412,0.1125,0.0222,0.0752,0.2007,0.0807,0.0398,0.2985,0.1705
24.54846920560529,20.898518274558466,0.9832500532164846,0.2836,0.168,0.0704,0.1233,0.1298,0.0528,0.1087,0.0635
30.43345240850265,28.801376022737408,0.9177843582068653,0.0014,0.0823,0.2725,0.0324,0.4487,0.1125,0.0194,0.0308
34.461510145187724,34.40621148033577,0.8853491516378499,0.1331,0.0076,0.3319,0.1605,0.0124,0.0948,0.176,0.0835
26.063075777959728,24.279393354919918,0.9087161056884033,0.4335,0.1618,0.0512,0.0118,0.0131,0.0829,0.0677,0.178
21.997798172885222,18.784838046115027,0.9581023870795321,0.0287,0.0955,0.0169,0.2911,0.1772,0.1561,0.2072,0.0274
31.07961613309378,33.08111797044242,0.8185822546048501,0.5017,0.0295,0.2644,0.0309,0.1461,0.0089,0.0004,0.0181
23.44530775428556,21.450718527212832,0.9065107879541116,0.3199,0.0671,0.0451,0.1825,0.1404,0.1586,0.079,0.0074
24.503981412832463,18.780862031221254,1.0917486843120778,0.1008,0.125,0.0796,0.1927,0.1291,0.2526,0.0306,0.0896
27.783467280315026,22.00738084651551,1.0807041258651517,0.1621,0.0159,0.1162,0.0586,0.1136,0.0725,0.0552,0.4059
21.823555611388834,16.555321811692515,1.0766058077349245,0.0037,0.01,0.0338,0.3288,0.0779,0.1111,0.0559,0.3788
24.49425551744469,21.810217047532788,0.9396630704215314,0.3063,0.0339,0.0063,0.0381,0.1428,0.0772,0.09,0.3054
28.21821440372732,24.415774802425346,0.9919084935744737,0.0286,0.1184,0.2159,0.0924,0.3567,0.0944,0.034,0.0595
26.388370029106916,21.98274056425566,1.0184521790477215,0.0343,0.0683,0.0319,0.0727,0.1874,0.3823,0.156,0.0672
30.614870877728407,26.334879257957756,1.0106319689954928,0.0283,0.0624,0.2157,0.1105,0.1803,0.1823,0.148,0.0725
26.24666542703404,21.42955360627444,1.0381301372754845,0.254,0.0528,0.0773,0.1035,0.0074,0.1447,0.0161,0.3442
33.876029860536065,33.92824133258722,0.8805652367203863,0.0788,0.164,0.3619,0.163,0.03,0.1018,0.0934,0.0071
26.25665647873025,20.477143904054365,1.0869023816511614,0.136,0.2664,0.0691,0.0846,0.0268,0.1528,0.1511,0.1132
32.34997108048094,30.921687636593404,0.9168313002079151,0.1374,0.244,0.1939,0.0032,0.0106,0.0582,0.312,0.0408
32.61373720049272,28.500681475986116,1.0039667726753083,0.1502,0.0013,0.2459,0.0269,0.122,0.1039,0.0914,0.2585
24.105754800843528,18.694464466116088,1.0754924184795676,0.0977,0.3644,0.0649,0.1776,0.0092,0.0988,0.1459,0.0414
28.15586410688387,24.363229258422976,0.9914886015585388,0.1692,0.3104,0.221,0.0926,0.138,0.0107,0.0222,0.0358
24.288361425655314,19.955448228370344,1.016682822328775,0.2707,0.1531,0.0457,0.1087,0.1,0.0835,0.086,0.1523
31.32933097750924,30.822180283181332,0.8866774097879758,0.0781,0.0936,0.1199,0.057,0.0184,0.2286,0.3833,0.0211
20.316808705764295,16.927228604467075,0.9639385800850063,0.0916,0.2158,0.0194,0.2009,0.341,0.0197,0.1052,0.0064
33.40728783778195,30.259017808373113,0.9718520285098127,0.0152,0.0977,0.2955,0.001,0.2547,0.1821,0.0611,0.0927
25.141520807801793,20.147099268600357,1.0493580503051008,0.1834,0.0308,0.086,0.1857,0.0803,0.0075,0.1073,0.3191
23.13683725601676,17.577736442653425,1.0886974735597972,0.1193,0.3507,0.0457,0.0324,0.2647,0.0837,0.0273,0.0762
23.081518480406938,17.178426762265946,1.1107838188256745,0.0965,0.1066,0.0825,0.254,0.1691,0.1559,0.0271,0.1084
27.05386609806797,23.476475349194995,0.9819986073360234,0.2195,0.1465,0.1686,0.1665,0.1227,0.0517,0.1005,0.024
25.509603582364687,29.610910404138412,0.7264080465205321,0.0743,0.0684,0.0111,0.1262,0.2083,0.0251,0.4448,0.0417
25.831980999680976,21.73614022993734,1.004409281902388,0.241,0.0991,0.0752,0.0808,0.1688,0.1981,0.0743,0.0627
24.051239090535887,17.183140246045653,1.1669135445222398,0.0087,0.0761,0.0923,0.2169,0.2119,0.1169,0.0543,0.2227
34.342876930074404,32.171872931681925,0.9431492221329029,0.1549,0.0677,0.2951,0.0172,0.0934,0.3106,0.0236,0.0376
25.6313976158489,25.723503801247478,0.840919564573465,0.4169,0.1256,0.024,0.0116,0.0909,0.2332,0.0848,0.0129
33.09649804563517,30.9648461062486,0.9396622849600922,0.0004,0.0468,0.2606,0.0035,0.2958,0.1312,0.1892,0.0724
24.101279272729627,21.610109914097976,0.9301794092040218,0.1855,0.0939,0.0562,0.2277,0.104,0.0438,0.2265,0.0624
34.937500774803254,32.09322988767787,0.9639883826925643,0.1036,0.1269,0.2914,0.0112,0.0409,0.2711,0.1077,0.0472
25.346829112510292,21.398521699292868,0.9975842916857064,0.1094,0.1606,0.1634,0.1671,0.3016,0.0314,0.0497,0.0167
25.614466137855995,21.445891713032655,1.0078604530452282,0.2342,0.1427,0.1018,0.0332,0.2862,0.0214,0.0647,0.1158
31.744124755954417,26.442037263631736,1.0492430851428218,0.0611,0.0741,0.1626,0.0156,0.0744,0.2258,0.2134,0.173
24.228775358553683,22.598487903318087,0.8951384466561382,0.2749,0.073,0.0099,0.046,0.2549,0.1047,0.1666,0.0699
25.669987116638072,24.349272835958594,0.8899644462743955,0.4298,0.0716,0.1341,0.168,0.0646,0.0532,0.0023,0.0765
19.44379762909624,18.130888994043218,0.8517948366552901,0.1869,0.0116,0.0176,0.2625,0.3918,0.0508,0.031,0.0479
25.30243993958292,20.37601635251408,1.0454663743413484,0.0408,0.1698,0.0631,0.1986,0.0331,0.3554,0.0944,0.0449
30.13526141789215,27.443945182038714,0.9523142990023512,0.0243,0.0065,0.135,0.0081,0.3145,0.2399,0.2486,0.0231
33.34767200033459,36.617729849706954,0.8014607164558962,0.1652,0.1049,0.1863,0.0011,0.0562,0.0081,0.4461,0.0321
30.434625638731287,28.719275903355435,0.9204488904137998,0.0382,0.2312,0.1803,0.0984,0.0379,0.01,0.3233,0.0809
22.639202213984937,15.836024366292822,1.1770127263543946,0.0274,0.3585,0.0347,0.165,0.0737,0.0045,0.129,0.2071
22.55332560317577,19.776640077218325,0.9381434627284465,0.0119,0.0012,0.0728,0.4236,0.1085,0.1398,0.2048,0.0373
32.371440730974975,31.15417608126796,0.9106785766686941,0.0716,0.0695,0.3181,0.2088,0.0307,0.0269,0.1322,0.1422
29.0009922847129,31.46292589418752,0.7946175244093112,0.1074,0.0967,0.0459,0.0137,0.0921,0.0239,0.4604,0.1598
27.613695859208974,26.3303167293702,0.8968253630184795,0.0277,0.0062,0.0825,0.0713,0.3246,0.1822,0.2937,0.0118
26.282723889183735,21.048146866821483,1.0586549034541533,0.0648,0.5249,0.1747,0.1324,0.0022,0.005,0.0486,0.0474
31.1640867674893,30.447022524652596,0.8921754744817778,0.2795,0.0138,0.2862,0.1792,0.0485,0.1541,0.0018,0.0369
23.458746152737056,19.946931140177597,0.9755258097594157,0.1773,0.0812,0.0812,0.3033,0.0714,0.0137,0.1711,0.1008
24.584321311021004,18.867896076968805,1.0909706745813257,0.14,0.1033,0.0432,0.0496,0.2066,0.1465,0.0075,0.3033
31.241852703237583,27.710612509077414,0.9830837443349087,0.2375,0.1128,0.2035,0.0109,0.0713,0.0046,0.1526,0.2068
28.62614276866552,22.13255766315655,1.1126659260741458,0.0083,0.1675,0.1243,0.0642,0.1335,0.1996,0.173,0.1296
28.354303206781438,24.43379788487923,0.9967465279662076,0.0527,0.0467,0.2161,0.3032,0.0224,0.263,0.0543,0.0415
20.350963963519323,15.9932870392535,1.022364190887586,0.1551,0.2419,0.0082,0.2602,0.0673,0.1146,0.0144,0.1384
22.287801019106798,17.20279099158396,1.0630717438846784,0.0179,0.0133,0.0743,0.4011,0.0175,0.0526,0.0859,0.3374
25.247716655978632,22.105854474383044,0.9611805180659788,0.2345,0.0157,0.1411,0.2824,0.1093,0.0976,0.0846,0.0346
32.976233042183104,29.638566113999225,0.9776529988236078,0.1193,0.2865,0.3063,0.0349,0.0037,0.0506,0.0298,0.1689
23.701185030956335,19.90533052324788,0.9897441797284843,0.1681,0.007,0.0025,0.1605,0.0932,0.0789,0.1535,0.3364
31.158565626462124,27.581967388695517,0.984649326994458,0.0422,0.0214,0.1365,0.1033,0.0005,0.2532,0.2994,0.1437
32.88415743459441,28.08881444273803,1.0283152923195733,0.0359,0.1011,0.2759,0.0307,0.0404,0.0618,0.0028,0.4514
24.327321067588812,19.341291667901714,1.0509805351482024,0.0946,0.223,0.0221,0.1087,0.1028,0.2722,0.0994,0.0772
24.102768468905506,21.938154134780827,0.9163381907794378,0.2771,0.2216,0.0159,0.0898,0.0252,0.2576,0.0365,0.0764
31.50014997424319,30.777736345889107,0.893507880670253,0.1764,0.1279,0.2477,0.131,0.0545,0.0365,0.2243,0.0016
38.74190959882102,43.316036076442096,0.8020565302307473,0.1915,0.0709,0.4873,0.0732,0.0347,0.0849,0.0259,0.0316
28.002140213017253,26.031484962963088,0.9220426820508651,0.1884,0.0904,0.0635,0.065,0.0721,0.1616,0.2902,0.0687
29.498138970888444,25.44571024414486,1.0020604151442638,0.0988,0.2477,0.2411,0.1726,0.0175,0.0642,0.0874,0.0707
25.096597690839396,26.78657622636818,0.7875809701305655,0.5594,0.0241,0.0264,0.0033,0.11,0.0045,0.0814,0.191
25.49299108652771,23.119645241094965,0.9296419068024498,0.1295,0.0059,0.1306,0.0727,0.4776,0.029,0.0605,0.0942
26.997737113693464,19.868485900094363,1.1574982225285844,0.0262,0.5203,0.1349,0.0118,0.0183,0.0708,0.0213,0.1963
18.04285344033363,16.359932165953147,0.8583686837992142,0.0599,0.0156,0.0213,0.3598,0.3878,0.0349,0.0055,0.1153
27.35329535558596,25.50872592476624,0.9155022255702866,0.2972,0.0235,0.0891,0.1366,0.0496,0.1863,0.1953,0.0224
32.24875283790378,30.753610977777313,0.9185507633011436,0.0716,0.0242,0.2748,0.2168,0.0069,0.1125,0.2097,0.0835
25.707833953408493,21.434822117086078,1.0127368370416656,0.1678,0.1528,0.0536,0.014,0.2475,0.052,0.1714,0.1409
25.919698353551446,18.77542317937436,1.1674676061432911,0.0046,0.0467,0.1182,0.2365,0.0581,0.2216,0.0243,0.29
26.517636491443913,21.101243409583017,1.067123678655716,0.0039,0.0845,0.1739,0.1659,0.2868,0.0714,0.0452,0.1685
33.568570368267935,32.55473931772161,0.9082723740985967,0.1773,0.1704,0.328,0.0352,0.1243,0.0821,0.0486,0.0341
23.00900605715007,17.435687170650485,1.0902355537295916,0.0114,0.1346,0.0658,0.2107,0.2771,0.1056,0.1177,0.077
20.65555088897016,15.654799315390056,1.0639261834928972,0.1055,0.249,0.0013,0.2108,0.1714,0.0855,0.0828,0.0937
22.246695403058528,15.373935036989595,1.1868591456355897,0.0432,0.2526,0.0493,0.2387,0.0688,0.0096,0.091,0.2468
29.969283448782697,26.174259416425617,0.9921687959005142,0.1617,0.2074,0.2349,0.0457,0.1686,0.1277,0.0037,0.0503
26.36620220551053,27.241892094755197,0.8210223477765198,0.1313,0.0688,0.0001,0.0384,0.1634,0.0605,0.3763,0.1612
31.533316243978433,27.357977475103695,1.0064090545082984,0.0836,0.0537,0.2687,0.1321,0.082,0.1186,0.0508,0.2107
26.31306408250159,21.931544086426484,1.017395947798825,0.2114,0.0023,0.1287,0.2209,0.0618,0.041,0.1182,0.2155
20.205816739834045,15.697812324417113,1.0323614784607125,0.076,0.0682,0.0636,0.3734,0.2018,0.0221,0.0311,0.1637
23.679557433712173,22.25420162269046,0.8843075014493815,0.3962,0.0859,0.0103,0.0893,0.0189,0.0652,0.0246,0.3096
24.055475952400098,23.040733278116722,0.8704356632368155,0.1934,0.2606,0.012,0.0244,0.2482,0.0027,0.2507,0.008
35.403907529907954,33.85759236435888,0.9275292581927986,0.144,0.0172,0.2681,0.0091,0.0351,0.139,0.2524,0.1351
27.52328695810398,21.636179174895766,1.0872200108879577,0.1289,0.0674,0.1602,0.1317,0.0854,0.041,0.0136,0.3718
34.38884756081483,34.75681550510887,0.8743277287974789,0.0739,0.1507,0.3422,0.1202,0.0448,0.0171,0.1984,0.0528
24.822156154845164,20.831105026445528,0.9995704082145906,0.2312,0.0094,0.08,0.1407,0.2322,0.1246,0.072,0.11
25.19786080949928,19.16623486353496,1.1060002635066117,0.0373,0.0721,0.0695,0.0687,0.2466,0.0377,0.0661,0.4021
24.64143455313277,20.293131935298096,1.0171635713474485,0.1055,0.1337,0.08,0.0522,0.394,0.1728,0.045,0.0168
29.488893886652036,24.020434684325473,1.0611337480618037,0.1584,0.1139,0.183,0.0479,0.1398,0.1698,0.0374,0.1498
24.07393014560997,18.958557893138536,1.0588321252469899,0.0039,0.2178,0.1323,0.2801,0.17,0.073,0.1138,0.0092
27.868947153827957,20.115854526100797,1.1865738600792441,0.0261,0.1255,0.1053,0.0785,0.0779,0.2366,0.0815,0.2685
33.526485990794896,29.366477714560784,1.0054486710251525,0.0691,0.1647,0.2478,0.0354,0.0025,0.1552,0.1868,0.1383
32.62911931827521,31.38558419289398,0.9121741734142116,0.1002,0.0525,0.3406,0.1948,0.0348,0.0391,0.0387,0.1994
23.73579350853287,19.88273940615834,0.9926093736570345,0.2629,0.3233,0.0715,0.048,0.2104,0.0318,0.0295,0.0226
29.895013804761017,23.087133858393607,1.1216209843798595,0.0482,0.1705,0.1423,0.016,0.0256,0.0464,0.1597,0.3913
25.257445046945616,20.465129439174124,1.0387153968474223,0.1448,0.3351,0.1631,0.1765,0.1042,0.0561,0.0004,0.0197
24.516849108802887,21.530563292399215,0.9529174332399286,0.3075,0.0509,0.0274,0.1047,0.1094,0.1655,0.0845,0.15
27.26602791992721,23.49470074317435,0.9902670467801735,0.3136,0.1314,0.1156,0.0602,0.0873,0.1395,0.0569,0.0954
30.817051056253053,25.190478028273834,1.0645709472505267,0.0471,0.1128,0.1422,0.0448,0.0409,0.2703,0.2035,0.1384
22.6704748401467,17.023471708183305,1.0967489569810644,0.1327,0.2346,0.0128,0.1116,0.0951,0.096,0.0199,0.2972
24.78120756900494,21.20310635308661,0.9801020295302038,0.0226,0.022,0.0495,0.2064,0.1937,0.1317,0.2444,0.1298
26.922030666008173,25.63651267034909,0.8941165657261777,0.2954,0.0803,0.0479,0.0451,0.0346,0.3983,0.032,0.0664
24.547372391803325,20.5238375775878,1.0011467063177906,0.1164,0.6109,0.0632,0.0206,0.0079,0.1156,0.0578,0.0076
24.5414710086686,18.030285106876338,1.1392759951884819,0.0354,0.4052,0.0949,0.0582,0.211,0.1182,0.0223,0.0548
24.178965173656586,16.67124288494201,1.2104055656151982,0.0046,0.1952,0.1046,0.1964,0.164,0.101,0.0282,0.2061
19.12456091320487,15.777059855856734,0.9586425513617074,0.0126,0.1352,0.0381,0.4817,0.087,0.0443,0.132,0.0691
23.669495627114376,20.068427059083547,0.9801214399716194,0.2214,0.0145,0.0901,0.348,0.0048,0.0877,0.1207,0.1129
31.323817834560614,27.95119615784326,0.9775545089469597,0.0936,0.1434,0.2063,0.0217,0.15,0.0344,0.2176,0.1329
30.393136692275057,26.558970042136988,0.9937560323461782,0.0494,0.1433,0.2536,0.1868,0.0356,0.2664,0.0124,0.0524
23.918295828894507,21.41261938032671,0.9302129494346151,0.1042,0.0513,0.1868,0.3725,0.2046,0.0285,0.0242,0.0277
24.622513973754117,21.651178844598125,0.9524891980142385,0.0621,0.1359,0.11,0.2338,0.2185,0.0236,0.206,0.0101
24.84184910292186,19.275031821035,1.0812874031251651,0.126,0.1944,0.0186,0.0153,0.1677,0.221,0.0599,0.1971
21.423551364160527,17.280561034591592,1.008274634676658,0.1792,0.217,0.0897,0.377,0.0135,0.0029,0.0686,0.0521
24.703831511484022,18.997054560915917,1.0898442937611807,0.0745,0.178,0.0608,0.197,0.0538,0.2612,0.1009,0.0738
33.08382030803982,30.775332099256776,0.9450367656224966,0.0807,0.1012,0.3032,0.0966,0.1079,0.0921,0.1168,0.1014
26.044306651187988,21.053507297273907,1.0470610117318728,0.1835,0.2269,0.0778,0.0006,0.2166,0.0159,0.1384,0.1402
23.05261284766998,18.327156172873416,1.0395837012547717,0.0401,0.0532,0.0179,0.0954,0.2823,0.0496,0.0563,0.4052
25.412634440658632,26.43968252383786,0.809867305379069,0.1903,0.1289,0.0435,0.1823,0.0629,0.0374,0.3518,0.0029
28.03024277480462,21.689058467982527,1.1079431045971018,0.0585,0.4171,0.1582,0.0389,0.0515,0.145,0.0489,0.0818
25.538257696371037,19.49779422855597,1.1046509899477066,0.0753,0.2032,0.1496,0.1593,0.2028,0.1095,0.0068,0.0934
31.660450971238213,29.117177865522866,0.9499701893839948,0.066,0.0795,0.2901,0.0175,0.3004,0.0159,0.0082,0.2225
29.274792943362037,30.88876992243239,0.8182518438523735,0.5454,0.0476,0.144,0.0334,0.0266,0.0392,0.1501,0.0137
29.226226832952417,25.74528693545789,0.9798386359489126,0.2956,0.0617,0.1881,0.0303,0.1515,0.0078,0.0344,0.2306
28.098515886599706,29.57250177736605,0.8148960838018792,0.5735,0.088,0.1781,0.0849,0.0155,0.0134,0.0006,0.046
25.371419995509797,22.334615357308333,0.9568743250604779,0.1448,0.1092,0.0367,0.0431,0.2736,0.1139,0.211,0.0676
27.295817862735195,20.428273587696065,1.1403713467380938,0.0085,0.2211,0.0996,0.026,0.1834,0.2913,0.0523,0.1179
24.12232480949114,20.092871931419864,1.0014658371472132,0.1287,0.2135,0.0011,0.0616,0.1555,0.2614,0.114,0.0643
34.254464286331896,33.549521417744465,0.9017852716769367,0.2461,0.0926,0.2676,0.0229,0.0241,0.1405,0.1994,0.0068
30.814333733323462,33.013081095621274,0.8122336008461813,0.0157,0.015,0.1679,0.0159,0.3644,0.0519,0.3683,0.001
30.935655351194736,30.544933074445485,0.8818371048823694,0.0168,0.0482,0.3042,0.0577,0.4275,0.0093,0.0232,0.113
27.411888358026438,25.59128758218022,0.9148382348033418,0.0662,0.2012,0.0784,0.0064,0.249,0.0298,0.3063,0.0626
28.375989107622424,26.11785680882992,0.93330740290227,0.0889,0.0333,0.265,0.3457,0.0122,0.013,0.0646,0.1773
31.21673998169866,27.028211955255106,1.0069752311679243,0.0506,0.1747,0.2371,0.1067,0.0355,0.3312,0.0126,0.0516
29.479236377716322,22.792920557614167,1.1178574642644807,0.0401,0.1627,0.193,0.0645,0.1197,0.0688,0.0673,0.2838
24.902066081839337,18.01888296001432,1.1600089821451798,0.0196,0.2538,0.136,0.2125,0.1085,0.1323,0.0116,0.1257
30.02613041802995,27.38893000780917,0.9502426860271411,0.3274,0.0369,0.2157,0.1267,0.0067,0.0922,0.0463,0.148
22.787656551277184,17.962196957643496,1.0459553803791484,0.0567,0.148,0.0346,0.2951,0.0158,0.0532,0.1985,0.198
24.820930407991693,19.893235434151546,1.046633689975213,0.0555,0.1425,0.0704,0.165,0.2066,0.1689,0.1674,0.0237
21.959712438760945,16.280275448737473,1.1031577748983177,0.0159,0.2072,0.0111,0.116,0.2024,0.0705,0.0018,0.3751
24.50543558234145,20.152756266472068,1.0175003017555535,0.0849,0.0522,0.0427,0.1399,0.1818,0.0054,0.1857,0.3073
28.173110581863064,23.009723058031526,1.0505606921429442,0.1063,0.2514,0.0826,0.0214,0.0516,0.2024,0.2009,0.0834
27.54816532824435,33.47533582543107,0.703448217847449,0.122,0.0381,0.0353,0.1677,0.0075,0.0052,0.5237,0.1005
28.760968980675422,25.495918681461387,0.9711738294286151,0.0352,0.0399,0.1286,0.1957,0.0235,0.1366,0.2938,0.1467
28.664392064034594,25.394753225895595,0.9712396826476646,0.1701,0.1453,0.1353,0.0136,0.2021,0.008,0.2134,0.1122
26.898167059101148,23.250979478806165,0.9848259115265825,0.1552,0.2432,0.1511,0.2035,0.0007,0.0049,0.1932,0.0482
19.823620288019654,14.855198678611908,1.0651907544529884,0.027,0.2793,0.0106,0.1983,0.3062,0.0176,0.0674,0.0937
27.852113477346684,24.68048152206778,0.9664363094382734,0.2302,0.0011,0.0874,0.0872,0.0335,0.4019,0.0078,0.1509
29.60657570869165,27.479702790392075,0.9318359774125601,0.15,0.1537,0.2919,0.2423,0.0016,0.0023,0.0035,0.1548
22.865037803376744,19.186013829831396,0.9832703119417342,0.049,0.0052,0.0437,0.3211,0.1345,0.103,0.2047,0.1388
30.45275057139808,26.234877869784327,1.0083046966216178,0.0271,0.12,0.2361,0.1874,0.0232,0.0588,0.1636,0.1839
35.09561219062518,36.737102767700435,0.8464361598477684,0.3044,0.094,0.3743,0.042,0.0702,0.0321,0.0329,0.0501
24.777802810794363,17.447947705033894,1.1908450874597574,0.0252,0.5289,0.0758,0.0012,0.1059,0.0201,0.052,0.191
37.51215336573666,40.95900984990763,0.8181875853088338,0.0623,0.0324,0.4608,0.138,0.0892,0.146,0.0616,0.0096
25.581946528814413,21.463364790767212,1.0055248438072586,0.1211,0.1226,0.0572,0.0192,0.3305,0.2388,0.0991,0.0116
26.129593577360684,20.693000272533183,1.0694241185863396,0.154,0.106,0.144,0.1735,0.1576,0.0961,0.0535,0.1153
23.088521799305887,18.79031941973539,1.0158700005523746,0.0959,0.1696,0.0257,0.1918,0.1567,0.1034,0.1891,0.0679
30.695089760545578,25.55389004014789,1.0446585517353617,0.0838,0.0618,0.1588,0.0245,0.127,0.3864,0.0701,0.0876
26.784451928491006,32.178684613420394,0.7080603884904778,0.573,0.0033,0.0271,0.0059,0.0934,0.0015,0.2867,0.0091
24.526169876191275,19.215944526975253,1.068184280370748,0.1277,0.216,0.0027,0.0265,0.0395,0.115,0.0565,0.416
25.398940520368633,19.40327464144221,1.1028520141988822,0.1273,0.1027,0.0474,0.1409,0.0569,0.202,0.1225,0.2003
22.24072235590251,20.02522864748829,0.9108870953236478,0.0953,0.1312,0.0206,0.2592,0.1671,0.0697,0.2357,0.0212
29.004085603780783,22.414252925404302,1.115544010634464,0.0412,0.1498,0.1072,0.0631,0.0361,0.2929,0.1493,0.1604
21.69889071875084,15.540258744990282,1.1389057936024671,0.0152,0.1303,0.0305,0.2327,0.2244,0.1682,0.048,0.1507
23.04223224016317,17.422416650293016,1.0929730715539347,0.1635,0.3076,0.0294,0.1408,0.0508,0.0465,0.1097,0.1517
25.953915783327215,19.744322826790647,1.1119102931977194,0.0483,0.1223,0.0549,0.0951,0.0183,0.0509,0.105,0.5052
25.788103775228993,20.559910602261404,1.0597372817775044,0.1381,0.0751,0.0606,0.0237,0.2737,0.0825,0.1187,0.2277
23.073008518993973,18.95279702098352,1.0063426784910618,0.1843,0.3472,0.036,0.0076,0.2787,0.0923,0.0288,0.0251
23.8875805953279,18.95267608181797,1.0493283644733853,0.0365,0.0535,0.0245,0.2723,0.0304,0.2504,0.1795,0.1529
21.372681778074707,15.833038656110638,1.0972424280269066,0.1291,0.2251,0.024,0.2719,0.0152,0.0901,0.0575,0.1871
26.110090800580693,19.17444341073197,1.1531020915165462,0.0558,0.3912,0.1363,0.0581,0.1407,0.0812,0.0143,0.1223
26.056893736095777,23.913729099619268,0.9223527474201816,0.3526,0.067,0.0433,0.0446,0.0666,0.2452,0.045,0.1357
16.757396554447805,16.251710626352804,0.7849879220567201,0.0795,0.0086,0.0092,0.4853,0.2904,0.0274,0.0589,0.0407
29.254509441930114,25.775248460022514,0.9797969350751335,0.128,0.2302,0.1386,0.0849,0.0203,0.1588,0.2362,0.0031
23.582927246597325,19.572651945309996,1.000524982578551,0.0123,0.3021,0.0699,0.23,0.1088,0.0238,0.2279,0.0251
31.79105652780232,30.570807667044175,0.9090717141163899,0.0461,0.0722,0.2432,0.1287,0.1451,0.1141,0.2467,0.0038
29.1140573532087,22.742903216118073,1.1042590787358306,0.1117,0.1203,0.1216,0.0202,0.1119,0.2417,0.1081,0.1644
23.04478424223426,22.41219231236598,0.8497510630285934,0.0992,0.287,0.0057,0.194,0.0642,0.0159,0.3145,0.0194
27.803292688193004,25.10499415767771,0.9481497003620448,0.3105,0.0425,0.1348,0.0666,0.1732,0.0485,0.1246,0.0993
25.360900906197763,21.230491234643186,1.0061425649606157,0.0078,0.1364,0.0614,0.1326,0.2252,0.1084,0.2399,0.0884
29.01530657136229,29.301205112166695,0.8537296154066792,0.0171,0.0042,0.2586,0.0955,0.5145,0.0362,0.0635,0.0105
23.707424765422573,19.853021234297277,0.9926662815116936,0.2142,0.1095,0.0576,0.1663,0.1752,0.0028,0.1439,0.1305
25.64518014185202,22.867662685134558,0.9465409928371372,0.3056,0.2003,0.0822,0.1316,0.021,0.0059,0.1785,0.075
25.77647876247675,20.891067812169346,1.0423822735280022,0.1362,0.2987,0.1271,0.0069,0.3204,0.0551,0.0317,0.0239
28.876091038356748,24.133067885377983,1.0307885908458807,0.1981,0.23,0.211,0.0653,0.0932,0.0093,0.0105,0.1825
30.07025938081922,26.434627686012757,0.98621624977959,0.101,0.0122,0.1413,0.1228,0.0514,0.2025,0.2551,0.1137
29.947293829222954,24.97478451296059,1.0389396479380106,0.0956,0.106,0.2273,0.1852,0.0075,0.1567,0.0702,0.1514
23.257848540357674,21.610419740856308,0.8911371815675148,0.0917,0.0651,0.007,0.2498,0.0941,0.0826,0.2851,0.1246
32.57951894000496,30.84941177239213,0.9264202232076738,0.3477,0.1515,0.2729,0.0053,0.0061,0.0364,0.0197,0.1603
24.27181471734954,19.4825804214322,1.040509741463668,0.1838,0.1715,0.0812,0.048,0.3198,0.0768,0.0091,0.1097
31.718009515996247,26.765258624897626,1.0355965509039526,0.0671,0.1365,0.247,0.1171,0.0089,0.1977,0.081,0.1447
24.88807642727248,20.709463357892712,1.0086247077624875,0.1354,0.1327,0.105,0.0401,0.4144,0.0723,0.0281,0.0721
27.01247621531428,22.3751485743317,1.0284837277779557,0.1536,0.002,0.0699,0.0775,0.0822,0.0285,0.1598,0.4265
23.806326013151644,19.68922034108198,1.0059477048883099,0.1038,0.1327,0.06,0.1826,0.2133,0.0433,0.1851,0.0792
31.09682447940947,29.788759585409863,0.9096325210090699,0.3738,0.0155,0.2381,0.0221,0.1351,0.0294,0.0268,0.1592
25.838440162239895,21.08833154749809,1.0355698416943182,0.0653,0.1394,0.0391,0.0759,0.1204,0.034,0.2332,0.2926
33.49834875102823,33.508434456114614,0.8803260799803013,0.0539,0.183,0.3746,0.1377,0.0998,0.036,0.0431,0.0719
35.978180671513684,33.876278406128144,0.943969709073146,0.0298,0.149,0.323,0.0188,0.0421,0.3154,0.1111,0.0108
23.70648458734682,18.894914518688697,1.042951772438844,0.0796,0.1617,0.0725,0.0264,0.4285,0.0194,0.0182,0.1937
28.969999983903154,28.30846596402306,0.8820682835882832,0.4293,0.0714,0.1748,0.0607,0.0787,0.1711,0.0095,0.0046
29.081290010978577,25.550439459670667,0.9816383021735262,0.1744,0.2659,0.1545,0.0282,0.1067,0.0609,0.1967,0.0126
40.25383221028281,50.46782743629385,0.7183553176733526,0.014,0.0097,0.6027,0.2442,0.0358,0.0221,0.0622,0.0093
26.556194611096846,19.130614943950786,1.179062705364275,0.0033,0.1463,0.1274,0.1114,0.2001,0.1062,0.0719,0.2333
28.584161681418298,21.7238868397246,1.1316649669000927,0.087,0.3831,0.1438,0.0156,0.0113,0.0669,0.1179,0.1746
26.4472104937354,20.636007700607223,1.0877690500704205,0.1012,0.1293,0.1506,0.1071,0.2538,0.0874,0.0263,0.1444
29.413600213902473,28.939338502575108,0.8781679723481275,0.0308,0.0313,0.3025,0.2707,0.2114,0.012,0.0626,0.0786
25.657415091087277,24.637435520595503,0.8790450236991144,0.1658,0.0451,0.0265,0.1197,0.1197,0.0347,0.3084,0.1801
27.804142266295656,27.11202583616672,0.877992017643387,0.281,0.168,0.0901,0.0685,0.0474,0.0337,0.2856,0.0257
25.55374538127294,23.25071202737598,0.9270144224355372,0.1527,0.0592,0.0108,0.1104,0.1168,0.3484,0.1843,0.0173
23.92944041038216,17.80478971813122,1.1193302884160061,0.1428,0.0794,0.0623,0.1991,0.0964,0.1395,0.0414,0.2391
37.05886545685436,36.077637307289265,0.9163256777398509,0.0237,0.0342,0.3874,0.0506,0.0822,0.216,0.0641,0.1418
23.152920215914214,17.460618102181495,1.0969210885794063,0.036,0.376,0.0,0.1242,0.0143,0.1064,0.1619,0.1812
27.202849187559806,22.865506515435737,1.0147533435087623,0.1183,0.3,0.1811,0.0201,0.3044,0.0398,0.0216,0.0147
26.660960332426292,20.728084162492724,1.0932491471368633,0.0026,0.1838,0.066,0.1045,0.1081,0.2628,0.1842,0.0881
26.6341027413917,22.397604699674996,1.0105590774052788,0.0729,0.3844,0.0971,0.0333,0.1461,0.0302,0.2224,0.0136
24.991770493216634,19.44199188185153,1.0797129543507205,0.055,0.062,0.0761,0.2685,0.0157,0.3272,0.0692,0.1263
24.619812342440145,19.81706736769436,1.0405077582798357,0.0968,0.0996,0.066,0.2663,0.0285,0.1832,0.1786,0.0809
27.91908051955157,26.980258823696516,0.8865400690131132,0.1355,0.017,0.084,0.098,0.1261,0.0028,0.3279,0.2087
29.875736352698457,26.4175983347899,0.9794885978950687,0.1127,0.0617,0.2123,0.1391,0.1588,0.1793,0.1249,0.0111
29.93477685556763,28.15947162540674,0.9209965726831363,0.2554,0.0003,0.2257,0.1691,0.0958,0.0967,0.1173,0.0397
21.214573137967673,17.054872473137078,1.0093639319251513,0.1306,0.4413,0.006,0.157,0.0251,0.1117,0.0249,0.1034
27.58346263355537,21.039699754271275,1.1209030028466869,0.0704,0.1322,0.103,0.1083,0.0615,0.1228,0.174,0.2278
25.77982092632554,20.20734954086111,1.0778168053303947,0.08,0.0381,0.0764,0.003,0.3376,0.1232,0.0059,0.3358
31.507186491041573,28.965991103906802,0.9496373313230607,0.1958,0.1689,0.2877,0.1015,0.0448,0.0003,0.045,0.156
26.23656881507851,20.74977956668257,1.07165325509208,0.1504,0.2046,0.152,0.0889,0.2204,0.0048,0.0329,0.146
24.486046205480587,22.3261590060232,0.9175804131805123,0.0083,0.0166,0.0733,0.3693,0.0281,0.1466,0.2822,0.0757
28.554454204002134,24.43708061253463,1.0048030938444954,0.0158,0.1435,0.1976,0.1232,0.232,0.0251,0.1533,0.1096
29.23015927137226,24.689996452889655,1.0218778005704972,0.113,0.1657,0.122,0.0228,0.1328,0.2213,0.1909,0.0315
24.667175215219732,20.962781239533843,0.9858985303077712,0.2296,0.5254,0.0535,0.0148,0.0066,0.0326,0.109,0.0283
28.13812889666917,24.08336023124286,1.002274128896484,0.1044,0.1147,0.1982,0.1038,0.2745,0.0746,0.0701,0.0596
32.78286699200335,29.686970685719576,0.969545437852602,0.0111,0.0794,0.3091,0.1005,0.0986,0.0068,0.0607,0.3339
24.561343800886174,18.927982177410318,1.0862934890875582,0.0581,0.1356,0.0493,0.1308,0.2155,0.178,0.1456,0.0872
24.54028308742423,17.314374587572626,1.1863138910120954,0.0131,0.3493,0.0219,0.0477,0.0618,0.1126,0.1145,0.279
29.091929898942638,21.471982094904114,1.1685893639459413,0.0074,0.1458,0.1345,0.0012,0.0876,0.2,0.0026,0.4208
29.17616310698993,23.594043989356667,1.0670558687754825,0.0965,0.1235,0.2117,0.1271,0.06,0.0186,0.0385,0.324
24.555766065745612,18.71175544644472,1.098548242818728,0.0614,0.0908,0.1094,0.1887,0.2463,0.0474,0.0849,0.1711
24.936128223092783,23.07479440493177,0.9073159160463901,0.0652,0.1165,0.0655,0.21,0.1461,0.0345,0.2931,0.0692
27.60531594539567,21.247954802539148,1.1109453199032038,0.016,0.2592,0.0485,0.0065,0.0238,0.1257,0.2266,0.2938
28.42823712222944,23.92126247522613,1.0211934736943067,0.1044,0.0634,0.2282,0.254,0.0312,0.1234,0.0161,0.1793
29.1189796115587,28.070355691916482,0.8948579023098129,0.3881,0.009,0.1692,0.1154,0.0584,0.1392,0.1086,0.0121
29.808917151202184,24.490542310415,1.0538319986579687,0.0464,0.2718,0.1549,0.0641,0.0105,0.1222,0.2196,0.1105
25.601955191498853,19.706218444853114,1.0961999255184787,0.0419,0.1223,0.0615,0.14,0.0919,0.3508,0.0402,0.1515
40.340067900834754,43.55266426492344,0.8343936820899016,0.1458,0.0149,0.4889,0.0207,0.0112,0.0966,0.0437,0.1781
28.194496879478464,22.45497145293917,1.0774672740147975,0.2128,0.2529,0.1541,0.0433,0.0312,0.0942,0.0238,0.1876
28.725874777102824,25.710787330677178,0.9616926334885438,0.2009,0.0433,0.096,0.0044,0.1549,0.4175,0.0445,0.0385
25.756774931491673,25.34875526300386,0.8582975655315656,0.4266,0.0274,0.0779,0.1216,0.098,0.0337,0.1522,0.0626
28.24627636106685,22.011757911788145,1.101514765800783,0.0213,0.0863,0.2004,0.1842,0.0991,0.1407,0.0066,0.2613
28.024685311599214,25.175057184082476,0.9543050939637739,0.2006,0.1125,0.2239,0.2464,0.0452,0.0812,0.0583,0.0319
23.940162601013505,19.366901452893913,1.0296000446697129,0.128,0.0788,0.015,0.2131,0.0266,0.2463,0.1414,0.1508
21.379330321864614,18.07593932227806,0.9614620857044537,0.129,0.1149,0.0069,0.2151,0.2003,0.2677,0.0097,0.0564
23.457900223883165,18.323344255499688,1.0619186079005716,0.1309,0.5364,0.0883,0.0854,0.1024,0.0052,0.0375,0.0139
28.30947496824011,23.04621825942246,1.0548140564580988,0.1111,0.2725,0.1702,0.1169,0.0468,0.0908,0.1329,0.0588
22.461931467758305,18.539741901646696,0.9958030465417924,0.1427,0.268,0.0424,0.2411,0.0665,0.0222,0.1821,0.0349
22.254037125755303,19.588807997156522,0.9318605363024146,0.1539,0.0925,0.0013,0.2894,0.0352,0.2281,0.1641,0.0354
28.566595258663714,25.223111645723108,0.973971633782515,0.189,0.0,0.1964,0.2001,0.105,0.0741,0.1196,0.1158
20.715535938751,18.33483740972419,0.9116817108989267,0.0884,0.0901,0.0051,0.126,0.4764,0.1367,0.0328,0.0444
23.016359961424104,16.81549557152668,1.1308831119806009,0.0685,0.3622,0.1069,0.1469,0.2237,0.0017,0.0021,0.0879
25.288240630329597,22.244011367790787,0.9570324469962669,0.3336,0.1509,0.0531,0.0544,0.0769,0.1727,0.0249,0.1336
24.747496897968592,19.201024512429672,1.0805411390698356,0.1255,0.2312,0.0741,0.1745,0.0599,0.1867,0.1009,0.0474
28.250358919709807,26.662692251756305,0.9095240154569314,0.2206,0.0606,0.0538,0.017,0.0547,0.0194,0.3046,0.2692
25.77357778849049,22.99681443329644,0.9468084308653262,0.2691,0.0803,0.0628,0.1147,0.1087,0.0613,0.195,0.1081
30.970122688312568,29.021734094739525,0.9293077594974302,0.0797,0.1073,0.2314,0.1397,0.1127,0.0919,0.2229,0.0143
32.78128168650058,31.13956808682155,0.9242672090458758,0.2589,0.0088,0.247,0.0222,0.1366,0.2562,0.0703,0.0
35.1595529752201,33.86582720935212,0.9200883469521549,0.2546,0.0001,0.2873,0.0174,0.0266,0.2031,0.1349,0.0759
21.447314833040572,15.558501821822562,1.1214006999419917,0.0472,0.1581,0.0432,0.1953,0.2852,0.0617,0.0223,0.187
23.85406655485473,20.362232369349353,0.9750437081123016,0.269,0.0781,0.0816,0.2595,0.0564,0.1122,0.0885,0.0546
26.12450172988343,20.33067068385525,1.088232753061741,0.0318,0.0654,0.0248,0.0295,0.1668,0.1276,0.165,0.3891
34.64673012171298,30.2422282349752,1.0133753995768728,0.0665,0.0631,0.2904,0.0047,0.0544,0.2761,0.012,0.2327
24.55904649259402,19.22062229156764,1.0696348006179575,0.1063,0.0788,0.0073,0.085,0.1519,0.1602,0.1404,0.27
27.90740269044366,21.035030873968136,1.1365518231794098,0.1369,0.1768,0.099,0.0182,0.0287,0.0657,0.0926,0.3822
20.45871162811845,15.375518139701658,1.0704492348534156,0.0142,0.2148,0.0672,0.3823,0.1393,0.0539,0.0872,0.041
25.439120102381196,19.430964579999074,1.1033482158908972,0.0317,0.2594,0.0917,0.0011,0.3465,0.0233,0.1019,0.1443
31.937641755281813,27.53641436462476,1.0145707928906134,0.0435,0.1244,0.2584,0.1314,0.0271,0.1418,0.1247,0.1487
27.83659300970965,26.84377796067522,0.8879746004690194,0.0591,0.1882,0.0456,0.0445,0.1003,0.155,0.3653,0.0419
30.36583915921473,27.19369638748375,0.9695570173148638,0.2241,0.189,0.2382,0.0455,0.1323,0.0549,0.0497,0.0663
22.165183625437283,16.580316703126265,1.0955872526857215,0.093,0.1582,0.0379,0.1881,0.2074,0.18,0.0061,0.1292
23.084331078237522,17.410031864223203,1.0961686473104582,0.0866,0.2561,0.0729,0.2495,0.0188,0.198,0.0033,0.1149
32.209883860848976,26.985826242252813,1.0453592788898791,0.0057,0.1414,0.2414,0.0355,0.1383,0.2512,0.0791,0.1074
27.35760847096067,23.465481228232434,0.9954029173225744,0.031,0.0119,0.1102,0.2676,0.0175,0.3092,0.2162,0.0364
23.574070934597337,18.464034656178637,1.0601188363805008,0.1324,0.2348,0.031,0.1477,0.0876,0.0184,0.1764,0.1715
25.079025114998206,21.92202141874974,0.9615456856076909,0.0871,0.0166,0.051,0.1294,0.0089,0.0452,0.0016,0.6602
28.880910907324154,23.669278414992522,1.0511900900013986,0.0711,0.4072,0.2001,0.0794,0.0248,0.1152,0.0652,0.037
31.62520223721322,29.533093106682713,0.9353982035482163,0.0434,0.0714,0.1079,0.033,0.02,0.3635,0.3295,0.0313
26.762995652543868,20.797775448591782,1.0944918464385647,0.1224,0.4146,0.1149,0.0237,0.029,0.1642,0.0059,0.1253
24.828104558151708,20.556582715210762,1.013208510709323,0.2964,0.2097,0.1096,0.1282,0.0972,0.0137,0.0208,0.1245
22.044225527800617,20.394398349038013,0.8847638071486305,0.0311,0.0266,0.1786,0.5321,0.1289,0.09,0.0021,0.0107
24.955845782040186,21.16479049766137,0.9901277210542538,0.1279,0.0739,0.0987,0.0098,0.4655,0.0633,0.0057,0.1554
29.384774825814407,35.46229189776528,0.7158244283532638,0.0289,0.0918,0.0324,0.0389,0.0625,0.0214,0.5697,0.1543
30.315758908713775,26.36054501814094,0.998301017319773,0.0259,0.4182,0.2688,0.1083,0.0069,0.0465,0.0549,0.0705
23.858552090978876,18.693497407542665,1.0623240615726686,0.219,0.2072,0.035,0.137,0.0232,0.1078,0.0735,0.1972
24.604533260864557,22.882448657853484,0.9004514144858737,0.261,0.1413,0.021,0.1301,0.0063,0.3353,0.0486,0.0564
26.688207529008956,21.85418019454174,1.0381632862474302,0.2187,0.1397,0.1206,0.0434,0.2225,0.1201,0.0395,0.0954
22.91654036145148,18.05352261306341,1.0478032884155026,0.1125,0.0793,0.1103,0.2957,0.1989,0.0208,0.0598,0.1227
27.299307619353147,19.909656614400067,1.1702516055702057,0.068,0.3655,0.1194,0.0118,0.046,0.1411,0.0123,0.2359
27.125920558634053,24.9540164559156,0.9267414165366483,0.082,0.0673,0.0889,0.0254,0.3459,0.0555,0.2477,0.0873
27.45281903600892,25.753256617970333,0.910673915299854,0.1078,0.0158,0.1673,0.0055,0.5363,0.1109,0.0487,0.0078
31.1468627847852,29.705611822238325,0.9138631093422697,0.1046,0.0655,0.2989,0.176,0.1635,0.1335,0.0503,0.0076
