Date,close,vol_regime,combined_score,position_scalar,short_vol,long_vol,regime_str
2016-09-02,186.48959350585938,calm,2.45,1.0,0.0564,0.1204,bull_trend
2016-09-06,187.05332946777344,calm,2.45,1.0,0.0492,0.1205,bull_trend
2016-09-07,187.03619384765625,calm,2.45,1.0,0.0458,0.1204,bull_trend
2016-09-08,186.60923767089844,calm,2.45,1.0,0.0429,0.1205,bull_trend
2016-09-09,182.1427764892578,normal,2.3,1.0,0.1839,0.1286,bull_trend
2016-09-12,184.75607299804688,stress,2.15,1.0,0.2213,0.1305,bull_trend
2016-09-13,182.10003662109375,stress,2.15,1.0,0.2317,0.1339,bull_trend
2016-09-14,182.03170776367188,stress,2.15,0.5,0.2313,0.1338,sideways
2016-09-15,183.85076904296875,stress,2.15,0.5,0.2565,0.1351,sideways
2016-09-16,183.14002990722656,normal,2.3,0.5,0.1812,0.1351,sideways
2016-09-19,183.17445373535156,normal,2.3,0.5,0.1392,0.1346,sideways
2016-09-20,183.18301391601562,calm,2.45,1.0,0.0824,0.1345,bull_trend
2016-09-21,185.24301147460938,normal,2.3,1.0,0.1063,0.1361,bull_trend
2016-09-22,186.41029357910156,normal,2.3,1.0,0.0947,0.1343,bull_trend
2016-09-23,185.38890075683594,normal,2.3,1.0,0.1023,0.1128,bull_trend
2016-09-26,183.88682556152344,normal,2.3,1.0,0.1276,0.1076,bull_trend
2016-09-27,185.0283660888672,normal,2.3,1.0,0.1327,0.1026,bull_trend
2016-09-28,185.94680786132812,normal,2.3,1.0,0.111,0.0977,bull_trend
2016-09-29,184.26446533203125,normal,2.3,1.0,0.1162,0.0961,bull_trend
2016-09-30,185.65496826171875,normal,2.3,1.0,0.1297,0.0971,bull_trend
2016-10-03,185.20864868164062,normal,2.3,1.0,0.1115,0.096,bull_trend
2016-10-04,184.26446533203125,normal,2.3,1.0,0.11,0.0961,bull_trend
2016-10-05,185.0798797607422,normal,2.3,1.0,0.1082,0.0964,bull_trend
2016-10-06,185.20864868164062,normal,2.3,1.0,0.0807,0.0919,bull_trend
2016-10-07,184.57347106933594,calm,2.45,1.0,0.0598,0.092,bull_trend
2016-10-10,185.53482055664062,normal,2.3,1.0,0.0729,0.0914,bull_trend
2016-10-11,183.1915740966797,normal,2.3,1.0,0.1155,0.0949,bull_trend
2016-10-12,183.43190002441406,normal,2.3,1.0,0.1079,0.0943,bull_trend
2016-10-13,182.83111572265625,normal,2.3,1.0,0.1059,0.0945,bull_trend
2016-10-14,182.92544555664062,normal,2.3,1.0,0.1076,0.0943,bull_trend
2016-10-17,182.29034423828125,normal,2.3,1.0,0.0879,0.0945,bull_trend
2016-10-18,183.43190002441406,calm,2.45,1.0,0.0633,0.095,bull_trend
2016-10-19,183.92115783691406,calm,2.45,1.0,0.0654,0.0949,bull_trend
2016-10-20,183.57785034179688,calm,2.45,1.0,0.0608,0.0945,bull_trend
2016-10-21,183.66363525390625,calm,2.45,1.0,0.0609,0.0944,bull_trend
2016-10-24,184.44471740722656,calm,2.45,1.0,0.0504,0.0948,bull_trend
2016-10-25,183.82675170898438,calm,2.45,1.0,0.0497,0.095,bull_trend
2016-10-26,183.45767211914062,calm,2.45,1.0,0.0475,0.095,bull_trend
2016-10-27,182.96847534179688,calm,2.45,1.0,0.0492,0.0951,bull_trend
2016-10-28,182.42767333984375,calm,2.45,1.0,0.0503,0.0952,bull_trend
2016-10-31,182.43626403808594,calm,2.45,1.0,0.0213,0.0944,bull_trend
2016-11-01,181.1144256591797,calm,2.45,1.0,0.0423,0.0953,bull_trend
2016-11-02,180.0243682861328,calm,2.45,1.0,0.046,0.0959,bull_trend
2016-11-03,179.2003936767578,calm,2.45,1.0,0.0451,0.0946,bull_trend
2016-11-04,179.00291442871094,calm,2.45,1.0,0.0499,0.0947,bull_trend
2016-11-07,182.9512176513672,stress,2.15,1.0,0.1937,0.1049,bull_trend
2016-11-08,183.7752227783203,stress,2.15,1.0,0.1812,0.1053,bull_trend
2016-11-09,185.72364807128906,stress,2.15,0.5,0.1671,0.107,sideways
2016-11-10,186.18710327148438,normal,2.3,0.5,0.144,0.1071,sideways
2016-11-11,185.75796508789062,normal,2.3,0.5,0.1489,0.1071,sideways
2016-11-14,185.90386962890625,normal,2.3,1.0,0.0766,0.1066,bull_trend
2016-11-15,187.35443115234375,normal,2.3,1.0,0.0834,0.1077,bull_trend
2016-11-16,187.0024871826172,calm,2.45,1.0,0.065,0.1076,bull_trend
2016-11-17,187.96385192871094,calm,2.45,1.0,0.0703,0.1081,bull_trend
2016-11-18,187.5432891845703,calm,2.45,1.0,0.0701,0.1082,bull_trend
2016-11-21,188.95950317382812,normal,2.3,1.0,0.0791,0.1092,bull_trend
2016-11-22,189.3285675048828,calm,2.45,1.0,0.0681,0.1087,bull_trend
2016-11-23,189.43157958984375,calm,2.45,1.0,0.061,0.1087,bull_trend
2016-11-25,190.13540649414062,calm,2.45,1.0,0.058,0.1088,bull_trend
2016-11-28,189.24273681640625,calm,2.45,1.0,0.0712,0.1088,bull_trend
2016-11-29,189.61184692382812,calm,2.45,1.0,0.051,0.1088,bull_trend
2016-11-30,189.15692138671875,calm,2.45,1.0,0.0536,0.1088,bull_trend
2016-12-01,188.46165466308594,calm,2.45,1.0,0.0582,0.1091,bull_trend
2016-12-02,188.5561065673828,calm,2.45,1.0,0.0446,0.1087,bull_trend
2016-12-05,189.6890411376953,calm,2.45,1.0,0.0606,0.1092,bull_trend
2016-12-06,190.2899169921875,calm,2.45,1.0,0.063,0.1094,bull_trend
2016-12-07,192.779052734375,normal,2.3,1.0,0.0998,0.1122,bull_trend
2016-12-08,193.2510986328125,normal,2.3,1.0,0.0779,0.1006,bull_trend
2016-12-09,194.41844177246094,calm,2.45,1.0,0.0667,0.0974,bull_trend
2016-12-12,194.1953125,normal,2.3,1.0,0.0846,0.0925,bull_trend
2016-12-13,195.49131774902344,normal,2.3,1.0,0.0842,0.0931,bull_trend
2016-12-14,193.87771606445312,normal,2.3,1.0,0.0972,0.0932,bull_trend
2016-12-15,194.6759033203125,normal,2.3,1.0,0.0993,0.093,bull_trend
2016-12-16,194.29519653320312,normal,2.3,1.0,0.0921,0.0931,bull_trend
2016-12-19,194.7182159423828,normal,2.3,1.0,0.0928,0.0931,bull_trend
2016-12-20,195.46939086914062,normal,2.3,1.0,0.0827,0.091,bull_trend
2016-12-21,194.9254150390625,calm,2.45,1.0,0.0516,0.0906,bull_trend
2016-12-22,194.5887451171875,calm,2.45,1.0,0.0464,0.0899,bull_trend
2016-12-23,194.8736572265625,calm,2.45,1.0,0.044,0.088,bull_trend
2016-12-27,195.35719299316406,calm,2.45,1.0,0.0447,0.0874,bull_trend
2016-12-28,193.7426300048828,normal,2.3,1.0,0.0672,0.0889,bull_trend
2016-12-29,193.69949340820312,normal,2.3,1.0,0.0672,0.0867,bull_trend
2016-12-30,192.9915008544922,normal,2.3,1.0,0.0695,0.0861,bull_trend
2017-01-03,194.46786499023438,normal,2.3,1.0,0.0958,0.087,bull_trend
2017-01-04,195.624755859375,normal,2.3,1.0,0.1051,0.0867,bull_trend
2017-01-05,195.46939086914062,normal,2.3,1.0,0.0761,0.0865,bull_trend
2017-01-06,196.16871643066406,normal,2.3,1.0,0.0746,0.0867,bull_trend
2017-01-09,195.5211639404297,normal,2.3,1.0,0.0728,0.0867,bull_trend
2017-01-10,195.5211639404297,calm,2.45,1.0,0.0582,0.0862,bull_trend
2017-01-11,196.0737762451172,calm,2.45,1.0,0.0444,0.0819,bull_trend
2017-01-12,195.58163452148438,calm,2.45,1.0,0.0489,0.0822,bull_trend
2017-01-13,196.0305938720703,calm,2.45,1.0,0.0437,0.0817,bull_trend
2017-01-17,195.33987426757812,calm,2.45,1.0,0.0448,0.0823,bull_trend
2017-01-18,195.77163696289062,calm,2.45,1.0,0.048,0.0818,bull_trend
2017-01-19,195.04629516601562,calm,2.45,1.0,0.0484,0.0817,bull_trend
2017-01-20,195.76295471191406,calm,2.45,1.0,0.0559,0.0818,bull_trend
2017-01-23,195.25352478027344,calm,2.45,1.0,0.0551,0.0819,bull_trend
2017-01-24,196.5054168701172,normal,2.3,1.0,0.0677,0.0826,bull_trend
2017-01-25,198.20626831054688,normal,2.3,1.0,0.0866,0.0837,bull_trend
2017-01-26,197.99911499023438,normal,2.3,1.0,0.0761,0.0834,bull_trend
2017-01-27,197.6883087158203,normal,2.3,1.0,0.0821,0.0833,bull_trend
2017-01-30,196.46224975585938,normal,2.3,1.0,0.0973,0.0843,bull_trend
2017-01-31,196.4449920654297,normal,2.3,1.0,0.0858,0.0839,bull_trend
2017-02-01,196.52273559570312,calm,2.45,1.0,0.0418,0.0839,bull_trend
2017-02-02,196.65223693847656,calm,2.45,1.0,0.0451,0.0821,bull_trend
2017-02-03,198.00765991210938,normal,2.3,1.0,0.0736,0.0815,bull_trend
2017-02-06,197.6536865234375,calm,2.45,1.0,0.0526,0.0808,bull_trend
2017-02-07,197.6623992919922,calm,2.45,1.0,0.0524,0.0807,bull_trend
2017-02-08,197.92137145996094,normal,2.3,1.0,0.0519,0.0691,bull_trend
2017-02-09,199.0955810546875,normal,2.3,1.0,0.0599,0.0695,bull_trend
2017-02-10,199.88119506835938,normal,2.3,1.0,0.0488,0.0671,bull_trend
2017-02-13,200.96913146972656,calm,2.45,1.0,0.0409,0.0676,bull_trend
2017-02-14,201.77203369140625,calm,2.45,1.0,0.0286,0.0674,bull_trend
2017-02-15,202.8253631591797,calm,2.45,1.0,0.0142,0.0678,bull_trend
2017-02-16,202.65274047851562,calm,2.45,1.0,0.0405,0.0667,bull_trend
2017-02-17,202.97215270996094,calm,2.45,1.0,0.0425,0.0664,bull_trend
2017-02-21,204.1808624267578,calm,2.45,1.0,0.0444,0.0666,bull_trend
2017-02-22,203.9995574951172,normal,2.3,1.0,0.0517,0.0664,bull_trend
2017-02-23,204.1376953125,calm,2.45,1.0,0.0446,0.0652,bull_trend
2017-02-24,204.396728515625,calm,2.45,1.0,0.0405,0.0652,bull_trend
2017-02-27,204.71615600585938,calm,2.45,1.0,0.0405,0.0652,bull_trend
2017-02-28,204.16363525390625,calm,2.45,1.0,0.0282,0.0654,bull_trend
2017-03-01,207.0214385986328,normal,2.3,1.0,0.1016,0.0692,bull_trend
2017-03-02,205.71771240234375,stress,2.15,1.0,0.1216,0.0709,bull_trend
2017-03-03,205.8472137451172,stress,2.15,1.0,0.1218,0.0705,bull_trend
2017-03-06,205.23419189453125,stress,2.15,0.5,0.1257,0.0704,sideways
2017-03-07,204.6212158203125,stress,2.15,0.5,0.1262,0.0709,sideways
2017-03-08,204.2413787841797,calm,2.45,0.5,0.0396,0.0705,sideways
2017-03-09,204.5003204345703,calm,2.45,0.5,0.032,0.0704,sideways
2017-03-10,205.21694946289062,calm,2.45,1.0,0.0458,0.0663,bull_trend
2017-03-13,205.32057189941406,calm,2.45,1.0,0.0408,0.0662,bull_trend
2017-03-14,204.53485107421875,calm,2.45,1.0,0.045,0.0661,bull_trend
2017-03-15,206.30482482910156,normal,2.3,1.0,0.0724,0.0678,bull_trend
2017-03-16,205.89903259277344,normal,2.3,1.0,0.078,0.067,bull_trend
2017-03-17,205.53744506835938,normal,2.3,1.0,0.0779,0.0647,bull_trend
2017-03-20,205.31199645996094,normal,2.3,1.0,0.0784,0.0645,bull_trend
2017-03-21,202.67584228515625,stress,2.7,1.0,0.1208,0.0698,bull_trend
2017-03-22,203.15280151367188,normal,2.85,1.0,0.0911,0.0699,bull_trend
2017-03-23,202.93601989746094,normal,2.85,1.0,0.092,0.0696,bull_trend
2017-03-24,202.78860473632812,normal,2.85,1.0,0.0931,0.0694,bull_trend
2017-03-27,202.58047485351562,normal,2.85,1.0,0.0931,0.0693,bull_trend
2017-03-28,204.0546112060547,normal,2.85,1.0,0.0572,0.0705,bull_trend
2017-03-29,204.245361328125,normal,2.85,1.0,0.0565,0.0704,bull_trend
2017-03-30,204.89572143554688,normal,2.85,1.0,0.0544,0.0682,bull_trend
2017-03-31,204.41883850097656,normal,2.85,1.0,0.0602,0.0685,bull_trend
2017-04-03,204.06333923339844,normal,2.85,1.0,0.0623,0.068,bull_trend
2017-04-04,204.193359375,calm,3.0,1.0,0.0353,0.0666,bull_trend
2017-04-05,203.5863800048828,calm,3.0,1.0,0.0403,0.0662,bull_trend
2017-04-06,204.15870666503906,calm,2.45,1.0,0.0381,0.0663,bull_trend
2017-04-07,203.95050048828125,calm,2.45,1.0,0.0356,0.0661,bull_trend
2017-04-10,204.0719451904297,calm,2.45,1.0,0.0342,0.0656,bull_trend
2017-04-11,203.82911682128906,calm,2.45,1.0,0.0345,0.0657,bull_trend
2017-04-12,202.93601989746094,calm,2.45,1.0,0.0419,0.0664,bull_trend
2017-04-13,201.61795043945312,calm,2.45,1.0,0.0456,0.0676,bull_trend
2017-04-17,203.4042510986328,normal,2.85,1.0,0.094,0.0695,bull_trend
2017-04-18,202.79725646972656,normal,2.3,1.0,0.0948,0.0694,bull_trend
2017-04-19,202.4243927001953,normal,2.3,1.0,0.0949,0.0695,bull_trend
2017-04-20,204.0719451904297,stress,2.15,1.0,0.1102,0.0706,bull_trend
2017-04-21,203.421630859375,normal,2.3,1.0,0.0975,0.0708,bull_trend
2017-04-24,205.65882873535156,normal,2.85,1.0,0.1079,0.0734,bull_trend
2017-04-25,206.85546875,normal,2.85,1.0,0.0989,0.0732,bull_trend
2017-04-26,206.7253875732422,normal,2.85,1.0,0.0947,0.0715,bull_trend
2017-04-27,206.89881896972656,normal,2.85,1.0,0.0897,0.0715,bull_trend
2017-04-28,206.44790649414062,normal,2.85,1.0,0.0857,0.0715,bull_trend
2017-05-01,206.96820068359375,calm,3.0,1.0,0.0489,0.0702,bull_trend
2017-05-02,207.04627990722656,calm,3.0,1.0,0.0277,0.0702,bull_trend
2017-05-03,206.79478454589844,calm,3.0,1.0,0.0291,0.0703,bull_trend
2017-05-04,207.03756713867188,calm,3.0,1.0,0.0297,0.0703,bull_trend
2017-05-05,207.85264587402344,calm,3.0,1.0,0.0314,0.0695,bull_trend
2017-05-08,207.81800842285156,calm,3.0,1.0,0.0309,0.0694,bull_trend
2017-05-09,207.62718200683594,calm,3.0,1.0,0.0333,0.0695,bull_trend
2017-05-10,208.0000457763672,calm,3.0,1.0,0.0299,0.0695,bull_trend
2017-05-11,207.57521057128906,calm,3.0,1.0,0.0376,0.0689,bull_trend
2017-05-12,207.22830200195312,calm,3.0,1.0,0.0241,0.0687,bull_trend
2017-05-15,208.37301635742188,normal,2.85,1.0,0.0503,0.0688,bull_trend
2017-05-16,208.1822052001953,normal,2.85,1.0,0.0503,0.0685,bull_trend
2017-05-17,204.48817443847656,stress,2.15,1.0,0.1366,0.0769,bull_trend
2017-05-18,205.31199645996094,stress,2.7,1.0,0.1468,0.0773,bull_trend
2017-05-19,206.64730834960938,stress,2.7,1.0,0.1594,0.0783,bull_trend
2017-05-22,207.69659423828125,stress,2.7,1.0,0.1584,0.078,bull_trend
2017-05-23,208.15614318847656,stress,2.7,1.0,0.1595,0.0781,bull_trend
2017-05-24,208.6417999267578,calm,3.0,1.0,0.0291,0.0782,bull_trend
2017-05-25,209.63897705078125,calm,3.0,1.0,0.0295,0.0787,bull_trend
2017-05-26,209.59559631347656,calm,3.0,1.0,0.0343,0.0786,bull_trend
2017-05-30,209.41355895996094,calm,3.0,1.0,0.0358,0.0784,bull_trend
2017-05-31,209.36154174804688,calm,3.0,1.0,0.0376,0.0734,bull_trend
2017-06-01,211.0263671875,normal,2.85,1.0,0.0619,0.0738,bull_trend
2017-06-02,211.728759765625,normal,2.85,1.0,0.059,0.0741,bull_trend
2017-06-05,211.57273864746094,normal,2.85,1.0,0.0604,0.0738,bull_trend
2017-06-06,210.89634704589844,normal,2.85,1.0,0.0688,0.0738,bull_trend
2017-06-07,211.2865447998047,normal,2.85,1.0,0.0672,0.0737,bull_trend
2017-06-08,211.39056396484375,calm,3.0,1.0,0.0396,0.0737,bull_trend
2017-06-09,211.06973266601562,calm,3.0,1.0,0.0305,0.0736,bull_trend
2017-06-12,211.0263671875,calm,3.0,1.0,0.0306,0.0736,bull_trend
2017-06-13,212.0583038330078,calm,3.0,1.0,0.0388,0.0736,bull_trend
2017-06-14,211.78944396972656,calm,3.0,1.0,0.0412,0.0718,bull_trend
2017-06-15,211.3818817138672,calm,2.45,1.0,0.0446,0.0718,bull_trend
2017-06-16,211.4281005859375,calm,2.45,1.0,0.0425,0.0717,bull_trend
2017-06-19,213.18826293945312,normal,2.3,1.0,0.0699,0.0733,bull_trend
2017-06-20,211.75050354003906,normal,2.3,1.0,0.0869,0.0697,bull_trend
2017-06-21,211.69821166992188,normal,2.3,1.0,0.0864,0.0696,bull_trend
2017-06-22,211.6023712158203,normal,2.3,1.0,0.0851,0.0696,bull_trend
2017-06-23,211.8551025390625,normal,2.3,1.0,0.0853,0.0695,bull_trend
2017-06-26,211.9944610595703,normal,2.3,1.0,0.051,0.0694,bull_trend
2017-06-27,210.28662109375,normal,2.3,1.0,0.0602,0.0703,bull_trend
2017-06-28,212.16876220703125,normal,2.3,1.0,0.0959,0.0723,bull_trend
2017-06-29,210.30404663085938,stress,2.15,1.0,0.1169,0.0745,bull_trend
2017-06-30,210.69615173339844,stress,2.7,1.0,0.1178,0.0744,bull_trend
2017-07-03,211.05340576171875,stress,2.7,1.0,0.119,0.0743,bull_trend
2017-07-05,211.54139709472656,normal,2.85,1.0,0.101,0.0743,bull_trend
2017-07-06,209.60693359375,normal,2.85,1.0,0.0951,0.0765,bull_trend
2017-07-07,210.96629333496094,normal,2.85,1.0,0.0923,0.0773,bull_trend
2017-07-10,211.19287109375,normal,2.85,1.0,0.0918,0.0773,bull_trend
2017-07-11,211.03594970703125,normal,2.85,1.0,0.0914,0.0773,bull_trend
2017-07-12,212.6218719482422,normal,2.85,1.0,0.106,0.0785,bull_trend
2017-07-13,212.9791259765625,normal,2.85,1.0,0.0571,0.0778,bull_trend
2017-07-14,213.97250366210938,calm,3.0,1.0,0.0517,0.0768,bull_trend
2017-07-17,213.9463348388672,normal,2.85,1.0,0.0549,0.0751,bull_trend
2017-07-18,214.0596466064453,calm,3.0,1.0,0.0506,0.0747,bull_trend
2017-07-19,215.21853637695312,calm,3.0,1.0,0.0394,0.075,bull_trend
2017-07-20,215.3144073486328,calm,3.0,1.0,0.0417,0.0736,bull_trend
2017-07-21,215.1227264404297,calm,3.0,1.0,0.0395,0.0733,bull_trend
2017-07-24,215.07040405273438,calm,3.0,1.0,0.0398,0.0704,bull_trend
2017-07-25,215.5932159423828,calm,3.0,1.0,0.0405,0.0697,bull_trend
2017-07-26,215.60195922851562,calm,3.0,1.0,0.02,0.0696,bull_trend
2017-07-27,215.40151977539062,calm,3.0,1.0,0.0219,0.0697,bull_trend
2017-07-28,215.14886474609375,calm,3.0,1.0,0.0227,0.0696,bull_trend
2017-07-31,215.02682495117188,calm,2.45,1.0,0.0231,0.0695,bull_trend
2017-08-01,215.50613403320312,calm,2.45,1.0,0.0217,0.0696,bull_trend
2017-08-02,215.6106414794922,calm,2.45,1.0,0.0221,0.0695,bull_trend
2017-08-03,215.19239807128906,calm,2.45,1.0,0.0257,0.0697,bull_trend
2017-08-04,215.58453369140625,calm,2.45,1.0,0.0272,0.0694,bull_trend
2017-08-07,215.9853515625,calm,2.45,1.0,0.0272,0.0694,bull_trend
2017-08-08,215.4537811279297,calm,2.45,1.0,0.0326,0.0696,bull_trend
2017-08-09,215.445068359375,calm,2.45,1.0,0.0322,0.0696,bull_trend
2017-08-10,212.40402221679688,normal,2.3,1.0,0.1061,0.0754,bull_trend
2017-08-11,212.7177276611328,normal,2.3,1.0,0.1052,0.0753,bull_trend
2017-08-14,214.82643127441406,extreme_stress,2.0,1.0,0.1375,0.077,bull_trend
2017-08-15,214.80029296875,extreme_stress,2.0,1.0,0.137,0.077,bull_trend
2017-08-16,215.17498779296875,extreme_stress,2.0,0.5,0.1381,0.0675,sideways
2017-08-17,211.82020568847656,extreme_stress,2.0,0.5,0.1475,0.0747,sideways
2017-08-18,211.48907470703125,extreme_stress,2.0,0.5,0.1465,0.0738,sideways
2017-08-21,211.6547088623047,stress,2.15,0.5,0.1138,0.0732,sideways
2017-08-22,213.8679656982422,extreme_stress,2.55,0.5,0.1496,0.0759,sideways
2017-08-23,213.10110473632812,extreme_stress,2.0,0.5,0.1486,0.0762,sideways
2017-08-24,212.60450744628906,normal,2.3,0.5,0.0898,0.0758,sideways
2017-08-25,213.10110473632812,normal,2.3,0.5,0.0877,0.0759,sideways
2017-08-28,213.10984802246094,normal,2.3,1.0,0.0882,0.0759,bull_trend
2017-08-29,213.35386657714844,calm,2.45,1.0,0.0388,0.0759,bull_trend
2017-08-30,214.36463928222656,calm,2.45,1.0,0.0417,0.0749,bull_trend
2017-08-31,215.65423583984375,calm,2.45,1.0,0.0394,0.0755,bull_trend
2017-09-01,215.95921325683594,calm,2.45,1.0,0.0407,0.0755,bull_trend
2017-09-05,214.4081268310547,normal,2.3,1.0,0.0817,0.0767,bull_trend
2017-09-06,215.14010620117188,normal,2.3,1.0,0.0832,0.0769,bull_trend
2017-09-07,215.1139678955078,normal,2.3,1.0,0.079,0.0769,bull_trend
2017-09-08,214.86129760742188,normal,2.3,1.0,0.0635,0.0768,bull_trend
2017-09-11,217.15298461914062,normal,2.3,1.0,0.1041,0.0796,bull_trend
2017-09-12,217.88490295410156,normal,2.3,1.0,0.0736,0.0793,bull_trend
2017-09-13,217.9894561767578,normal,2.3,1.0,0.076,0.0792,bull_trend
2017-09-14,217.9197998046875,normal,2.85,1.0,0.0765,0.0791,bull_trend
2017-09-15,218.21316528320312,normal,2.85,1.0,0.0705,0.0791,bull_trend
2017-09-18,218.67723083496094,calm,3.0,1.0,0.0228,0.0776,bull_trend
2017-09-19,218.89614868164062,calm,3.0,1.0,0.0146,0.0762,bull_trend
2017-09-20,218.97500610351562,calm,3.0,1.0,0.0148,0.0762,bull_trend
2017-09-21,218.38824462890625,calm,3.0,1.0,0.0294,0.0764,bull_trend
2017-09-22,218.4320526123047,calm,3.0,1.0,0.0283,0.0764,bull_trend
2017-09-25,217.9854278564453,calm,3.0,1.0,0.0258,0.0766,bull_trend
2017-09-26,218.1168212890625,calm,3.0,1.0,0.0243,0.0746,bull_trend
2017-09-27,218.9662322998047,calm,3.0,1.0,0.0412,0.073,bull_trend
2017-09-28,219.22889709472656,calm,2.45,1.0,0.0339,0.0705,bull_trend
2017-09-29,219.9995574951172,calm,3.0,1.0,0.0383,0.0707,bull_trend
2017-10-02,220.95408630371094,calm,3.0,1.0,0.0268,0.071,bull_trend
2017-10-03,221.42691040039062,calm,2.45,1.0,0.0208,0.071,bull_trend
2017-10-04,221.6896209716797,calm,2.45,1.0,0.0224,0.0681,bull_trend
2017-10-05,223.0031280517578,calm,2.45,1.0,0.0294,0.0679,bull_trend
2017-10-06,222.74923706054688,calm,2.45,1.0,0.0436,0.0681,bull_trend
2017-10-09,222.38140869140625,normal,2.85,1.0,0.0481,0.0682,bull_trend
2017-10-10,222.96812438964844,normal,2.3,1.0,0.0488,0.0669,bull_trend
2017-10-11,223.3184051513672,normal,2.3,1.0,0.0488,0.0669,bull_trend
2017-10-12,222.9856414794922,calm,3.0,1.0,0.0314,0.0666,bull_trend
2017-10-13,223.257080078125,calm,3.0,1.0,0.0305,0.0666,bull_trend
2017-10-16,223.55482482910156,calm,2.45,1.0,0.0243,0.0666,bull_trend
2017-10-17,223.71246337890625,calm,2.45,1.0,0.0198,0.0659,bull_trend
2017-10-18,223.93138122558594,calm,2.45,1.0,0.0185,0.0659,bull_trend
2017-10-19,223.99267578125,calm,2.45,1.0,0.0068,0.0658,bull_trend
2017-10-20,225.14857482910156,calm,2.45,1.0,0.0314,0.0664,bull_trend
2017-10-23,224.27293395996094,normal,2.85,1.0,0.0509,0.067,bull_trend
2017-10-24,224.66697692871094,normal,2.85,1.0,0.0516,0.067,bull_trend
2017-10-25,223.55482482910156,normal,2.85,1.0,0.0659,0.0679,bull_trend
2017-10-26,223.84381103515625,normal,2.85,1.0,0.0669,0.0678,bull_trend
2017-10-27,225.6739501953125,normal,2.85,1.0,0.0833,0.0694,bull_trend
2017-10-30,224.8333282470703,normal,2.85,1.0,0.0827,0.0699,bull_trend
2017-10-31,225.18360900878906,normal,2.85,1.0,0.0826,0.0699,bull_trend
2017-11-01,225.4813690185547,normal,2.85,1.0,0.0672,0.0697,bull_trend
2017-11-02,225.56890869140625,normal,2.85,1.0,0.0679,0.0697,bull_trend
2017-11-03,226.322021484375,calm,3.0,1.0,0.0418,0.0698,bull_trend
2017-11-06,226.67227172851562,calm,3.0,1.0,0.017,0.0696,bull_trend
2017-11-07,226.51467895507812,calm,3.0,1.0,0.0238,0.0696,bull_trend
2017-11-08,226.8999481201172,calm,3.0,1.0,0.0241,0.0627,bull_trend
2017-11-09,226.0768280029297,calm,3.0,1.0,0.0428,0.0634,bull_trend
2017-11-10,226.00674438476562,calm,3.0,1.0,0.0343,0.0607,bull_trend
2017-11-13,226.21697998046875,calm,3.0,1.0,0.0324,0.0607,bull_trend
2017-11-14,225.6915283203125,calm,3.0,1.0,0.0353,0.061,bull_trend
2017-11-15,224.5618896484375,normal,2.85,1.0,0.0382,0.0526,bull_trend
2017-11-16,226.4708709716797,normal,2.85,1.0,0.0806,0.0544,bull_trend
2017-11-17,225.80535888671875,stress,2.7,1.0,0.084,0.055,bull_trend
2017-11-20,226.19070434570312,stress,2.15,1.0,0.0848,0.0516,bull_trend
2017-11-21,227.67056274414062,stress,2.7,1.0,0.0926,0.052,bull_trend
2017-11-22,227.4691925048828,normal,2.85,1.0,0.0769,0.0517,bull_trend
2017-11-24,227.99452209472656,normal,2.85,1.0,0.0569,0.0517,bull_trend
2017-11-27,227.8807373046875,normal,2.85,1.0,0.0471,0.0518,bull_trend
2017-11-28,230.19261169433594,normal,2.85,1.0,0.0753,0.0548,bull_trend
2017-11-29,230.05245971679688,normal,2.85,1.0,0.0744,0.0545,bull_trend
2017-11-30,232.0665740966797,normal,2.3,1.0,0.0812,0.0558,bull_trend
2017-12-01,231.58489990234375,stress,2.7,1.0,0.0923,0.0561,bull_trend
2017-12-04,231.30471801757812,stress,2.7,1.0,0.0941,0.0538,bull_trend
2017-12-05,230.4727783203125,normal,2.85,1.0,0.0775,0.0544,bull_trend
2017-12-06,230.51657104492188,normal,2.85,1.0,0.0772,0.0544,bull_trend
2017-12-07,231.24337768554688,normal,2.85,1.0,0.0406,0.0543,bull_trend
2017-12-08,232.50442504882812,normal,2.85,1.0,0.0566,0.0516,bull_trend
2017-12-11,233.20492553710938,normal,2.85,1.0,0.0551,0.0515,bull_trend
2017-12-12,233.6165008544922,calm,2.45,1.0,0.0308,0.0515,bull_trend
2017-12-13,233.5902557373047,calm,2.45,1.0,0.0324,0.0515,bull_trend
2017-12-14,232.6357421875,normal,2.85,1.0,0.0569,0.0525,bull_trend
2017-12-15,234.57298278808594,normal,2.85,1.0,0.072,0.0545,bull_trend
2017-12-18,236.06048583984375,normal,2.3,1.0,0.0792,0.0555,bull_trend
2017-12-19,235.15394592285156,stress,2.7,1.0,0.0913,0.0564,bull_trend
2017-12-20,235.0306854248047,stress,2.7,1.0,0.0917,0.0559,bull_trend
2017-12-21,235.51480102539062,normal,2.85,1.0,0.0787,0.0559,bull_trend
2017-12-22,235.45314025878906,normal,2.85,1.0,0.0598,0.0556,bull_trend
2017-12-26,235.1714630126953,calm,3.0,1.0,0.0336,0.0558,bull_trend
2017-12-27,235.28599548339844,calm,3.0,1.0,0.0197,0.0556,bull_trend
2017-12-28,235.77001953125,calm,3.0,1.0,0.0228,0.0556,bull_trend
2017-12-29,234.88107299804688,calm,3.0,1.0,0.0344,0.0562,bull_trend
2018-01-02,236.5621337890625,normal,2.85,1.0,0.0649,0.0572,bull_trend
2018-01-03,238.05844116210938,normal,2.85,1.0,0.0709,0.0581,bull_trend
2018-01-04,239.06182861328125,normal,2.3,1.0,0.0694,0.0584,bull_trend
2018-01-05,240.65496826171875,normal,2.3,1.0,0.0722,0.0587,bull_trend
2018-01-08,241.09503173828125,calm,2.45,1.0,0.0351,0.0585,bull_trend
2018-01-09,241.6407470703125,calm,2.45,1.0,0.0354,0.0582,bull_trend
2018-01-10,241.27102661132812,normal,2.3,1.0,0.0482,0.0584,bull_trend
2018-01-11,243.0314483642578,normal,2.3,1.0,0.0582,0.0597,bull_trend
2018-01-12,244.61570739746094,normal,2.3,1.0,0.0577,0.0603,bull_trend
2018-01-16,243.77947998046875,normal,2.3,1.0,0.0753,0.0611,bull_trend
2018-01-17,246.10317993164062,normal,2.3,1.0,0.0915,0.0632,bull_trend
2018-01-18,245.68955993652344,normal,2.3,1.0,0.0921,0.0635,bull_trend
2018-01-19,246.80728149414062,normal,2.3,1.0,0.0871,0.0638,bull_trend
2018-01-22,248.81414794921875,normal,2.3,1.0,0.0917,0.0651,bull_trend
2018-01-23,249.34217834472656,normal,2.3,1.0,0.072,0.0647,bull_trend
2018-01-24,249.24539184570312,normal,2.3,1.0,0.0624,0.0638,bull_trend
2018-01-25,249.3509521484375,normal,2.3,1.0,0.0548,0.0639,bull_trend
2018-01-26,252.23788452148438,normal,2.3,1.0,0.083,0.0655,bull_trend
2018-01-29,250.5657196044922,stress,2.15,1.0,0.1043,0.0677,bull_trend
2018-01-30,247.9955291748047,extreme_stress,2.55,1.0,0.1323,0.0706,bull_trend
2018-01-31,248.1187744140625,extreme_stress,2.55,1.0,0.1328,0.0698,bull_trend
2018-02-01,247.83712768554688,extreme_stress,2.55,1.0,0.1323,0.07,bull_trend
2018-02-02,242.44168090820312,extreme_stress,2.55,1.0,0.1411,0.0841,bull_trend
2018-02-05,232.30223083496094,extreme_stress,0.55,1.0,0.2772,0.1203,bull_trend
2018-02-06,236.87904357910156,extreme_stress,1.45,1.0,0.3737,0.1262,bull_trend
2018-02-07,235.59393310546875,extreme_stress,1.45,0.0,0.3666,0.1268,bear_trend
2018-02-08,226.75717163085938,extreme_stress,0.55,0.0,0.4,0.148,bear_trend
2018-02-09,230.16334533691406,extreme_stress,1.45,0.0,0.4559,0.1509,bear_trend
2018-02-12,233.5431365966797,extreme_stress,1.45,0.0,0.3771,0.1534,bear_trend
2018-02-13,234.12417602539062,extreme_stress,1.45,0.0,0.3424,0.1535,bear_trend
2018-02-14,237.28387451171875,extreme_stress,1.45,0.0,0.357,0.1556,bear_trend
2018-02-15,240.31158447265625,calm,1.9,0.0,0.0829,0.1573,bear_trend
2018-02-16,240.382080078125,calm,1.9,0.0,0.1078,0.1568,bear_trend
2018-02-20,238.87704467773438,extreme_stress,1.45,0.0,0.1344,0.1568,bear_trend
2018-02-21,237.68882751464844,extreme_stress,1.45,0.0,0.151,0.157,bear_trend
2018-02-22,237.99679565429688,normal,2.3,0.0,0.1195,0.157,bear_trend
2018-02-23,241.79039001464844,extreme_stress,2.55,0.0,0.1402,0.1595,bear_trend
2018-02-26,244.59803771972656,extreme_stress,2.55,1.0,0.1572,0.1609,bull_trend
2018-02-27,241.54391479492188,extreme_stress,2.55,1.0,0.1853,0.1632,bull_trend
2018-02-28,239.09707641601562,extreme_stress,2.0,1.0,0.201,0.1646,bull_trend
2018-03-01,235.62037658691406,extreme_stress,2.0,1.0,0.2301,0.1663,bull_trend
2018-03-02,236.8350067138672,extreme_stress,2.0,0.5,0.1858,0.1666,sideways
2018-03-05,239.57232666015625,extreme_stress,2.0,0.5,0.1856,0.1673,sideways
2018-03-06,240.17967224121094,extreme_stress,2.0,0.5,0.1729,0.1672,sideways
2018-03-07,240.09161376953125,extreme_stress,2.0,0.5,0.1536,0.1672,sideways
2018-03-08,241.25347900390625,calm,2.45,0.5,0.0699,0.1672,sideways
2018-03-09,245.4517822265625,calm,2.45,0.5,0.1144,0.1704,sideways
2018-03-12,245.1437225341797,normal,2.3,1.0,0.1196,0.1704,bull_trend
2018-03-13,243.55943298339844,extreme_stress,2.0,1.0,0.1441,0.1708,bull_trend
2018-03-14,242.30963134765625,extreme_stress,2.0,1.0,0.1544,0.1712,bull_trend
2018-03-15,242.04556274414062,extreme_stress,2.0,0.5,0.1529,0.1712,sideways
2018-03-16,242.30809020996094,calm,2.45,0.5,0.0496,0.1712,sideways
2018-03-19,239.02955627441406,calm,2.45,0.5,0.0895,0.1733,sideways
2018-03-20,239.43606567382812,calm,2.45,1.0,0.0995,0.1726,bull_trend
2018-03-21,238.9765625,calm,2.45,1.0,0.0986,0.1722,bull_trend
2018-03-22,233.0028076171875,extreme_stress,2.0,1.0,0.1831,0.1793,bull_trend
2018-03-23,228.03640747070312,extreme_stress,2.0,1.0,0.1857,0.1843,bull_trend
2018-03-26,234.27525329589844,extreme_stress,2.0,0.5,0.3331,0.1924,sideways
2018-03-27,230.28985595703125,extreme_stress,2.0,0.5,0.3399,0.1954,sideways
2018-03-28,229.6094207763672,extreme_stress,2.0,0.5,0.3389,0.1955,sideways
2018-03-29,232.54327392578125,extreme_stress,2.0,0.5,0.3238,0.1972,sideways
2018-04-02,227.5238800048828,extreme_stress,2.0,0.5,0.3249,0.2018,sideways
2018-04-03,230.44007873535156,extreme_stress,2.0,0.5,0.256,0.2034,sideways
2018-04-04,232.90557861328125,extreme_stress,2.0,0.5,0.2367,0.204,sideways
2018-04-05,234.74366760253906,extreme_stress,2.0,0.5,0.2339,0.2043,sideways
2018-04-06,229.51223754882812,extreme_stress,2.0,0.5,0.2831,0.2088,sideways
2018-04-09,230.64332580566406,extreme_stress,2.0,0.5,0.2276,0.2086,sideways
2018-04-10,234.31063842773438,extreme_stress,2.0,0.5,0.237,0.2111,sideways
2018-04-11,233.08233642578125,extreme_stress,2.0,0.5,0.2332,0.2113,sideways
2018-04-12,234.9999237060547,extreme_stress,2.0,0.5,0.2339,0.212,sideways
2018-04-13,234.31063842773438,calm,2.45,0.5,0.136,0.2115,sideways
2018-04-16,236.23709106445312,calm,2.45,0.5,0.1391,0.2117,sideways
2018-04-17,238.76451110839844,calm,3.0,1.0,0.1161,0.2128,bull_trend
2018-04-18,238.94119262695312,calm,2.45,1.0,0.092,0.2119,bull_trend
2018-04-19,237.61570739746094,calm,2.45,1.0,0.1114,0.2121,bull_trend
2018-04-20,235.60084533691406,calm,2.45,1.0,0.1326,0.2125,bull_trend
2018-04-23,235.5654754638672,calm,2.45,1.0,0.1167,0.2117,bull_trend
2018-04-24,232.39303588867188,calm,2.45,1.0,0.0939,0.2132,bull_trend
2018-04-25,232.96746826171875,calm,2.45,1.0,0.1015,0.2133,bull_trend
2018-04-26,235.3357391357422,calm,2.45,1.0,0.1474,0.2144,bull_trend
2018-04-27,235.556640625,calm,2.45,1.0,0.1356,0.213,bull_trend
2018-04-30,233.7451629638672,calm,2.45,1.0,0.1462,0.2131,bull_trend
2018-05-01,234.16043090820312,calm,2.45,1.0,0.1007,0.2123,bull_trend
2018-05-02,232.58749389648438,calm,2.45,1.0,0.1153,0.2126,bull_trend
2018-05-03,232.0748748779297,calm,2.45,1.0,0.0685,0.2126,bull_trend
2018-05-04,235.0794677734375,calm,2.45,1.0,0.1326,0.2101,bull_trend
2018-05-07,235.87478637695312,calm,2.45,1.0,0.1165,0.1927,bull_trend
2018-05-08,235.87478637695312,calm,2.45,1.0,0.1172,0.1886,bull_trend
2018-05-09,238.15467834472656,calm,3.0,1.0,0.1017,0.1892,bull_trend
2018-05-10,240.38165283203125,calm,3.0,1.0,0.0833,0.1738,bull_trend
2018-05-11,241.11500549316406,calm,3.0,1.0,0.0674,0.1715,bull_trend
2018-05-14,241.22994995117188,calm,3.0,1.0,0.0748,0.1692,bull_trend
2018-05-15,239.56861877441406,calm,3.0,1.0,0.1091,0.1698,bull_trend
2018-05-16,240.57603454589844,calm,3.0,1.0,0.0943,0.1679,bull_trend
2018-05-17,240.37277221679688,calm,3.0,1.0,0.0689,0.166,bull_trend
2018-05-18,239.7718963623047,calm,3.0,1.0,0.0646,0.166,bull_trend
2018-05-21,241.5745849609375,calm,3.0,1.0,0.0899,0.1662,bull_trend
2018-05-22,240.90296936035156,calm,3.0,1.0,0.0722,0.166,bull_trend
2018-05-23,241.56578063964844,calm,3.0,1.0,0.0689,0.1661,bull_trend
2018-05-24,241.0709228515625,calm,3.0,1.0,0.0712,0.163,bull_trend
2018-05-25,240.4965362548828,calm,2.45,1.0,0.0709,0.1614,bull_trend
2018-05-29,237.7305145263672,calm,3.0,1.0,0.0819,0.1611,bull_trend
2018-05-30,240.90296936035156,normal,2.3,1.0,0.1437,0.162,bull_trend
2018-05-31,239.42726135253906,normal,2.3,1.0,0.1469,0.1598,bull_trend
2018-06-01,241.7778778076172,normal,2.3,1.0,0.168,0.1606,bull_trend
2018-06-04,242.92665100097656,normal,2.3,1.0,0.1676,0.1593,bull_trend
2018-06-05,243.10336303710938,normal,2.3,1.0,0.1213,0.1592,bull_trend
2018-06-06,245.13595581054688,calm,3.0,1.0,0.1021,0.16,bull_trend
2018-06-07,245.10934448242188,calm,3.0,1.0,0.0703,0.1598,bull_trend
2018-06-08,245.83396911621094,calm,3.0,1.0,0.0539,0.1561,bull_trend
2018-06-11,246.16090393066406,calm,3.0,1.0,0.0537,0.1561,bull_trend
2018-06-12,246.4790802001953,calm,3.0,1.0,0.0526,0.1555,bull_trend
2018-06-13,245.6925506591797,calm,3.0,1.0,0.0367,0.1553,bull_trend
2018-06-14,246.3112030029297,calm,3.0,1.0,0.0388,0.1553,bull_trend
2018-06-15,245.9969940185547,calm,3.0,1.0,0.0368,0.1554,bull_trend
2018-06-18,245.49098205566406,calm,3.0,1.0,0.0377,0.1529,bull_trend
2018-06-19,244.55007934570312,calm,3.0,1.0,0.0395,0.1531,bull_trend
2018-06-20,244.96722412109375,calm,3.0,1.0,0.0421,0.1531,bull_trend
2018-06-21,243.4315948486328,calm,3.0,1.0,0.0471,0.1448,bull_trend
2018-06-22,243.87545776367188,calm,3.0,1.0,0.0559,0.1377,bull_trend
2018-06-25,240.5555877685547,normal,2.85,1.0,0.1017,0.1301,bull_trend
2018-06-26,241.0882110595703,normal,2.85,1.0,0.1111,0.1252,bull_trend
2018-06-27,239.0910186767578,normal,2.3,1.0,0.108,0.1263,bull_trend
2018-06-28,240.45799255371094,normal,2.85,1.0,0.1293,0.1243,bull_trend
2018-06-29,240.8041534423828,normal,2.85,1.0,0.1285,0.1159,bull_trend
2018-07-02,241.31895446777344,normal,2.85,1.0,0.0835,0.1133,bull_trend
2018-07-03,240.4668426513672,normal,2.85,1.0,0.0866,0.1118,bull_trend
2018-07-05,242.4285125732422,calm,3.0,1.0,0.0708,0.1119,bull_trend
2018-07-06,244.47901916503906,normal,2.85,1.0,0.08,0.103,bull_trend
2018-07-09,246.680419921875,normal,2.85,1.0,0.0865,0.1039,bull_trend
2018-07-10,247.56809997558594,normal,2.85,1.0,0.0842,0.0996,bull_trend
2018-07-11,245.75730895996094,normal,2.85,1.0,0.1093,0.1002,bull_trend
2018-07-12,247.98532104492188,normal,2.85,1.0,0.1115,0.1005,bull_trend
2018-07-13,248.18055725097656,normal,2.85,1.0,0.1078,0.1002,bull_trend
2018-07-16,247.9586944580078,normal,2.85,1.0,0.0954,0.0991,bull_trend
2018-07-17,248.96170043945312,normal,2.85,1.0,0.0962,0.0973,bull_trend
2018-07-18,249.4854736328125,calm,3.0,1.0,0.0608,0.0973,bull_trend
2018-07-19,248.54449462890625,calm,3.0,1.0,0.0472,0.0969,bull_trend
2018-07-20,248.2604522705078,calm,3.0,1.0,0.0483,0.0952,bull_trend
2018-07-23,248.72206115722656,calm,3.0,1.0,0.0488,0.0952,bull_trend
2018-07-24,249.97369384765625,calm,3.0,1.0,0.0535,0.091,bull_trend
2018-07-25,252.10401916503906,normal,2.85,1.0,0.0773,0.0921,bull_trend
2018-07-26,251.50924682617188,normal,2.85,1.0,0.0709,0.0906,bull_trend
2018-07-27,249.80503845214844,normal,2.85,1.0,0.0956,0.0919,bull_trend
2018-07-30,248.5000762939453,normal,2.85,1.0,0.1055,0.0911,bull_trend
2018-07-31,249.72508239746094,normal,2.85,1.0,0.1052,0.0915,bull_trend
2018-08-01,249.30787658691406,normal,2.85,1.0,0.0715,0.0903,bull_trend
2018-08-02,250.6660614013672,normal,2.85,1.0,0.0897,0.0904,bull_trend
2018-08-03,251.74014282226562,normal,2.3,1.0,0.0754,0.0875,bull_trend
2018-08-06,252.6632843017578,calm,2.45,1.0,0.0456,0.0875,bull_trend
2018-08-07,253.4976043701172,calm,2.45,1.0,0.0435,0.0876,bull_trend
2018-08-08,253.39114379882812,calm,3.0,1.0,0.0351,0.0859,bull_trend
2018-08-09,253.0449981689453,calm,3.0,1.0,0.0411,0.0843,bull_trend
2018-08-10,251.3495635986328,normal,2.85,1.0,0.0668,0.0855,bull_trend
2018-08-13,250.40863037109375,calm,3.0,1.0,0.0594,0.086,bull_trend
2018-08-14,252.0063934326172,normal,2.85,1.0,0.0773,0.0854,bull_trend
2018-08-15,250.12461853027344,normal,2.85,1.0,0.0884,0.0867,bull_trend
2018-08-16,252.14834594726562,normal,2.85,1.0,0.1173,0.0879,bull_trend
2018-08-17,253.03610229492188,normal,2.3,1.0,0.1062,0.0878,bull_trend
2018-08-20,253.5775604248047,normal,2.3,1.0,0.0962,0.0868,bull_trend
2018-08-21,254.1722412109375,normal,2.3,1.0,0.0901,0.0866,bull_trend
2018-08-22,254.02137756347656,calm,2.45,1.0,0.0503,0.0865,bull_trend
2018-08-23,253.68406677246094,calm,2.45,1.0,0.0329,0.0864,bull_trend
2018-08-24,255.2108612060547,calm,2.45,1.0,0.0461,0.0868,bull_trend
2018-08-27,257.2258605957031,normal,2.85,1.0,0.064,0.0841,bull_trend
2018-08-28,257.3500671386719,normal,2.85,1.0,0.0663,0.0805,bull_trend
2018-08-29,258.7349548339844,normal,2.85,1.0,0.0622,0.0796,bull_trend
2018-08-30,257.6874084472656,normal,2.85,1.0,0.0772,0.0783,bull_trend
2018-08-31,257.6962585449219,normal,2.85,1.0,0.0749,0.078,bull_trend
2018-09-04,257.2525634765625,normal,2.85,1.0,0.0553,0.0782,bull_trend
2018-09-05,256.5600891113281,normal,2.85,1.0,0.0582,0.077,bull_trend
2018-09-06,255.78778076171875,calm,3.0,1.0,0.0245,0.0773,bull_trend
2018-09-07,255.29074096679688,calm,3.0,1.0,0.0188,0.0774,bull_trend
2018-09-10,255.73458862304688,calm,3.0,1.0,0.0302,0.0774,bull_trend
2018-09-11,256.577880859375,calm,3.0,1.0,0.0453,0.0776,bull_trend
2018-09-12,256.6400146484375,calm,3.0,1.0,0.0411,0.0772,bull_trend
2018-09-13,258.15789794921875,calm,2.45,1.0,0.0474,0.0778,bull_trend
2018-09-14,258.2023010253906,calm,2.45,1.0,0.0382,0.0777,bull_trend
2018-09-17,256.8352355957031,normal,2.3,1.0,0.0665,0.0785,bull_trend
2018-09-18,258.2288818359375,normal,2.3,1.0,0.0728,0.0784,bull_trend
2018-09-19,258.5039978027344,normal,2.3,1.0,0.0723,0.0784,bull_trend
2018-09-20,260.59893798828125,normal,2.3,1.0,0.0819,0.0784,bull_trend
2018-09-21,260.3608703613281,normal,2.85,1.0,0.0836,0.0785,bull_trend
2018-09-24,259.49591064453125,normal,2.85,1.0,0.0739,0.0732,bull_trend
2018-09-25,259.25518798828125,normal,2.85,1.0,0.0693,0.0733,bull_trend
2018-09-26,258.4793395996094,normal,2.3,1.0,0.0742,0.0712,bull_trend
2018-09-27,259.2016296386719,calm,2.45,1.0,0.0387,0.0707,bull_trend
2018-09-28,259.2283935546875,calm,2.45,1.0,0.0396,0.0708,bull_trend
2018-10-01,260.1290283203125,calm,2.45,1.0,0.0424,0.0709,bull_trend
2018-10-02,259.97735595703125,calm,2.45,1.0,0.0417,0.0703,bull_trend
2018-10-03,260.1201477050781,calm,3.0,1.0,0.0281,0.0689,bull_trend
2018-10-04,258.0870361328125,normal,2.85,1.0,0.0665,0.0696,bull_trend
2018-10-05,256.6426086425781,normal,2.85,1.0,0.0733,0.0688,bull_trend
2018-10-08,256.6426086425781,normal,2.85,1.0,0.0599,0.0685,bull_trend
2018-10-09,256.2680358886719,normal,2.85,1.0,0.0582,0.0667,bull_trend
2018-10-10,248.1537628173828,extreme_stress,2.0,1.0,0.2045,0.0912,bull_trend
2018-10-11,242.68777465820312,extreme_stress,2.0,1.0,0.2221,0.1012,bull_trend
2018-10-12,246.05831909179688,extreme_stress,1.45,1.0,0.2908,0.1052,bull_trend
2018-10-15,244.67625427246094,extreme_stress,2.0,1.0,0.2834,0.1054,bull_trend
2018-10-16,250.02626037597656,extreme_stress,1.45,1.0,0.3619,0.1142,bull_trend
2018-10-17,250.07090759277344,extreme_stress,2.0,1.0,0.272,0.114,bull_trend
2018-10-18,246.45957946777344,extreme_stress,2.0,1.0,0.2329,0.1176,bull_trend
2018-10-19,246.32591247558594,stress,2.15,0.5,0.2127,0.1175,sideways
2018-10-22,245.22019958496094,stress,2.15,0.5,0.2109,0.1174,sideways
2018-10-23,243.97178649902344,normal,2.3,0.5,0.0926,0.1164,sideways
2018-10-24,236.57984924316406,normal,1.75,0.5,0.1897,0.1307,sideways
2018-10-25,240.82423400878906,extreme_stress,1.45,0.5,0.2732,0.1355,sideways
2018-10-26,236.58871459960938,extreme_stress,1.45,0.5,0.2843,0.1394,sideways
2018-10-29,235.27793884277344,extreme_stress,1.45,0.0,0.2836,0.1393,bear_trend
2018-10-30,238.764404296875,extreme_stress,1.45,0.0,0.3286,0.1428,bear_trend
2018-10-31,241.3146514892578,extreme_stress,1.45,0.0,0.2398,0.1441,bear_trend
2018-11-01,243.88265991210938,normal,1.75,0.0,0.2178,0.1455,bear_trend
2018-11-02,242.4381561279297,normal,1.75,0.0,0.1569,0.1456,bear_trend
2018-11-05,243.7756805419922,normal,2.3,0.0,0.1273,0.146,bear_trend
2018-11-06,245.3182830810547,normal,2.3,0.0,0.1078,0.1466,bear_trend
2018-11-07,250.57012939453125,normal,2.3,1.0,0.1565,0.153,bull_trend
2018-11-08,250.11544799804688,normal,2.3,1.0,0.1659,0.1524,bull_trend
2018-11-09,247.67225646972656,normal,2.3,1.0,0.1833,0.1535,bull_trend
2018-11-12,243.04449462890625,extreme_stress,2.0,1.0,0.244,0.1573,bull_trend
2018-11-13,242.58975219726562,stress,2.15,1.0,0.2363,0.1567,bull_trend
2018-11-14,240.93118286132812,normal,2.3,1.0,0.1106,0.1563,bull_trend
2018-11-15,243.4457550048828,normal,2.3,1.0,0.1704,0.1576,bull_trend
2018-11-16,244.078857421875,normal,2.3,1.0,0.1728,0.1577,bull_trend
2018-11-19,239.95033264160156,normal,2.3,1.0,0.1627,0.1609,bull_trend
2018-11-20,235.50979614257812,normal,2.3,1.0,0.1977,0.1647,bull_trend
2018-11-21,236.31234741210938,normal,2.3,1.0,0.2076,0.165,bull_trend
2018-11-23,234.7340850830078,normal,2.3,1.0,0.1648,0.1647,bull_trend
2018-11-26,238.52371215820312,normal,2.3,1.0,0.2306,0.1674,bull_trend
2018-11-27,239.32614135742188,normal,2.3,1.0,0.2054,0.1676,bull_trend
2018-11-28,244.83676147460938,normal,2.3,1.0,0.1862,0.1739,bull_trend
2018-11-29,244.3017578125,normal,2.3,1.0,0.1984,0.1738,bull_trend
2018-11-30,245.79086303710938,normal,2.3,1.0,0.1612,0.1744,bull_trend
2018-12-03,249.0454559326172,normal,2.85,1.0,0.1546,0.1766,bull_trend
2018-12-04,240.9757843017578,extreme_stress,2.0,1.0,0.3354,0.1878,bull_trend
2018-12-06,240.61016845703125,extreme_stress,2.0,1.0,0.2765,0.1877,bull_trend
2018-12-07,235.0194091796875,extreme_stress,2.0,0.5,0.3093,0.1929,sideways
2018-12-10,235.46524047851562,extreme_stress,2.0,0.5,0.2989,0.193,sideways
2018-12-11,235.51870727539062,normal,2.3,0.5,0.2497,0.1928,sideways
2018-12-12,236.7047119140625,normal,1.2,0.5,0.1791,0.1932,sideways
2018-12-13,236.62442016601562,normal,1.2,0.5,0.1801,0.1926,sideways
2018-12-14,232.2552032470703,normal,1.2,0.0,0.147,0.1956,bear_trend
2018-12-17,227.69876098632812,normal,1.2,0.0,0.183,0.1988,bear_trend
2018-12-18,227.44906616210938,normal,1.2,0.0,0.1801,0.1982,bear_trend
2018-12-19,224.04283142089844,normal,1.2,0.0,0.1501,0.1999,bear_trend
2018-12-20,220.3958740234375,calm,1.35,0.0,0.1188,0.2007,bear_trend
2018-12-21,215.88009643554688,calm,1.35,0.0,0.1243,0.2038,bear_trend
2018-12-24,210.1759033203125,normal,1.2,0.0,0.1489,0.2092,bear_trend
2018-12-26,220.79498291015625,extreme_stress,0.55,0.0,0.5024,0.2352,bear_trend
2018-12-27,222.49012756347656,extreme_stress,1.45,0.0,0.5013,0.2361,bear_trend
2018-12-28,222.2030792236328,extreme_stress,1.45,0.0,0.4835,0.2359,bear_trend
2018-12-31,224.1493682861328,extreme_stress,1.45,0.0,0.4405,0.2369,bear_trend
2019-01-02,224.38247680664062,extreme_stress,1.45,0.0,0.3369,0.2367,bear_trend
2019-01-03,219.02813720703125,normal,1.75,0.0,0.2094,0.2406,bear_trend
2019-01-04,226.3646697998047,extreme_stress,1.45,0.0,0.3277,0.2511,bear_trend
2019-01-07,228.14944458007812,extreme_stress,1.45,0.0,0.3255,0.2516,bear_trend
2019-01-08,230.29298400878906,extreme_stress,1.45,0.0,0.326,0.2525,bear_trend
2019-01-09,231.3692626953125,extreme_stress,1.45,0.0,0.3238,0.2528,bear_trend
2019-01-10,232.1854248046875,normal,1.75,0.0,0.1962,0.253,bear_trend
2019-01-11,232.2751007080078,calm,1.9,0.0,0.0567,0.2454,bear_trend
2019-01-14,230.85806274414062,calm,1.9,0.5,0.0911,0.2419,sideways
2019-01-15,233.5038604736328,calm,1.9,0.5,0.1017,0.2414,sideways
2019-01-16,234.0688934326172,calm,1.9,0.5,0.1003,0.2412,sideways
2019-01-17,235.84469604492188,calm,1.9,0.5,0.1072,0.2375,sideways
2019-01-18,238.98387145996094,calm,1.9,0.5,0.1242,0.2392,sideways
2019-01-22,235.7550506591797,normal,1.75,0.5,0.171,0.2389,sideways
2019-01-23,236.24830627441406,calm,2.45,0.5,0.1586,0.239,sideways
2019-01-24,236.37387084960938,calm,2.45,0.5,0.1591,0.2389,sideways
2019-01-25,238.37391662597656,calm,2.45,1.0,0.1612,0.2394,bull_trend
2019-01-28,236.56219482421875,calm,2.45,1.0,0.1367,0.232,bull_trend
2019-01-29,236.24830627441406,calm,2.45,1.0,0.0922,0.2291,bull_trend
2019-01-30,239.98838806152344,calm,2.45,1.0,0.1445,0.2286,bull_trend
2019-01-31,242.09593200683594,calm,2.45,1.0,0.1468,0.2289,bull_trend
2019-02-01,242.21263122558594,calm,2.45,1.0,0.1453,0.227,bull_trend
2019-02-04,243.91664123535156,calm,2.45,1.0,0.1093,0.2265,bull_trend
2019-02-05,244.9391632080078,calm,2.45,1.0,0.0909,0.2256,bull_trend
2019-02-06,244.61624145507812,calm,2.45,1.0,0.0676,0.2253,bull_trend
2019-02-07,242.28433227539062,calm,2.45,1.0,0.1003,0.2259,bull_trend
2019-02-08,242.5803680419922,calm,2.45,1.0,0.1006,0.2255,bull_trend
2019-02-11,242.71481323242188,calm,2.45,1.0,0.0822,0.2213,bull_trend
2019-02-12,245.8360137939453,calm,2.45,1.0,0.1272,0.2228,bull_trend
2019-02-13,246.63418579101562,calm,2.45,1.0,0.1267,0.2221,bull_trend
2019-02-14,246.087158203125,calm,2.45,1.0,0.0917,0.2189,bull_trend
2019-02-15,248.76882934570312,calm,2.45,1.0,0.1039,0.2198,bull_trend
2019-02-19,249.1992950439453,calm,2.45,1.0,0.101,0.2193,bull_trend
2019-02-20,249.70159912109375,calm,2.45,1.0,0.0762,0.2185,bull_trend
2019-02-21,248.8136444091797,calm,2.45,1.0,0.0897,0.2186,bull_trend
2019-02-22,250.35633850097656,calm,2.45,1.0,0.0859,0.216,bull_trend
2019-02-25,250.69715881347656,calm,2.45,1.0,0.055,0.2124,bull_trend
2019-02-26,250.51776123046875,calm,2.45,1.0,0.0572,0.2124,bull_trend
2019-02-27,250.41014099121094,calm,2.45,1.0,0.0572,0.2118,bull_trend
2019-02-28,249.94371032714844,calm,2.45,1.0,0.0504,0.2097,bull_trend
2019-03-01,251.5043487548828,calm,2.45,1.0,0.0507,0.2099,bull_trend
2019-03-04,250.58946228027344,calm,2.45,1.0,0.0596,0.2052,bull_trend
2019-03-05,250.24871826171875,calm,2.45,1.0,0.0602,0.2052,bull_trend
2019-03-06,248.73300170898438,calm,2.45,1.0,0.0733,0.2053,bull_trend
2019-03-07,246.65220642089844,calm,2.45,1.0,0.0891,0.2043,bull_trend
2019-03-08,246.15882873535156,calm,2.45,1.0,0.0463,0.1935,bull_trend
2019-03-11,249.72848510742188,normal,2.3,1.0,0.1421,0.1954,bull_trend
2019-03-12,250.6702423095703,normal,2.3,1.0,0.1452,0.1894,bull_trend
2019-03-13,252.32949829101562,normal,2.3,1.0,0.1375,0.1897,bull_trend
2019-03-14,252.1680450439453,calm,2.45,1.0,0.1046,0.1897,bull_trend
2019-03-15,253.4138641357422,calm,2.45,1.0,0.0879,0.1897,bull_trend
2019-03-18,254.3326873779297,calm,2.45,1.0,0.0427,0.1898,bull_trend
2019-03-19,254.39581298828125,calm,2.45,1.0,0.049,0.1855,bull_trend
2019-03-20,253.62998962402344,calm,2.45,1.0,0.0513,0.1807,bull_trend
2019-03-21,256.494873046875,calm,2.45,1.0,0.0854,0.1816,bull_trend
2019-03-22,251.5581817626953,normal,2.3,1.0,0.1793,0.1835,bull_trend
2019-03-25,251.36900329589844,normal,2.3,1.0,0.1742,0.1798,bull_trend
2019-03-26,253.24281311035156,normal,2.85,1.0,0.1878,0.1741,bull_trend
2019-03-27,251.91847229003906,normal,2.85,1.0,0.19,0.1646,bull_trend
2019-03-28,252.87338256835938,normal,2.85,1.0,0.1644,0.1333,bull_trend
2019-03-29,254.46783447265625,calm,3.0,1.0,0.0836,0.1331,bull_trend
2019-04-01,257.4856872558594,normal,2.85,1.0,0.1006,0.1343,bull_trend
2019-04-02,257.6117858886719,normal,2.85,1.0,0.1014,0.1337,bull_trend
2019-04-03,258.01708984375,calm,3.0,1.0,0.0719,0.1337,bull_trend
2019-04-04,258.70172119140625,calm,3.0,1.0,0.0734,0.1227,bull_trend
2019-04-05,259.9540100097656,calm,3.0,1.0,0.0719,0.1056,bull_trend
2019-04-08,260.152099609375,calm,3.0,1.0,0.028,0.105,bull_trend
2019-04-09,258.81884765625,calm,3.0,1.0,0.0591,0.1049,bull_trend
2019-04-10,259.70172119140625,calm,3.0,1.0,0.0617,0.1048,bull_trend
2019-04-11,259.6296081542969,calm,3.0,1.0,0.0612,0.1049,bull_trend
2019-04-12,261.38623046875,calm,3.0,1.0,0.0702,0.1053,bull_trend
2019-04-15,261.21514892578125,calm,3.0,1.0,0.0713,0.1042,bull_trend
2019-04-16,261.38623046875,calm,3.0,1.0,0.0494,0.1024,bull_trend
2019-04-17,260.7466735839844,calm,3.0,1.0,0.0558,0.1027,bull_trend
2019-04-18,261.2601013183594,calm,3.0,1.0,0.0553,0.1021,bull_trend
2019-04-22,261.4853820800781,calm,3.0,1.0,0.0268,0.0993,bull_trend
2019-04-23,263.83660888671875,normal,2.85,1.0,0.0672,0.0956,bull_trend
2019-04-24,263.2509460449219,normal,2.85,1.0,0.0737,0.096,bull_trend
2019-04-25,263.0888366699219,normal,2.85,1.0,0.0686,0.096,bull_trend
2019-04-26,264.31396484375,normal,2.85,1.0,0.0716,0.0953,bull_trend
2019-04-29,264.7283630371094,normal,2.85,1.0,0.0708,0.0934,bull_trend
2019-04-30,264.86346435546875,calm,3.0,1.0,0.041,0.0932,bull_trend
2019-05-01,262.87255859375,normal,2.85,1.0,0.0714,0.0906,bull_trend
2019-05-02,262.3050842285156,normal,2.85,1.0,0.0727,0.0897,bull_trend
2019-05-03,264.8724365234375,normal,2.85,1.0,0.1,0.0912,bull_trend
2019-05-06,263.7825012207031,normal,2.85,1.0,0.104,0.0912,bull_trend
2019-05-07,259.37738037109375,stress,2.7,1.0,0.1521,0.0978,bull_trend
2019-05-08,259.0170593261719,stress,2.7,1.0,0.1497,0.0978,bull_trend
2019-05-09,258.2332458496094,stress,2.7,1.0,0.1496,0.0958,bull_trend
2019-05-10,259.5304870605469,normal,2.85,1.0,0.1256,0.0961,bull_trend
2019-05-13,253.008544921875,stress,2.15,1.0,0.1955,0.1095,bull_trend
2019-05-14,255.2965850830078,stress,2.15,1.0,0.2103,0.108,bull_trend
2019-05-15,256.7919921875,stress,2.15,0.5,0.22,0.1084,sideways
2019-05-16,259.1701965332031,stress,2.7,0.5,0.2321,0.1096,sideways
2019-05-17,257.49468994140625,extreme_stress,2.0,0.5,0.2333,0.1086,sideways
2019-05-20,255.79212951660156,normal,2.3,0.5,0.1287,0.1096,sideways
2019-05-21,258.09820556640625,normal,2.3,0.5,0.1286,0.1109,sideways
2019-05-22,257.3054504394531,normal,2.3,1.0,0.1283,0.1108,bull_trend
2019-05-23,254.16156005859375,normal,2.3,1.0,0.1257,0.1131,bull_trend
2019-05-24,254.73802185058594,normal,2.3,1.0,0.1295,0.1131,bull_trend
2019-05-28,252.36888122558594,normal,2.3,1.0,0.1366,0.1147,bull_trend
2019-05-29,250.67527770996094,normal,2.3,1.0,0.0894,0.1155,bull_trend
2019-05-30,251.3599853515625,normal,2.3,1.0,0.1081,0.1156,bull_trend
2019-05-31,247.97283935546875,normal,2.3,1.0,0.1139,0.118,bull_trend
2019-06-03,247.34230041503906,normal,2.3,1.0,0.0989,0.1179,bull_trend
2019-06-04,252.71119689941406,stress,2.15,1.0,0.2117,0.1258,bull_trend
2019-06-05,254.90032958984375,stress,2.15,1.0,0.2075,0.1262,bull_trend
2019-06-06,256.55767822265625,stress,2.15,0.5,0.2084,0.1255,sideways
2019-06-07,259.125244140625,normal,2.85,0.5,0.1379,0.1268,sideways
2019-06-10,260.3142395019531,normal,2.85,0.5,0.1065,0.124,sideways
2019-06-11,260.2511901855469,calm,3.0,1.0,0.0637,0.1238,bull_trend
2019-06-12,259.7918395996094,calm,3.0,1.0,0.0769,0.1233,bull_trend
2019-06-13,260.8638610839844,calm,3.0,1.0,0.0734,0.1235,bull_trend
2019-06-14,260.575439453125,calm,3.0,1.0,0.0478,0.1232,bull_trend
2019-06-17,260.67462158203125,calm,3.0,1.0,0.0365,0.123,bull_trend
2019-06-18,263.4040832519531,calm,3.0,1.0,0.0801,0.1247,bull_trend
2019-06-19,263.9986572265625,calm,3.0,1.0,0.0715,0.1245,bull_trend
2019-06-20,266.52099609375,calm,3.0,1.0,0.0849,0.124,bull_trend
2019-06-21,266.1335144042969,normal,2.85,1.0,0.0863,0.1173,bull_trend
2019-06-24,265.8077087402344,normal,2.85,1.0,0.0915,0.1173,bull_trend
2019-06-25,263.20068359375,normal,2.85,1.0,0.1111,0.1185,bull_trend
2019-06-26,262.93817138671875,normal,2.85,1.0,0.1091,0.1179,bull_trend
2019-06-27,263.8705139160156,calm,3.0,1.0,0.0768,0.1179,bull_trend
2019-06-28,265.2284240722656,normal,2.85,1.0,0.0924,0.1177,bull_trend
2019-07-01,267.6363220214844,normal,2.85,1.0,0.1147,0.1167,bull_trend
2019-07-02,268.3332214355469,calm,3.0,1.0,0.0584,0.1168,bull_trend
2019-07-03,270.47869873046875,calm,3.0,1.0,0.0443,0.1177,bull_trend
2019-07-05,270.17083740234375,calm,3.0,1.0,0.0658,0.1177,bull_trend
2019-07-08,268.6862487792969,normal,2.85,1.0,0.0974,0.1181,bull_trend
2019-07-09,269.0212707519531,calm,3.0,1.0,0.0787,0.1181,bull_trend
2019-07-10,270.306640625,normal,2.85,1.0,0.0828,0.1178,bull_trend
2019-07-11,270.9403076171875,calm,3.0,1.0,0.0619,0.1177,bull_trend
2019-07-12,272.1532897949219,calm,3.0,1.0,0.0661,0.1179,bull_trend
2019-07-15,272.24383544921875,calm,3.0,1.0,0.031,0.1173,bull_trend
2019-07-16,271.3657531738281,calm,3.0,1.0,0.0525,0.1175,bull_trend
2019-07-17,269.5191345214844,calm,3.0,1.0,0.0713,0.1185,bull_trend
2019-07-18,270.50579833984375,calm,3.0,1.0,0.0752,0.1185,bull_trend
2019-07-19,269.0031433105469,calm,3.0,1.0,0.0684,0.1191,bull_trend
2019-07-22,269.6639404296875,calm,3.0,1.0,0.0749,0.1191,bull_trend
2019-07-23,271.5920104980469,normal,2.85,1.0,0.0964,0.1187,bull_trend
2019-07-24,272.8684997558594,calm,3.0,1.0,0.0764,0.1188,bull_trend
2019-07-25,271.5648498535156,normal,2.85,1.0,0.0904,0.1193,bull_trend
2019-07-26,273.38433837890625,calm,3.0,1.0,0.0771,0.1197,bull_trend
2019-07-29,272.8864440917969,normal,2.85,1.0,0.0854,0.1197,bull_trend
2019-07-30,272.2166748046875,calm,3.0,1.0,0.0786,0.1199,bull_trend
2019-07-31,269.238525390625,normal,2.85,1.0,0.1008,0.121,bull_trend
2019-08-01,266.8939208984375,normal,2.85,1.0,0.1095,0.1223,bull_trend
2019-08-02,264.8843994140625,calm,2.45,1.0,0.0633,0.1217,bull_trend
2019-08-05,256.9184875488281,normal,2.3,1.0,0.1683,0.1356,bull_trend
2019-08-06,260.5212707519531,extreme_stress,2.0,1.0,0.2484,0.1345,bull_trend
2019-08-07,260.67510986328125,extreme_stress,2.0,1.0,0.2551,0.1344,bull_trend
2019-08-08,265.7895812988281,extreme_stress,2.55,1.0,0.3116,0.1398,bull_trend
2019-08-09,263.97918701171875,extreme_stress,2.0,1.0,0.3106,0.1402,bull_trend
2019-08-12,260.76568603515625,stress,2.15,1.0,0.2145,0.1329,bull_trend
2019-08-13,264.8209533691406,stress,2.15,0.5,0.2196,0.1352,sideways
2019-08-14,256.990966796875,extreme_stress,2.0,0.5,0.3234,0.1476,sideways
2019-08-15,257.6698913574219,extreme_stress,2.0,0.5,0.2672,0.1465,sideways
2019-08-16,261.4717712402344,extreme_stress,2.0,0.5,0.3047,0.1489,sideways
2019-08-19,264.62188720703125,extreme_stress,2.0,0.5,0.301,0.15,sideways
2019-08-20,262.5941467285156,extreme_stress,2.0,0.5,0.2851,0.1499,sideways
2019-08-21,264.7304992675781,normal,2.3,0.5,0.141,0.1506,sideways
2019-08-22,264.6490478515625,normal,2.3,0.5,0.1469,0.1484,sideways
2019-08-23,257.8509216308594,stress,2.15,0.5,0.2373,0.1574,sideways
2019-08-26,260.7022705078125,normal,2.3,0.5,0.2335,0.1577,sideways
2019-08-27,259.6792907714844,normal,2.3,0.5,0.2302,0.1572,sideways
2019-08-28,261.5079345703125,normal,2.3,1.0,0.2272,0.1577,bull_trend
2019-08-29,264.84820556640625,stress,2.15,1.0,0.2522,0.1569,bull_trend
2019-08-30,264.7304992675781,normal,2.3,1.0,0.1151,0.1567,bull_trend
2019-09-03,263.1826171875,normal,2.3,1.0,0.124,0.1516,bull_trend
2019-09-04,266.1698303222656,normal,2.3,1.0,0.1261,0.1523,bull_trend
2019-09-05,269.5915222167969,normal,2.85,1.0,0.1382,0.1538,bull_trend
2019-09-06,269.79974365234375,normal,2.85,1.0,0.1278,0.1527,bull_trend
2019-09-09,269.935546875,normal,2.85,1.0,0.126,0.1525,bull_trend
2019-09-10,269.8721008300781,calm,3.0,1.0,0.1027,0.1525,bull_trend
2019-09-11,271.7911682128906,calm,3.0,1.0,0.09,0.1529,bull_trend
2019-09-12,272.73260498046875,calm,3.0,1.0,0.0479,0.1529,bull_trend
2019-09-13,272.5515441894531,calm,3.0,1.0,0.0518,0.1529,bull_trend
2019-09-16,271.7096862792969,calm,3.0,1.0,0.0635,0.153,bull_trend
2019-09-17,272.397705078125,calm,3.0,1.0,0.0622,0.1518,bull_trend
2019-09-18,272.5606689453125,calm,3.0,1.0,0.0413,0.1518,bull_trend
2019-09-19,272.5425109863281,calm,3.0,1.0,0.0324,0.1507,bull_trend
2019-09-20,271.2547912597656,calm,3.0,1.0,0.0464,0.151,bull_trend
2019-09-23,271.1912536621094,calm,3.0,1.0,0.0423,0.1509,bull_trend
2019-09-24,269.0631103515625,calm,3.0,1.0,0.0584,0.1505,bull_trend
2019-09-25,270.65460205078125,calm,3.0,1.0,0.083,0.1508,bull_trend
2019-09-26,270.0907897949219,calm,3.0,1.0,0.0822,0.1508,bull_trend
2019-09-27,268.6357727050781,calm,3.0,1.0,0.0838,0.1509,bull_trend
2019-09-30,269.88153076171875,calm,3.0,1.0,0.0962,0.1501,bull_trend
2019-10-01,266.67144775390625,normal,2.3,1.0,0.1166,0.152,bull_trend
2019-10-02,261.960693359375,normal,2.3,1.0,0.1371,0.1551,bull_trend
2019-10-03,264.1069641113281,normal,2.3,1.0,0.1727,0.156,bull_trend
2019-10-04,267.6808166503906,normal,2.85,1.0,0.2135,0.1581,bull_trend
2019-10-07,266.52587890625,normal,2.85,1.0,0.2089,0.1583,bull_trend
2019-10-08,262.3882751464844,normal,2.3,1.0,0.2206,0.1609,bull_trend
2019-10-09,264.87994384765625,normal,2.3,1.0,0.1902,0.1621,bull_trend
2019-10-10,266.67144775390625,normal,2.85,1.0,0.1876,0.1624,bull_trend
2019-10-11,269.4360046386719,normal,2.85,1.0,0.1764,0.1638,bull_trend
2019-10-14,269.1359558105469,normal,2.85,1.0,0.1713,0.1637,bull_trend
2019-10-15,271.8004150390625,calm,3.0,1.0,0.0761,0.1643,bull_trend
2019-10-16,271.3639221191406,calm,3.0,1.0,0.0929,0.1642,bull_trend
2019-10-17,272.16412353515625,calm,3.0,1.0,0.0919,0.1639,bull_trend
2019-10-18,270.972900390625,calm,3.0,1.0,0.0881,0.1641,bull_trend
2019-10-21,272.80987548828125,calm,3.0,1.0,0.093,0.164,bull_trend
2019-10-22,271.918701171875,calm,3.0,1.0,0.074,0.1639,bull_trend
2019-10-23,272.70989990234375,calm,3.0,1.0,0.0744,0.1637,bull_trend
2019-10-24,273.15545654296875,calm,3.0,1.0,0.0728,0.1632,bull_trend
2019-10-25,274.2740173339844,calm,3.0,1.0,0.0589,0.1633,bull_trend
2019-10-28,275.8200378417969,calm,3.0,1.0,0.0539,0.1636,bull_trend
2019-10-29,275.7381286621094,calm,3.0,1.0,0.0361,0.162,bull_trend
2019-10-30,276.58392333984375,calm,3.0,1.0,0.0361,0.161,bull_trend
2019-10-31,275.84722900390625,calm,3.0,1.0,0.0537,0.1603,bull_trend
2019-11-01,278.4026184082031,calm,3.0,1.0,0.0749,0.1485,bull_trend
2019-11-04,279.521240234375,calm,3.0,1.0,0.0722,0.1464,bull_trend
2019-11-05,279.21209716796875,calm,3.0,1.0,0.0745,0.1464,bull_trend
2019-11-06,279.2756652832031,calm,3.0,1.0,0.0759,0.1415,bull_trend
2019-11-07,280.2578125,calm,3.0,1.0,0.0639,0.1408,bull_trend
2019-11-08,280.9489440917969,calm,3.0,1.0,0.0348,0.1382,bull_trend
2019-11-11,280.41241455078125,calm,3.0,1.0,0.0367,0.1352,bull_trend
2019-11-12,281.0035705566406,calm,3.0,1.0,0.034,0.1202,bull_trend
2019-11-13,281.094482421875,calm,3.0,1.0,0.0338,0.1202,bull_trend
2019-11-14,281.5037536621094,calm,3.0,1.0,0.028,0.1171,bull_trend
2019-11-15,283.540771484375,calm,2.45,1.0,0.0537,0.1157,bull_trend
2019-11-18,283.74993896484375,calm,2.45,1.0,0.0445,0.1143,bull_trend
2019-11-19,283.66802978515625,calm,2.45,1.0,0.0485,0.1135,bull_trend
2019-11-20,282.6131286621094,calm,3.0,1.0,0.063,0.1139,bull_trend
2019-11-21,282.1585388183594,calm,3.0,1.0,0.0656,0.1002,bull_trend
2019-11-22,282.78594970703125,calm,3.0,1.0,0.036,0.0983,bull_trend
2019-11-25,284.9776306152344,normal,2.85,1.0,0.07,0.0986,bull_trend
2019-11-26,285.623291015625,normal,2.85,1.0,0.0697,0.0979,bull_trend
2019-11-27,286.896484375,calm,2.45,1.0,0.0545,0.0954,bull_trend
2019-11-29,285.83251953125,calm,3.0,1.0,0.0664,0.0959,bull_trend
2019-12-02,283.4043884277344,normal,2.85,1.0,0.1035,0.0968,bull_trend
2019-12-03,281.5037536621094,normal,2.85,1.0,0.0892,0.0958,bull_trend
2019-12-04,283.2406005859375,normal,2.85,1.0,0.105,0.0933,bull_trend
2019-12-05,283.74993896484375,normal,2.85,1.0,0.0966,0.0934,bull_trend
2019-12-06,286.3417053222656,normal,2.85,1.0,0.1233,0.0948,bull_trend
2019-12-09,285.44140625,normal,2.85,1.0,0.1032,0.0951,bull_trend
2019-12-10,285.123046875,normal,2.85,1.0,0.0805,0.0944,bull_trend
2019-12-11,285.9324035644531,normal,2.85,1.0,0.0744,0.0943,bull_trend
2019-12-12,288.3969421386719,normal,2.85,1.0,0.0882,0.0956,bull_trend
2019-12-13,288.5697326660156,normal,2.85,1.0,0.0717,0.0952,bull_trend
2019-12-16,290.55224609375,calm,3.0,1.0,0.0653,0.0959,bull_trend
2019-12-17,290.6158752441406,calm,3.0,1.0,0.0597,0.0959,bull_trend
2019-12-18,290.63397216796875,calm,3.0,1.0,0.0656,0.0959,bull_trend
2019-12-19,291.8254089355469,calm,3.0,1.0,0.0478,0.0954,bull_trend
2019-12-20,293.1047668457031,calm,2.45,1.0,0.0465,0.0955,bull_trend
2019-12-23,293.55255126953125,calm,2.45,1.0,0.0329,0.0937,bull_trend
2019-12-24,293.5617370605469,calm,2.45,1.0,0.0336,0.0933,bull_trend
2019-12-26,295.1244812011719,calm,2.45,1.0,0.035,0.0934,bull_trend
2019-12-27,295.05133056640625,calm,2.45,1.0,0.0402,0.0924,bull_trend
2019-12-30,293.4246520996094,calm,3.0,1.0,0.0619,0.0933,bull_trend
2019-12-31,294.137451171875,normal,2.85,1.0,0.0634,0.0893,bull_trend
2020-01-02,296.88818359375,normal,2.3,1.0,0.0892,0.0817,bull_trend
2020-01-03,294.6401672363281,normal,2.85,1.0,0.1067,0.0829,bull_trend
2020-01-06,295.7641906738281,normal,2.85,1.0,0.1107,0.0795,bull_trend
2020-01-07,294.93255615234375,normal,2.85,1.0,0.1028,0.0791,bull_trend
2020-01-08,296.50439453125,stress,2.7,1.0,0.1072,0.0714,bull_trend
2020-01-09,298.51495361328125,normal,2.85,1.0,0.0966,0.0704,bull_trend
2020-01-10,297.65582275390625,normal,2.85,1.0,0.0728,0.0703,bull_trend
2020-01-13,299.7029724121094,normal,2.85,1.0,0.0804,0.0689,bull_trend
2020-01-14,299.2460021972656,normal,2.85,1.0,0.0752,0.069,bull_trend
2020-01-15,299.922119140625,normal,2.85,1.0,0.0721,0.067,bull_trend
2020-01-16,302.4170227050781,normal,2.3,1.0,0.0786,0.068,bull_trend
2020-01-17,303.3584289550781,normal,2.3,1.0,0.062,0.068,bull_trend
2020-01-21,302.7643737792969,normal,2.85,1.0,0.0661,0.0673,bull_trend
2020-01-22,302.8009338378906,normal,2.85,1.0,0.0613,0.0666,bull_trend
2020-01-23,303.1481628417969,normal,2.85,1.0,0.062,0.0658,bull_trend
2020-01-24,300.45220947265625,normal,2.85,1.0,0.0734,0.0691,bull_trend
2020-01-27,295.6361999511719,normal,2.85,1.0,0.115,0.0776,bull_trend
2020-01-28,298.73419189453125,stress,2.7,1.0,0.1612,0.0795,bull_trend
2020-01-29,298.48748779296875,stress,2.7,1.0,0.1603,0.0792,bull_trend
2020-01-30,299.4562072753906,stress,2.7,1.0,0.1642,0.0792,bull_trend
2020-01-31,294.0186462402344,stress,2.7,1.0,0.1972,0.0882,bull_trend
2020-02-03,296.20281982421875,stress,2.7,1.0,0.1784,0.0888,bull_trend
2020-02-04,300.71734619140625,stress,2.7,1.0,0.1974,0.0918,bull_trend
2020-02-05,304.19000244140625,extreme_stress,2.55,1.0,0.208,0.0939,bull_trend
2020-02-06,305.21356201171875,stress,2.7,1.0,0.208,0.0938,bull_trend
2020-02-07,303.58685302734375,normal,2.85,1.0,0.1261,0.0948,bull_trend
2020-02-10,305.8533020019531,normal,2.85,1.0,0.1261,0.0955,bull_trend
2020-02-11,306.3833312988281,normal,2.85,1.0,0.1008,0.0955,bull_trend
2020-02-12,308.35723876953125,normal,2.85,1.0,0.0804,0.0957,bull_trend
2020-02-13,308.02825927734375,normal,2.85,1.0,0.0843,0.0959,bull_trend
2020-02-14,308.521728515625,calm,3.0,1.0,0.057,0.0958,bull_trend
2020-02-18,307.7266845703125,calm,3.0,1.0,0.0546,0.0962,bull_trend
2020-02-19,309.197998046875,calm,3.0,1.0,0.0604,0.0957,bull_trend
2020-02-20,307.9277038574219,calm,3.0,1.0,0.056,0.0963,bull_trend
2020-02-21,304.756591796875,normal,2.85,1.0,0.0914,0.0991,bull_trend
2020-02-24,294.6492614746094,extreme_stress,2.0,1.0,0.2301,0.1202,bull_trend
2020-02-25,285.720703125,extreme_stress,1.45,1.0,0.2627,0.1352,bull_trend
2020-02-26,284.66973876953125,extreme_stress,1.45,1.0,0.2279,0.1354,bull_trend
2020-02-27,271.8847351074219,extreme_stress,0.55,0.0,0.2704,0.1617,bear_trend
2020-02-28,270.74249267578125,extreme_stress,1.45,0.0,0.2931,0.1618,bear_trend
2020-03-02,282.4673767089844,extreme_stress,0.55,0.0,0.5339,0.184,bear_trend
2020-03-03,274.379638671875,extreme_stress,1.45,0.0,0.5297,0.1925,bear_trend
2020-03-04,285.9126281738281,extreme_stress,0.55,0.0,0.6392,0.2098,bear_trend
2020-03-05,276.4083251953125,extreme_stress,1.45,0.0,0.5892,0.2199,bear_trend
2020-03-06,271.8389892578125,extreme_stress,1.45,0.0,0.6061,0.2219,bear_trend
2020-03-09,250.60989379882812,extreme_stress,0.55,0.0,0.6848,0.2706,bear_trend
2020-03-10,263.57763671875,extreme_stress,0.55,0.0,0.8581,0.2903,bear_trend
2020-03-11,250.72869873046875,extreme_stress,0.55,0.0,0.7701,0.3055,bear_trend
2020-03-12,226.73968505859375,extreme_stress,0.55,0.0,0.9244,0.3585,bear_trend
2020-03-13,246.12278747558594,extreme_stress,0.55,0.0,1.2838,0.4,bear_trend
2020-03-16,219.191162109375,extreme_stress,0.55,0.0,1.3923,0.4533,bear_trend
2020-03-17,231.02574157714844,extreme_stress,0.55,0.0,1.4,0.4679,bear_trend
2020-03-18,219.3282470703125,extreme_stress,0.55,0.0,1.4023,0.4769,bear_trend
2020-03-19,219.7943115234375,extreme_stress,0.55,0.0,1.2474,0.477,bear_trend
2020-03-20,210.32244873046875,extreme_stress,0.55,0.0,0.9718,0.4833,bear_trend
2020-03-23,204.94485473632812,extreme_stress,0.55,0.0,0.6733,0.4847,bear_trend
2020-03-24,223.51356506347656,extreme_stress,0.55,0.0,0.9101,0.5209,bear_trend
2020-03-25,226.8595733642578,extreme_stress,0.55,0.0,0.8189,0.5222,bear_trend
2020-03-26,240.1058807373047,extreme_stress,0.55,0.0,0.8887,0.5367,bear_trend
2020-03-27,232.95416259765625,extreme_stress,0.55,0.0,0.8334,0.5391,bear_trend
2020-03-30,240.5194854736328,extreme_stress,0.55,0.0,0.72,0.5438,bear_trend
2020-03-31,236.9344482421875,extreme_stress,0.55,0.0,0.564,0.5443,bear_trend
2020-04-01,226.27127075195312,extreme_stress,0.55,0.0,0.6919,0.5507,bear_trend
2020-04-02,231.4925994873047,extreme_stress,0.55,0.0,0.5318,0.5527,bear_trend
2020-04-03,228.1465606689453,extreme_stress,0.55,0.0,0.5003,0.5531,bear_trend
2020-04-06,243.4702911376953,extreme_stress,0.55,0.0,0.6851,0.5707,bear_trend
2020-04-07,243.71844482421875,extreme_stress,0.55,0.0,0.6677,0.5707,bear_trend
2020-04-08,251.89976501464844,normal,0.85,0.0,0.4985,0.5751,bear_trend
2020-04-09,255.73304748535156,normal,0.85,0.0,0.5006,0.5758,bear_trend
2020-04-13,253.39813232421875,normal,0.85,0.0,0.4781,0.576,bear_trend
2020-04-14,260.87152099609375,calm,1.0,0.0,0.2892,0.5792,bear_trend
2020-04-15,255.32850646972656,calm,1.0,0.0,0.381,0.5805,bear_trend
2020-04-16,256.5603332519531,calm,1.9,0.0,0.3161,0.5806,bear_trend
2020-04-17,263.4913635253906,calm,1.0,0.0,0.3519,0.5831,bear_trend
2020-04-20,258.8492126464844,calm,1.9,0.0,0.3793,0.5839,bear_trend
2020-04-21,250.98968505859375,calm,1.0,0.0,0.3687,0.5867,bear_trend
2020-04-22,256.5603332519531,calm,1.9,0.0,0.3945,0.5888,bear_trend
2020-04-23,256.5418395996094,calm,1.9,0.0,0.3932,0.5887,bear_trend
2020-04-24,260.1177062988281,calm,1.9,0.5,0.3451,0.5894,sideways
2020-04-27,263.8681945800781,calm,1.9,0.5,0.3307,0.5895,sideways
2020-04-28,262.65484619140625,calm,1.9,0.5,0.1766,0.5891,sideways
2020-04-29,269.5307922363281,calm,1.9,0.5,0.1963,0.5917,sideways
2020-04-30,267.0212097167969,calm,1.9,0.5,0.2335,0.5918,sideways
2020-05-01,259.95220947265625,calm,1.9,0.5,0.3274,0.593,sideways
2020-05-04,260.66937255859375,calm,1.9,0.5,0.3049,0.5928,sideways
2020-05-05,263.0776672363281,calm,1.9,0.5,0.314,0.5923,sideways
2020-05-06,261.29443359375,calm,1.9,0.5,0.2159,0.5918,sideways
2020-05-07,264.44744873046875,calm,1.9,0.5,0.247,0.5923,sideways
2020-05-08,268.82293701171875,calm,1.9,0.5,0.144,0.5934,sideways
2020-05-11,268.8780822753906,calm,2.45,0.5,0.1496,0.5931,sideways
2020-05-12,263.51898193359375,calm,1.9,0.5,0.233,0.5943,sideways
2020-05-13,258.85845947265625,calm,2.45,0.5,0.2649,0.5949,sideways
2020-05-14,261.956298828125,calm,2.45,0.5,0.2646,0.5955,sideways
2020-05-15,263.1604919433594,calm,2.45,1.0,0.2227,0.5956,bull_trend
2020-05-18,271.17626953125,calm,2.45,1.0,0.3353,0.5991,bull_trend
2020-05-19,268.3909606933594,calm,2.45,1.0,0.301,0.5993,bull_trend
2020-05-20,272.95037841796875,calm,2.45,1.0,0.2393,0.6004,bull_trend
2020-05-21,271.06591796875,calm,2.45,1.0,0.2689,0.6002,bull_trend
2020-05-22,271.5806579589844,calm,2.45,1.0,0.271,0.5967,bull_trend
2020-05-26,274.92669677734375,calm,2.45,1.0,0.1875,0.5941,bull_trend
2020-05-27,279.01727294921875,calm,2.45,1.0,0.1599,0.5948,bull_trend
2020-05-28,278.5025329589844,calm,2.45,1.0,0.1474,0.5877,bull_trend
2020-05-29,279.7434997558594,calm,2.45,1.0,0.112,0.5876,bull_trend
2020-06-01,280.87420654296875,calm,2.45,1.0,0.1075,0.5814,bull_trend
2020-06-02,283.19989013671875,calm,2.45,1.0,0.0978,0.5786,bull_trend
2020-06-03,286.9687805175781,calm,2.45,1.0,0.089,0.5731,bull_trend
2020-06-04,286.2149658203125,calm,2.45,1.0,0.0932,0.569,bull_trend
2020-06-05,293.5505676269531,calm,2.45,1.0,0.1689,0.5699,bull_trend
2020-06-08,297.0988464355469,calm,2.45,1.0,0.1613,0.5466,bull_trend
2020-06-09,294.8835144042969,calm,2.45,1.0,0.2111,0.538,bull_trend
2020-06-10,293.2379455566406,calm,2.45,1.0,0.2244,0.5282,bull_trend
2020-06-11,276.3331298828125,normal,0.85,1.0,0.5017,0.5042,bull_trend
2020-06-12,279.6424560546875,normal,1.75,1.0,0.4535,0.4764,bull_trend
2020-06-15,282.25299072265625,normal,2.3,1.0,0.4457,0.4187,bull_trend
2020-06-16,287.6857604980469,normal,1.75,1.0,0.4927,0.4076,bull_trend
2020-06-17,286.4908142089844,normal,2.3,1.0,0.4926,0.3927,bull_trend
2020-06-18,286.6011657714844,calm,2.45,1.0,0.148,0.3927,bull_trend
2020-06-19,284.9632263183594,calm,2.45,1.0,0.1655,0.3813,bull_trend
2020-06-22,286.7912902832031,calm,2.45,1.0,0.1606,0.3761,bull_trend
2020-06-23,288.1116027832031,calm,2.45,1.0,0.084,0.3342,bull_trend
2020-06-24,280.76226806640625,calm,2.45,1.0,0.205,0.3387,bull_trend
2020-06-25,283.7720947265625,normal,2.3,1.0,0.2304,0.3202,bull_trend
2020-06-26,277.0321350097656,normal,1.75,1.0,0.2796,0.318,bull_trend
2020-06-29,281.1038818359375,normal,1.75,1.0,0.3067,0.3132,bull_trend
2020-06-30,284.7046813964844,normal,1.75,0.5,0.3259,0.3118,sideways
2020-07-01,286.69891357421875,normal,1.75,0.5,0.253,0.2961,sideways
2020-07-02,288.27777099609375,normal,1.75,0.5,0.2473,0.2936,sideways
2020-07-06,292.7280578613281,calm,1.9,0.5,0.0722,0.2922,sideways
2020-07-07,289.7089538574219,calm,1.9,0.5,0.1593,0.2639,sideways
2020-07-08,291.9248046875,calm,1.9,0.5,0.1495,0.2641,sideways
2020-07-09,290.2628173828125,calm,1.9,0.5,0.1654,0.2572,sideways
2020-07-10,293.22662353515625,calm,1.9,0.5,0.1739,0.2564,sideways
2020-07-13,290.6875305175781,calm,2.45,0.5,0.1521,0.2563,sideways
2020-07-14,294.45452880859375,calm,2.45,0.5,0.1555,0.2513,sideways
2020-07-15,297.1597900390625,calm,2.45,1.0,0.1586,0.2471,bull_trend
2020-07-16,296.18109130859375,calm,2.45,1.0,0.1504,0.2473,bull_trend
2020-07-17,297.0398254394531,calm,3.0,1.0,0.1403,0.2422,bull_trend
2020-07-20,299.4403076171875,calm,3.0,1.0,0.1001,0.2392,bull_trend
2020-07-21,300.0773620605469,calm,3.0,1.0,0.0799,0.2297,bull_trend
2020-07-22,301.78546142578125,calm,3.0,1.0,0.068,0.2265,bull_trend
2020-07-23,298.18463134765625,calm,3.0,1.0,0.1239,0.2283,bull_trend
2020-07-24,296.26422119140625,calm,3.0,1.0,0.134,0.2278,bull_trend
2020-07-27,298.42462158203125,calm,3.0,1.0,0.1309,0.2267,bull_trend
2020-07-28,296.5320129394531,calm,3.0,1.0,0.1333,0.2269,bull_trend
2020-07-29,300.17901611328125,normal,2.85,1.0,0.1633,0.2226,bull_trend
2020-07-30,299.1079406738281,calm,3.0,1.0,0.1367,0.2217,bull_trend
2020-07-31,301.4715576171875,calm,3.0,1.0,0.1275,0.2143,bull_trend
2020-08-03,303.56744384765625,calm,3.0,1.0,0.1269,0.2145,bull_trend
2020-08-04,304.739990234375,calm,3.0,1.0,0.0936,0.2141,bull_trend
2020-08-05,306.6326599121094,calm,3.0,1.0,0.0735,0.2134,bull_trend
2020-08-06,308.682373046875,calm,3.0,1.0,0.0239,0.2127,bull_trend
2020-08-07,308.9040832519531,calm,3.0,1.0,0.0418,0.2108,bull_trend
2020-08-10,309.8273620605469,calm,3.0,1.0,0.0388,0.2108,bull_trend
2020-08-11,307.2696838378906,calm,3.0,1.0,0.0962,0.207,bull_trend
2020-08-12,311.5538330078125,calm,3.0,1.0,0.1292,0.2041,bull_trend
2020-08-13,310.9906005859375,calm,3.0,1.0,0.1289,0.2035,bull_trend
2020-08-14,310.9998779296875,calm,3.0,1.0,0.1293,0.2036,bull_trend
2020-08-17,311.98773193359375,calm,3.0,1.0,0.1294,0.1956,bull_trend
2020-08-18,312.6617736816406,calm,3.0,1.0,0.0976,0.194,bull_trend
2020-08-19,311.3598937988281,calm,3.0,1.0,0.0472,0.1921,bull_trend
2020-08-20,312.3294372558594,calm,3.0,1.0,0.049,0.1913,bull_trend
2020-08-21,313.4373474121094,calm,3.0,1.0,0.0515,0.1913,bull_trend
2020-08-24,316.61346435546875,calm,3.0,1.0,0.0806,0.1909,bull_trend
2020-08-25,317.7213439941406,calm,3.0,1.0,0.0804,0.1892,bull_trend
2020-08-26,320.90673828125,calm,2.45,1.0,0.0583,0.1896,bull_trend
2020-08-27,321.60845947265625,calm,2.45,1.0,0.0615,0.1896,bull_trend
2020-08-28,323.685791015625,calm,2.45,1.0,0.0579,0.1897,bull_trend
2020-08-31,322.51318359375,calm,2.45,1.0,0.0808,0.1897,bull_trend
2020-09-01,325.5509033203125,calm,2.45,1.0,0.0902,0.1889,bull_trend
2020-09-02,330.2596740722656,calm,2.45,1.0,0.1095,0.1903,bull_trend
2020-09-03,318.89398193359375,stress,2.7,1.0,0.31,0.1982,bull_trend
2020-09-04,316.2903137207031,stress,2.7,1.0,0.3035,0.1979,bull_trend
2020-09-08,307.64825439453125,stress,2.7,1.0,0.3434,0.2052,bull_trend
2020-09-09,313.7235412597656,stress,2.7,1.0,0.3841,0.2083,bull_trend
2020-09-10,308.27618408203125,stress,2.7,1.0,0.3346,0.1749,bull_trend
2020-09-11,308.4332275390625,stress,2.7,1.0,0.2854,0.1737,bull_trend
2020-09-14,312.49554443359375,stress,2.7,1.0,0.3161,0.1746,bull_trend
2020-09-15,314.07440185546875,normal,2.85,1.0,0.2247,0.1711,bull_trend
2020-09-16,312.8280029296875,normal,2.85,1.0,0.1802,0.171,bull_trend
2020-09-17,310.07659912109375,normal,2.85,1.0,0.1341,0.1722,bull_trend
2020-09-18,306.50677490234375,normal,2.3,1.0,0.1621,0.1736,bull_trend
2020-09-21,303.0954284667969,calm,2.45,1.0,0.1096,0.175,bull_trend
2020-09-22,306.18231201171875,normal,2.3,1.0,0.1433,0.1758,bull_trend
2020-09-23,299.0816650390625,normal,2.3,1.0,0.1912,0.1745,bull_trend
2020-09-24,299.8788146972656,normal,2.3,1.0,0.2081,0.1734,bull_trend
2020-09-25,304.7268981933594,stress,2.15,1.0,0.2545,0.1686,bull_trend
2020-09-28,309.7882995605469,stress,2.7,1.0,0.2615,0.1692,bull_trend
2020-09-29,308.1011047363281,stress,2.15,1.0,0.2636,0.1683,bull_trend
2020-09-30,310.43719482421875,normal,2.85,1.0,0.1483,0.1684,bull_trend
2020-10-01,312.43011474609375,normal,2.85,1.0,0.1429,0.1685,bull_trend
2020-10-02,309.4638671875,normal,2.3,1.0,0.1675,0.1673,bull_trend
2020-10-05,314.9515075683594,normal,2.85,1.0,0.1733,0.1691,bull_trend
2020-10-06,310.47430419921875,normal,2.3,1.0,0.2089,0.1714,bull_trend
2020-10-07,315.87860107421875,normal,2.3,1.0,0.2364,0.1739,bull_trend
2020-10-08,318.6780700683594,normal,2.85,1.0,0.2389,0.1737,bull_trend
2020-10-09,321.5238952636719,normal,2.85,1.0,0.2067,0.1731,bull_trend
2020-10-12,326.6965026855469,normal,2.85,1.0,0.2019,0.1741,bull_trend
2020-10-13,324.5643615722656,normal,2.85,1.0,0.151,0.1741,bull_trend
2020-10-14,322.5250549316406,normal,2.85,1.0,0.1608,0.1746,bull_trend
2020-10-15,322.12646484375,normal,2.85,1.0,0.1584,0.1746,bull_trend
2020-10-16,321.9317932128906,normal,2.85,1.0,0.1469,0.1741,bull_trend
2020-10-19,317.0373229980469,calm,3.0,1.0,0.0929,0.1772,bull_trend
2020-10-20,318.3072814941406,calm,3.0,1.0,0.1161,0.177,bull_trend
2020-10-21,317.70477294921875,calm,3.0,1.0,0.1145,0.1752,bull_trend
2020-10-22,319.4473876953125,normal,2.85,1.0,0.1299,0.1747,bull_trend
2020-10-23,320.5320129394531,normal,2.3,1.0,0.1349,0.1744,bull_trend
2020-10-26,314.60870361328125,normal,2.3,1.0,0.1571,0.1782,bull_trend
2020-10-27,313.5240173339844,normal,2.3,1.0,0.1493,0.1769,bull_trend
2020-10-28,302.8080749511719,normal,2.3,1.0,0.2653,0.19,bull_trend
2020-10-29,305.8856506347656,normal,2.3,1.0,0.2833,0.1904,bull_trend
2020-10-30,302.6968688964844,normal,2.3,1.0,0.263,0.1911,bull_trend
2020-11-02,306.08966064453125,stress,2.15,1.0,0.2944,0.1923,bull_trend
2020-11-03,311.4939270019531,stress,2.15,1.0,0.3378,0.1951,bull_trend
2020-11-04,318.45550537109375,normal,2.85,1.0,0.1992,0.1997,bull_trend
2020-11-05,324.6663818359375,normal,2.85,1.0,0.2098,0.2032,bull_trend
2020-11-06,324.5921936035156,normal,2.85,1.0,0.1428,0.2032,bull_trend
2020-11-09,328.6709289550781,calm,3.0,1.0,0.1414,0.2037,bull_trend
2020-11-10,328.1888732910156,normal,2.85,1.0,0.1746,0.2021,bull_trend
2020-11-11,330.62689208984375,calm,3.0,1.0,0.1397,0.2024,bull_trend
2020-11-12,327.41949462890625,calm,3.0,1.0,0.1362,0.2035,bull_trend
2020-11-13,331.9525146484375,normal,2.85,1.0,0.1584,0.2051,bull_trend
2020-11-16,336.0960693359375,normal,2.85,1.0,0.1581,0.2064,bull_trend
2020-11-17,334.2884216308594,normal,2.85,1.0,0.1695,0.2065,bull_trend
2020-11-18,330.265380859375,normal,2.85,1.0,0.1969,0.2082,bull_trend
2020-11-19,331.6557922363281,normal,2.85,1.0,0.1783,0.2082,bull_trend
2020-11-20,329.3846130371094,normal,2.85,1.0,0.1553,0.208,bull_trend
2020-11-23,331.3592529296875,calm,3.0,1.0,0.1216,0.2081,bull_trend
2020-11-24,336.69854736328125,normal,2.85,1.0,0.1764,0.2096,bull_trend
2020-11-25,336.1795349121094,calm,3.0,1.0,0.1371,0.2096,bull_trend
2020-11-27,337.11578369140625,calm,3.0,1.0,0.137,0.2094,bull_trend
2020-11-30,335.62322998046875,calm,3.0,1.0,0.1264,0.2094,bull_trend
2020-12-01,339.2941589355469,calm,3.0,1.0,0.1363,0.2097,bull_trend
2020-12-02,340.0079040527344,calm,3.0,1.0,0.092,0.2079,bull_trend
2020-12-03,339.91522216796875,calm,3.0,1.0,0.0894,0.1954,bull_trend
2020-12-04,342.8445129394531,calm,3.0,1.0,0.1005,0.195,bull_trend
2020-12-07,342.1399230957031,calm,3.0,1.0,0.0898,0.1863,bull_trend
2020-12-08,343.1411437988281,calm,3.0,1.0,0.0644,0.1827,bull_trend
2020-12-09,340.0635986328125,calm,3.0,1.0,0.1027,0.1799,bull_trend
2020-12-10,339.9523010253906,calm,3.0,1.0,0.1028,0.1799,bull_trend
2020-12-11,339.55364990234375,calm,3.0,1.0,0.0693,0.1785,bull_trend
2020-12-14,338.0334167480469,calm,3.0,1.0,0.0717,0.1787,bull_trend
2020-12-15,342.6034851074219,normal,2.85,1.0,0.1338,0.18,bull_trend
2020-12-16,343.1411437988281,calm,3.0,1.0,0.1095,0.1788,bull_trend
2020-12-17,345.05999755859375,calm,3.0,1.0,0.1102,0.177,bull_trend
2020-12-18,343.6822204589844,calm,3.0,1.0,0.1184,0.1754,bull_trend
2020-12-21,342.453369140625,calm,3.0,1.0,0.1153,0.175,bull_trend
2020-12-22,341.8761901855469,calm,3.0,1.0,0.0637,0.1676,bull_trend
2020-12-23,342.1833801269531,calm,3.0,1.0,0.0626,0.1676,bull_trend
2020-12-24,343.51458740234375,calm,3.0,1.0,0.0524,0.1652,bull_trend
2020-12-28,346.4657287597656,calm,3.0,1.0,0.0762,0.1631,bull_trend
2020-12-29,345.8047180175781,calm,3.0,1.0,0.0697,0.1626,bull_trend
2020-12-30,346.298095703125,calm,3.0,1.0,0.0626,0.1622,bull_trend
2020-12-31,348.0575866699219,calm,3.0,1.0,0.0625,0.162,bull_trend
2021-01-04,343.3191223144531,normal,2.85,1.0,0.1353,0.1634,bull_trend
2021-01-05,345.6837158203125,normal,2.85,1.0,0.1288,0.1605,bull_trend
2021-01-06,347.75042724609375,normal,2.85,1.0,0.1351,0.1575,bull_trend
2021-01-07,352.91705322265625,normal,2.85,1.0,0.1668,0.1566,bull_trend
2021-01-08,354.92791748046875,normal,2.85,1.0,0.1671,0.1561,bull_trend
2021-01-11,352.53533935546875,normal,2.85,1.0,0.1228,0.1563,bull_trend
2021-01-12,352.6098937988281,normal,2.85,1.0,0.1266,0.1535,bull_trend
2021-01-13,353.5594787597656,normal,2.85,1.0,0.1255,0.1527,bull_trend
2021-01-14,352.3213195800781,calm,3.0,1.0,0.0781,0.1522,bull_trend
2021-01-15,349.7518310546875,calm,3.0,1.0,0.0689,0.1532,bull_trend
2021-01-19,352.49810791015625,calm,3.0,1.0,0.092,0.1537,bull_trend
2021-01-20,357.3762512207031,normal,2.85,1.0,0.1349,0.1518,bull_trend
2021-01-21,357.70196533203125,normal,2.85,1.0,0.1355,0.1518,bull_trend
2021-01-22,356.4359130859375,normal,2.85,1.0,0.1356,0.152,bull_trend
2021-01-25,357.84173583984375,calm,3.0,1.0,0.1054,0.1518,bull_trend
2021-01-26,357.2831115722656,normal,2.85,1.0,0.1082,0.152,bull_trend
2021-01-27,348.5509338378906,normal,2.85,1.0,0.1787,0.1556,bull_trend
2021-01-28,351.5486755371094,normal,2.85,1.0,0.2014,0.1559,bull_trend
2021-01-29,344.5106506347656,stress,2.15,1.0,0.2336,0.1447,bull_trend
2021-02-01,350.24530029296875,stress,2.7,1.0,0.2823,0.1468,bull_trend
2021-02-02,355.1978454589844,stress,2.7,1.0,0.3119,0.1464,bull_trend
2021-02-03,355.4770812988281,stress,2.7,1.0,0.2343,0.1454,bull_trend
2021-02-04,359.5174255371094,stress,2.7,1.0,0.2385,0.1432,bull_trend
2021-02-05,360.9324035644531,normal,2.85,1.0,0.1073,0.1374,bull_trend
2021-02-08,363.5390319824219,calm,3.0,1.0,0.0858,0.1332,bull_trend
2021-02-09,363.2969665527344,calm,3.0,1.0,0.0775,0.1332,bull_trend
2021-02-10,363.13873291015625,calm,2.45,1.0,0.0816,0.1315,bull_trend
2021-02-11,363.7252197265625,calm,2.45,1.0,0.0524,0.1313,bull_trend
2021-02-12,365.52191162109375,calm,2.45,1.0,0.0548,0.131,bull_trend
2021-02-16,365.2053527832031,calm,2.45,1.0,0.039,0.129,bull_trend
2021-02-17,365.2891540527344,calm,2.45,1.0,0.0372,0.1267,bull_trend
2021-02-18,363.7345275878906,calm,2.45,1.0,0.0535,0.1252,bull_trend
2021-02-19,363.0921325683594,calm,2.45,1.0,0.0537,0.1247,bull_trend
2021-02-22,360.2994384765625,calm,2.45,1.0,0.0502,0.1231,bull_trend
2021-02-23,360.7369079589844,calm,2.45,1.0,0.0571,0.1229,bull_trend
2021-02-24,364.71197509765625,normal,2.3,1.0,0.113,0.1233,bull_trend
2021-02-25,355.9239501953125,stress,2.7,1.0,0.2062,0.1333,bull_trend
2021-02-26,354.0900573730469,stress,2.7,1.0,0.205,0.1303,bull_trend
2021-03-01,362.67327880859375,stress,2.7,1.0,0.287,0.1384,bull_trend
2021-03-02,359.8431701660156,stress,2.7,1.0,0.2945,0.1395,bull_trend
2021-03-03,355.0768127441406,stress,2.7,1.0,0.2857,0.142,bull_trend
2021-03-04,350.682861328125,stress,2.15,1.0,0.2462,0.143,bull_trend
2021-03-05,357.13421630859375,stress,2.7,1.0,0.286,0.1473,bull_trend
2021-03-08,355.3561096191406,normal,2.85,1.0,0.2059,0.1478,bull_trend
2021-03-09,360.4297790527344,stress,2.7,1.0,0.2374,0.1494,bull_trend
2021-03-10,362.67327880859375,normal,2.85,1.0,0.2049,0.1497,bull_trend
2021-03-11,366.350341796875,normal,2.85,1.0,0.1421,0.1508,bull_trend
2021-03-12,366.8438720703125,normal,2.85,1.0,0.1193,0.1494,bull_trend
2021-03-15,369.03155517578125,calm,3.0,1.0,0.0772,0.1496,bull_trend
2021-03-16,368.5660095214844,calm,3.0,1.0,0.071,0.1496,bull_trend
2021-03-17,369.82281494140625,calm,2.45,1.0,0.0695,0.1492,bull_trend
2021-03-18,364.4420166015625,normal,2.3,1.0,0.1273,0.1506,bull_trend
2021-03-19,363.7677307128906,normal,2.3,1.0,0.1255,0.1507,bull_trend
2021-03-22,366.6723327636719,normal,2.3,1.0,0.1338,0.1511,bull_trend
2021-03-23,363.7864074707031,normal,2.3,1.0,0.1418,0.1518,bull_trend
2021-03-24,361.9371032714844,normal,2.3,1.0,0.1317,0.152,bull_trend
2021-03-25,363.97314453125,normal,2.3,1.0,0.1083,0.1522,bull_trend
2021-03-26,369.8385925292969,normal,2.3,1.0,0.1561,0.1551,bull_trend
2021-03-29,369.6518249511719,normal,2.3,1.0,0.1518,0.1551,bull_trend
2021-03-30,368.671142578125,normal,2.3,1.0,0.1347,0.1545,bull_trend
2021-03-31,370.1653747558594,normal,2.3,1.0,0.1157,0.1545,bull_trend
2021-04-01,374.1629333496094,normal,2.3,1.0,0.1243,0.1557,bull_trend
2021-04-05,379.5332946777344,normal,2.85,1.0,0.1152,0.1578,bull_trend
2021-04-06,379.3092041015625,normal,2.85,1.0,0.1155,0.1548,bull_trend
2021-04-07,379.7480773925781,calm,3.0,1.0,0.1015,0.1545,bull_trend
2021-04-08,381.5506896972656,calm,3.0,1.0,0.1008,0.1543,bull_trend
2021-04-09,384.32464599609375,calm,3.0,1.0,0.0932,0.1524,bull_trend
2021-04-12,384.4647216796875,calm,3.0,1.0,0.0525,0.1522,bull_trend
2021-04-13,385.60418701171875,calm,3.0,1.0,0.0443,0.1513,bull_trend
2021-04-14,384.2873229980469,calm,3.0,1.0,0.0652,0.1516,bull_trend
2021-04-15,388.41546630859375,calm,3.0,1.0,0.0886,0.1527,bull_trend
2021-04-16,389.7137145996094,calm,2.45,1.0,0.0825,0.1524,bull_trend
2021-04-19,387.799072265625,calm,3.0,1.0,0.0991,0.1519,bull_trend
2021-04-20,384.9598083496094,normal,2.85,1.0,0.1165,0.1525,bull_trend
2021-04-21,388.6022644042969,normal,2.85,1.0,0.13,0.1513,bull_trend
2021-04-22,385.0531921386719,normal,2.85,1.0,0.1248,0.1527,bull_trend
2021-04-23,389.22802734375,normal,2.85,1.0,0.1523,0.1536,bull_trend
2021-04-26,390.0406494140625,normal,2.85,1.0,0.1467,0.1535,bull_trend
2021-04-27,389.9565734863281,normal,2.85,1.0,0.1282,0.1534,bull_trend
2021-04-28,389.8446044921875,normal,2.85,1.0,0.1132,0.1442,bull_trend
2021-04-29,392.32891845703125,calm,3.0,1.0,0.0761,0.1439,bull_trend
2021-04-30,389.7511291503906,calm,3.0,1.0,0.0744,0.138,bull_trend
2021-05-03,390.5917053222656,calm,3.0,1.0,0.0745,0.1347,bull_trend
2021-05-04,388.1819763183594,calm,3.0,1.0,0.0879,0.1333,bull_trend
2021-05-05,388.30340576171875,calm,3.0,1.0,0.0882,0.1333,bull_trend
2021-05-06,391.40423583984375,normal,2.85,1.0,0.0968,0.1324,bull_trend
2021-05-07,394.25286865234375,calm,3.0,1.0,0.0915,0.1328,bull_trend
2021-05-10,390.3488464355469,normal,2.85,1.0,0.1262,0.1342,bull_trend
2021-05-11,386.8650207519531,normal,2.85,1.0,0.1357,0.1357,bull_trend
2021-05-12,378.64605712890625,normal,2.85,1.0,0.1981,0.1428,bull_trend
2021-05-13,383.1945495605469,normal,2.85,1.0,0.2159,0.1446,bull_trend
2021-05-14,389.07855224609375,stress,2.7,1.0,0.2481,0.1472,bull_trend
2021-05-17,388.0885925292969,stress,2.7,1.0,0.2397,0.1474,bull_trend
2021-05-18,384.7449645996094,stress,2.7,1.0,0.239,0.1486,bull_trend
2021-05-19,383.7362060546875,normal,2.85,1.0,0.1647,0.1484,bull_trend
2021-05-20,387.8644714355469,normal,2.85,1.0,0.1605,0.1496,bull_trend
2021-05-21,387.5469055175781,normal,2.85,1.0,0.1125,0.1486,bull_trend
2021-05-24,391.4976806640625,normal,2.85,1.0,0.1341,0.1497,bull_trend
2021-05-25,390.62908935546875,normal,2.3,1.0,0.1081,0.1485,bull_trend
2021-05-26,391.40423583984375,calm,2.45,1.0,0.0972,0.1394,bull_trend
2021-05-27,391.6097106933594,calm,2.45,1.0,0.0774,0.1388,bull_trend
2021-05-28,392.31024169921875,calm,2.45,1.0,0.0737,0.131,bull_trend
2021-06-01,391.96466064453125,calm,2.45,1.0,0.0284,0.1297,bull_trend
2021-06-02,392.5810852050781,calm,2.45,1.0,0.0189,0.1263,bull_trend
2021-06-03,391.1240539550781,calm,2.45,1.0,0.0358,0.1235,bull_trend
2021-06-04,394.701171875,calm,2.45,1.0,0.0759,0.1198,bull_trend
2021-06-07,394.31829833984375,calm,2.45,1.0,0.0779,0.1192,bull_trend
2021-06-08,394.40240478515625,calm,2.45,1.0,0.0766,0.1164,bull_trend
2021-06-09,393.81390380859375,calm,2.45,1.0,0.0788,0.1161,bull_trend
2021-06-10,395.6445007324219,calm,2.45,1.0,0.0718,0.115,bull_trend
2021-06-11,396.2983093261719,calm,2.45,1.0,0.0391,0.115,bull_trend
2021-06-14,397.1856384277344,calm,2.45,1.0,0.0364,0.1146,bull_trend
2021-06-15,396.4571228027344,calm,3.0,1.0,0.0431,0.1146,bull_trend
2021-06-16,394.2435607910156,calm,2.45,1.0,0.0633,0.1153,bull_trend
2021-06-17,394.11279296875,calm,3.0,1.0,0.0498,0.111,bull_trend
2021-06-18,388.7961120605469,normal,2.3,1.0,0.097,0.1147,bull_trend
2021-06-21,394.362060546875,normal,2.85,1.0,0.1611,0.1169,bull_trend
2021-06-22,396.47039794921875,normal,2.85,1.0,0.1678,0.1157,bull_trend
2021-06-23,395.9925537109375,normal,2.3,1.0,0.1613,0.1151,bull_trend
2021-06-24,398.3351135253906,normal,2.85,1.0,0.1643,0.1151,bull_trend
2021-06-25,399.75,normal,2.85,1.0,0.0893,0.1113,bull_trend
2021-06-28,400.55596923828125,calm,3.0,1.0,0.0455,0.1113,bull_trend
2021-06-29,400.77142333984375,calm,3.0,1.0,0.0435,0.111,bull_trend
2021-06-30,401.1087646484375,calm,3.0,1.0,0.0351,0.1109,bull_trend
2021-07-01,403.32952880859375,calm,3.0,1.0,0.0329,0.1095,bull_trend
2021-07-02,406.4123840332031,calm,3.0,1.0,0.0497,0.107,bull_trend
2021-07-06,405.672119140625,calm,3.0,1.0,0.062,0.1071,bull_trend
2021-07-07,407.10577392578125,calm,3.0,1.0,0.0594,0.1073,bull_trend
2021-07-08,403.7887268066406,normal,2.85,1.0,0.1011,0.1086,bull_trend
2021-07-09,408.0990295410156,normal,2.85,1.0,0.1194,0.1096,bull_trend
2021-07-12,409.5608215332031,normal,2.85,1.0,0.1113,0.1097,bull_trend
2021-07-13,408.16461181640625,normal,2.85,1.0,0.1149,0.11,bull_trend
2021-07-14,408.77374267578125,normal,2.85,1.0,0.1132,0.1096,bull_trend
2021-07-15,407.37750244140625,normal,2.85,1.0,0.0927,0.1082,bull_trend
2021-07-16,404.1822204589844,calm,3.0,1.0,0.0716,0.1094,bull_trend
2021-07-19,398.2132873535156,normal,2.85,1.0,0.0969,0.1131,bull_trend
2021-07-20,403.9198303222656,stress,2.7,1.0,0.1735,0.1154,bull_trend
2021-07-21,407.1900939941406,stress,2.7,1.0,0.1878,0.115,bull_trend
2021-07-22,408.0428466796875,stress,2.7,1.0,0.1869,0.1132,bull_trend
2021-07-23,412.24078369140625,stress,2.7,1.0,0.1808,0.113,bull_trend
2021-07-26,413.25274658203125,normal,2.85,1.0,0.083,0.1131,bull_trend
2021-07-27,411.36932373046875,normal,2.85,1.0,0.0922,0.1136,bull_trend
2021-07-28,411.2005920410156,normal,2.85,1.0,0.0861,0.1136,bull_trend
2021-07-29,412.90606689453125,normal,2.3,1.0,0.0875,0.1132,bull_trend
2021-07-30,410.9007568359375,calm,2.45,1.0,0.0643,0.1128,bull_trend
2021-08-02,410.0386962890625,calm,2.45,1.0,0.0583,0.1129,bull_trend
2021-08-03,413.37451171875,normal,2.3,1.0,0.082,0.113,bull_trend
2021-08-04,411.3411865234375,normal,2.3,1.0,0.0924,0.1136,bull_trend
2021-08-05,413.9461364746094,normal,2.3,1.0,0.0995,0.1132,bull_trend
2021-08-06,414.6302185058594,normal,2.3,1.0,0.0873,0.1125,bull_trend
2021-08-09,414.2928466796875,normal,2.3,1.0,0.0841,0.1104,bull_trend
2021-08-10,414.8081970214844,calm,2.45,1.0,0.0649,0.1086,bull_trend
2021-08-11,415.8389587402344,calm,2.45,1.0,0.0416,0.0986,bull_trend
2021-08-12,417.08526611328125,calm,2.45,1.0,0.0233,0.0963,bull_trend
2021-08-13,417.8442687988281,calm,2.45,1.0,0.0234,0.0921,bull_trend
2021-08-16,418.8281555175781,calm,2.45,1.0,0.0106,0.0918,bull_trend
2021-08-17,416.08258056640625,normal,2.3,1.0,0.064,0.091,bull_trend
2021-08-18,411.5285339355469,normal,2.3,1.0,0.1002,0.0939,bull_trend
2021-08-19,412.1658020019531,normal,2.85,1.0,0.096,0.0918,bull_trend
2021-08-20,415.4454040527344,normal,2.85,1.0,0.1198,0.0928,bull_trend
2021-08-23,419.0998840332031,stress,2.7,1.0,0.1388,0.0923,bull_trend
2021-08-24,419.76519775390625,normal,2.85,1.0,0.1253,0.092,bull_trend
2021-08-25,420.6459655761719,calm,3.0,1.0,0.058,0.0921,bull_trend
2021-08-26,418.1628112792969,normal,2.3,1.0,0.094,0.0931,bull_trend
2021-08-27,421.9016418457031,normal,2.3,1.0,0.0975,0.0944,bull_trend
2021-08-30,423.75689697265625,normal,2.85,1.0,0.0856,0.0946,bull_trend
2021-08-31,423.1291198730469,normal,2.85,1.0,0.0897,0.0947,bull_trend
2021-09-01,423.35400390625,normal,2.85,1.0,0.0899,0.0942,bull_trend
2021-09-02,424.65655517578125,calm,3.0,1.0,0.0632,0.0929,bull_trend
2021-09-03,424.5534362792969,calm,3.0,1.0,0.0384,0.0929,bull_trend
2021-09-07,423.035400390625,calm,3.0,1.0,0.0391,0.0933,bull_trend
2021-09-08,422.52008056640625,calm,3.0,1.0,0.0386,0.0933,bull_trend
2021-09-09,420.7115783691406,calm,3.0,1.0,0.0465,0.0936,bull_trend
2021-09-10,417.3944091796875,calm,3.0,1.0,0.0474,0.0953,bull_trend
2021-09-13,418.4626770019531,calm,3.0,1.0,0.0614,0.0953,bull_trend
2021-09-14,416.2044372558594,calm,3.0,1.0,0.064,0.096,bull_trend
2021-09-15,419.68084716796875,normal,2.85,1.0,0.1056,0.0963,bull_trend
2021-09-16,419.0155334472656,normal,2.85,1.0,0.1026,0.0964,bull_trend
2021-09-17,414.9338684082031,normal,2.85,1.0,0.1111,0.0944,bull_trend
2021-09-20,408.0152282714844,stress,2.15,1.0,0.1483,0.097,bull_trend
2021-09-21,407.6297912597656,stress,2.15,1.0,0.1509,0.0965,bull_trend
2021-09-22,411.606201171875,stress,2.15,0.5,0.1583,0.0982,sideways
2021-09-23,416.60711669921875,stress,2.7,0.5,0.1961,0.1004,sideways
2021-09-24,417.29339599609375,stress,2.7,0.5,0.1805,0.1002,sideways
2021-09-27,416.0995178222656,normal,2.85,1.0,0.1055,0.1004,bull_trend
2021-09-28,407.7143859863281,stress,2.15,1.0,0.2039,0.1087,bull_trend
2021-09-29,408.4006042480469,stress,2.15,1.0,0.1872,0.1087,bull_trend
2021-09-30,403.40899658203125,normal,2.3,1.0,0.1518,0.111,bull_trend
2021-10-01,408.2032165527344,stress,2.15,1.0,0.1967,0.1125,bull_trend
2021-10-04,402.93896484375,stress,2.15,1.0,0.2047,0.1154,bull_trend
2021-10-05,407.13153076171875,stress,2.15,0.5,0.1891,0.1171,sideways
2021-10-06,408.8236389160156,stress,2.15,0.5,0.1915,0.1162,sideways
2021-10-07,412.3582458496094,normal,2.3,0.5,0.1606,0.1155,sideways
2021-10-08,411.606201171875,normal,2.3,0.5,0.1497,0.1154,sideways
2021-10-11,408.62628173828125,normal,2.3,1.0,0.1167,0.1161,bull_trend
2021-10-12,407.6203918457031,normal,2.3,1.0,0.0983,0.1162,bull_trend
2021-10-13,409.08685302734375,normal,2.3,1.0,0.097,0.1162,bull_trend
2021-10-14,415.9678955078125,normal,2.85,1.0,0.1468,0.1198,bull_trend
2021-10-15,419.1358642578125,normal,2.85,1.0,0.1475,0.1165,bull_trend
2021-10-18,420.3767395019531,normal,2.85,1.0,0.1139,0.1133,bull_trend
2021-10-19,423.6199035644531,normal,2.85,1.0,0.0878,0.1132,bull_trend
2021-10-20,425.28369140625,normal,2.85,1.0,0.0869,0.1134,bull_trend
2021-10-21,426.3930358886719,calm,3.0,1.0,0.0399,0.1118,bull_trend
2021-10-22,425.951171875,calm,3.0,1.0,0.0497,0.1117,bull_trend
2021-10-25,428.2354736328125,calm,3.0,1.0,0.0518,0.1117,bull_trend
2021-10-26,428.6208190917969,calm,3.0,1.0,0.0398,0.1117,bull_trend
2021-10-27,426.7220153808594,calm,3.0,1.0,0.0587,0.1119,bull_trend
2021-10-28,430.83935546875,normal,2.85,1.0,0.0875,0.1128,bull_trend
2021-10-29,431.713623046875,normal,2.85,1.0,0.0832,0.1127,bull_trend
2021-11-01,432.4562683105469,normal,2.85,1.0,0.0798,0.1117,bull_trend
2021-11-02,434.2048034667969,normal,2.85,1.0,0.0803,0.1113,bull_trend
2021-11-03,436.8556823730469,calm,3.0,1.0,0.052,0.1113,bull_trend
2021-11-04,438.91436767578125,calm,2.45,1.0,0.0293,0.1115,bull_trend
2021-11-05,440.4371337890625,calm,2.45,1.0,0.0256,0.1116,bull_trend
2021-11-08,440.813232421875,calm,2.45,1.0,0.0307,0.1116,bull_trend
2021-11-09,439.3561096191406,calm,3.0,1.0,0.0589,0.1119,bull_trend
2021-11-10,435.8215637207031,normal,2.85,1.0,0.0831,0.1132,bull_trend
2021-11-11,435.96258544921875,calm,3.0,1.0,0.0708,0.1132,bull_trend
2021-11-12,439.2527770996094,normal,2.85,1.0,0.0912,0.114,bull_trend
2021-11-15,439.40313720703125,normal,2.85,1.0,0.0908,0.113,bull_trend
2021-11-16,441.1422119140625,normal,2.85,1.0,0.0919,0.1105,bull_trend
2021-11-17,440.0705871582031,calm,3.0,1.0,0.0614,0.1108,bull_trend
2021-11-18,441.5653076171875,calm,3.0,1.0,0.0601,0.11,bull_trend
2021-11-19,440.7756042480469,calm,3.0,1.0,0.0463,0.109,bull_trend
2021-11-22,439.53472900390625,calm,3.0,1.0,0.0528,0.1092,bull_trend
2021-11-23,440.1175231933594,calm,3.0,1.0,0.0429,0.1092,bull_trend
2021-11-24,441.2926330566406,calm,3.0,1.0,0.0435,0.1084,bull_trend
2021-11-26,431.4504089355469,normal,2.85,1.0,0.1612,0.1166,bull_trend
2021-11-29,436.7427978515625,extreme_stress,2.55,1.0,0.2022,0.1188,bull_trend
2021-11-30,428.244873046875,extreme_stress,2.55,1.0,0.2388,0.1253,bull_trend
2021-12-01,423.4882507324219,extreme_stress,2.0,1.0,0.234,0.1273,bull_trend
2021-12-02,429.9745788574219,extreme_stress,2.55,1.0,0.2814,0.1308,bull_trend
2021-12-03,426.23321533203125,extreme_stress,2.55,1.0,0.2428,0.132,bull_trend
2021-12-06,431.28125,extreme_stress,2.55,1.0,0.2412,0.1338,bull_trend
2021-12-07,440.2021484375,extreme_stress,2.55,1.0,0.2307,0.1398,bull_trend
2021-12-08,441.3677978515625,normal,2.85,1.0,0.1838,0.1395,bull_trend
2021-12-09,438.387939453125,normal,2.85,1.0,0.1974,0.1393,bull_trend
2021-12-10,442.5146484375,normal,2.85,1.0,0.1632,0.1403,bull_trend
2021-12-13,438.5947570800781,normal,2.85,1.0,0.1926,0.1411,bull_trend
2021-12-14,435.5771789550781,normal,2.85,1.0,0.1243,0.1411,bull_trend
2021-12-15,442.38311767578125,normal,2.85,1.0,0.178,0.1442,bull_trend
2021-12-16,438.4819030761719,normal,2.85,1.0,0.1838,0.1439,bull_trend
2021-12-17,433.8152160644531,normal,2.3,1.0,0.1747,0.1414,bull_trend
2021-12-20,429.2022399902344,normal,2.3,1.0,0.1783,0.1432,bull_trend
2021-12-21,436.824462890625,extreme_stress,2.0,1.0,0.233,0.1461,bull_trend
2021-12-22,441.1921691894531,extreme_stress,2.0,1.0,0.2127,0.1455,bull_trend
2021-12-23,443.93731689453125,normal,2.3,1.0,0.2021,0.1459,bull_trend
2021-12-27,450.2198791503906,normal,2.85,1.0,0.175,0.148,bull_trend
2021-12-28,449.8520202636719,normal,2.85,1.0,0.1143,0.1415,bull_trend
2021-12-29,450.4275207519531,calm,3.0,1.0,0.0976,0.1415,bull_trend
2021-12-30,449.1822814941406,normal,2.85,1.0,0.1076,0.139,bull_trend
2021-12-31,448.05023193359375,normal,2.85,1.0,0.112,0.1377,bull_trend
2022-01-03,450.6444396972656,calm,3.0,1.0,0.0559,0.1348,bull_trend
2022-01-04,450.4935302734375,calm,3.0,1.0,0.0555,0.1337,bull_trend
2022-01-05,441.8430480957031,normal,2.85,1.0,0.1472,0.14,bull_trend
2022-01-06,441.427978515625,normal,2.85,1.0,0.1486,0.1392,bull_trend
2022-01-07,439.6827697753906,normal,2.85,1.0,0.1484,0.1395,bull_trend
2022-01-10,439.1356506347656,normal,2.85,1.0,0.1268,0.1385,bull_trend
2022-01-11,443.1354064941406,normal,2.85,1.0,0.1621,0.1392,bull_trend
2022-01-12,444.33343505859375,calm,3.0,1.0,0.0801,0.1392,bull_trend
2022-01-13,438.2112121582031,normal,2.3,1.0,0.1345,0.1388,bull_trend
2022-01-14,438.3904724121094,normal,2.3,1.0,0.1329,0.1381,bull_trend
2022-01-18,430.6266784667969,normal,2.3,1.0,0.1809,0.1429,bull_trend
2022-01-19,426.1551818847656,normal,2.3,1.0,0.1416,0.1437,bull_trend
2022-01-20,421.4385681152344,normal,2.3,1.0,0.1071,0.1452,bull_trend
2022-01-21,413.1654357910156,normal,2.3,1.0,0.1249,0.1503,bull_trend
2022-01-24,414.9200439453125,normal,2.3,1.0,0.149,0.1506,bull_trend
2022-01-25,409.8542785644531,normal,2.3,1.0,0.1379,0.1519,bull_trend
2022-01-26,408.8260192871094,normal,2.3,1.0,0.1468,0.152,bull_trend
2022-01-27,406.8072814941406,normal,2.3,1.0,0.1458,0.152,bull_trend
2022-01-28,416.9104919433594,extreme_stress,2.0,1.0,0.224,0.1591,bull_trend
2022-01-31,424.41949462890625,extreme_stress,2.0,1.0,0.2527,0.1633,bull_trend
2022-02-01,427.28729248046875,normal,2.3,1.0,0.2042,0.1638,bull_trend
2022-02-02,431.4379577636719,normal,2.3,1.0,0.18,0.1648,bull_trend
2022-02-03,421.29705810546875,extreme_stress,2.0,1.0,0.2946,0.1708,bull_trend
2022-02-04,423.2780456542969,extreme_stress,2.0,1.0,0.2497,0.1708,bull_trend
2022-02-07,421.9196472167969,extreme_stress,2.0,0.5,0.2128,0.1707,sideways
2022-02-08,425.39117431640625,extreme_stress,2.0,0.5,0.2164,0.1716,sideways
2022-02-09,431.6172790527344,extreme_stress,2.0,0.5,0.2337,0.1742,sideways
2022-02-10,423.8629455566406,normal,2.3,0.5,0.1991,0.1771,sideways
2022-02-11,415.5048522949219,extreme_stress,2.0,0.5,0.2432,0.1812,sideways
2022-02-14,414.1464538574219,extreme_stress,2.0,0.5,0.2432,0.1805,sideways
2022-02-15,420.82537841796875,extreme_stress,2.0,0.5,0.2722,0.1837,sideways
2022-02-16,421.29705810546875,extreme_stress,2.0,0.5,0.2343,0.1835,sideways
2022-02-17,412.29754638671875,extreme_stress,2.0,0.5,0.2472,0.1881,sideways
2022-02-18,409.6278991699219,normal,2.3,0.5,0.2147,0.1882,sideways
2022-02-22,405.23187255859375,normal,2.3,0.5,0.2222,0.1892,sideways
2022-02-23,398.04364013671875,normal,2.3,1.0,0.142,0.192,bull_trend
2022-02-24,404.0338439941406,extreme_stress,2.0,1.0,0.2265,0.1948,bull_trend
2022-02-25,412.948486328125,extreme_stress,2.0,1.0,0.2731,0.2001,bull_trend
2022-02-28,411.89190673828125,extreme_stress,2.0,0.5,0.2683,0.1954,sideways
2022-03-01,405.61871337890625,extreme_stress,2.0,0.5,0.2824,0.1958,sideways
2022-03-02,413.08050537109375,extreme_stress,2.0,0.5,0.2517,0.196,sideways
2022-03-03,411.02398681640625,extreme_stress,2.0,0.5,0.2542,0.195,sideways
2022-03-04,407.68463134765625,normal,2.3,0.5,0.2002,0.193,sideways
2022-03-07,395.6664123535156,extreme_stress,2.0,0.5,0.2772,0.2007,sideways
2022-03-08,392.66650390625,extreme_stress,2.0,0.5,0.2696,0.1994,sideways
2022-03-09,403.1942138671875,extreme_stress,2.0,0.5,0.3202,0.2025,sideways
2022-03-10,401.37359619140625,extreme_stress,2.0,0.5,0.3202,0.2025,sideways
2022-03-11,396.2701416015625,extreme_stress,2.0,0.5,0.325,0.2034,sideways
2022-03-14,393.37408447265625,extreme_stress,2.0,0.5,0.2518,0.2025,sideways
2022-03-15,402.0245361328125,extreme_stress,2.0,0.5,0.2884,0.2075,sideways
2022-03-16,410.9391174316406,extreme_stress,0.9,0.5,0.2673,0.2124,sideways
2022-03-17,416.080322265625,extreme_stress,0.9,0.5,0.2606,0.2115,sideways
2022-03-18,420.6375732421875,normal,2.3,0.5,0.1907,0.2122,sideways
2022-03-21,420.5146179199219,calm,2.45,0.5,0.1474,0.2112,sideways
2022-03-22,425.4352111816406,calm,2.45,1.0,0.1266,0.2115,bull_trend
2022-03-23,419.9563293457031,normal,2.3,1.0,0.1744,0.2099,bull_trend
2022-03-24,426.2868957519531,normal,2.3,1.0,0.1826,0.2112,bull_trend
2022-03-25,428.36865234375,normal,2.3,1.0,0.1749,0.211,bull_trend
2022-03-28,431.4156799316406,normal,2.3,1.0,0.1721,0.2095,bull_trend
2022-03-29,436.75262451171875,normal,2.3,1.0,0.1738,0.2111,bull_trend
2022-03-30,434.05572509765625,calm,2.45,1.0,0.1308,0.2114,bull_trend
2022-03-31,427.3751220703125,normal,2.3,1.0,0.1776,0.2134,bull_trend
2022-04-01,428.5863342285156,normal,2.3,1.0,0.1751,0.2135,bull_trend
2022-04-04,432.25775146484375,normal,2.3,1.0,0.179,0.2139,bull_trend
2022-04-05,426.7978515625,normal,2.3,1.0,0.1611,0.2153,bull_trend
2022-04-06,422.5301513671875,normal,2.3,1.0,0.1658,0.2129,bull_trend
2022-04-07,424.6593017578125,normal,2.3,1.0,0.1503,0.2132,bull_trend
2022-04-08,423.5238037109375,calm,2.45,1.0,0.1459,0.2131,bull_trend
2022-04-11,416.2847595214844,calm,1.35,1.0,0.1386,0.2157,bull_trend
2022-04-12,414.7423400878906,calm,1.35,1.0,0.132,0.2148,bull_trend
2022-04-13,419.4925537109375,normal,2.3,1.0,0.1702,0.2161,bull_trend
2022-04-14,414.2691650390625,normal,1.2,1.0,0.1738,0.2158,bull_trend
2022-04-18,414.4394836425781,normal,1.2,1.0,0.1776,0.2158,bull_trend
2022-04-19,421.1296691894531,normal,2.3,1.0,0.1832,0.2156,bull_trend
2022-04-20,420.8173828125,normal,2.3,1.0,0.1781,0.2147,bull_trend
2022-04-21,414.5246887207031,normal,1.2,1.0,0.1965,0.2156,bull_trend
2022-04-22,403.1504821777344,extreme_stress,0.9,1.0,0.2628,0.219,bull_trend
2022-04-25,405.4877624511719,extreme_stress,0.9,0.0,0.2728,0.2192,bear_trend
2022-04-26,393.7445068359375,extreme_stress,0.9,0.0,0.2472,0.2253,bear_trend
2022-04-27,394.8516540527344,extreme_stress,0.9,0.0,0.2596,0.2254,bear_trend
2022-04-28,404.8253173828125,extreme_stress,0.9,0.0,0.3697,0.231,bear_trend
2022-04-29,389.8648376464844,extreme_stress,0.0,0.0,0.4108,0.237,bear_trend
2022-05-02,392.2115783691406,extreme_stress,0.9,0.0,0.4112,0.2343,bear_trend
2022-05-03,394.00946044921875,extreme_stress,0.9,0.0,0.361,0.234,bear_trend
2022-05-04,406.00823974609375,extreme_stress,0.9,0.0,0.4212,0.2415,bear_trend
2022-05-05,391.5775146484375,extreme_stress,0.55,0.0,0.4639,0.2472,bear_trend
2022-05-06,389.24017333984375,extreme_stress,1.45,0.0,0.3793,0.2472,bear_trend
2022-05-09,376.77783203125,extreme_stress,1.45,0.0,0.433,0.2547,bear_trend
2022-05-10,377.6484069824219,extreme_stress,1.45,0.0,0.4292,0.254,bear_trend
2022-05-11,371.64898681640625,normal,1.75,0.0,0.2589,0.2534,bear_trend
2022-05-12,371.2610778808594,normal,1.75,0.0,0.2197,0.2514,bear_trend
2022-05-13,380.1370849609375,extreme_stress,1.45,0.0,0.3322,0.254,bear_trend
2022-05-16,378.5947570800781,normal,1.75,0.0,0.2302,0.254,bear_trend
2022-05-17,386.3824768066406,extreme_stress,1.45,0.0,0.2697,0.2554,bear_trend
2022-05-18,370.8067626953125,extreme_stress,0.55,0.0,0.4076,0.267,bear_trend
2022-05-19,368.5357666015625,extreme_stress,1.45,0.0,0.4099,0.2642,bear_trend
2022-05-20,368.6966247558594,extreme_stress,1.45,0.0,0.3486,0.2641,bear_trend
2022-05-23,375.5950012207031,extreme_stress,1.45,0.0,0.391,0.2665,bear_trend
2022-05-24,372.727783203125,extreme_stress,1.45,0.0,0.3393,0.2646,bear_trend
2022-05-25,376.0207824707031,calm,1.9,0.0,0.1746,0.2634,bear_trend
2022-05-26,383.5342102050781,normal,1.75,0.0,0.1879,0.2627,bear_trend
2022-05-27,392.9496154785156,normal,1.75,0.5,0.2036,0.2676,sideways
2022-05-31,390.744873046875,normal,1.75,0.5,0.2311,0.2662,sideways
2022-06-01,387.58428955078125,normal,1.75,0.5,0.2331,0.2638,sideways
2022-06-02,394.9652099609375,normal,1.75,0.5,0.2464,0.2666,sideways
2022-06-03,388.48321533203125,extreme_stress,1.45,0.5,0.2857,0.2681,sideways
2022-06-06,389.6660461425781,normal,1.2,0.5,0.2138,0.2617,sideways
2022-06-07,393.4038391113281,normal,1.75,0.5,0.2229,0.262,sideways
2022-06-08,389.12664794921875,normal,2.3,0.5,0.2311,0.2572,sideways
2022-06-09,379.87213134765625,normal,2.3,0.5,0.2187,0.2613,sideways
2022-06-10,368.8575134277344,normal,1.75,0.5,0.2639,0.2663,sideways
2022-06-13,354.8526611328125,extreme_stress,0.55,0.5,0.2932,0.2761,sideways
2022-06-14,353.78326416015625,normal,1.75,0.5,0.2225,0.272,sideways
2022-06-15,358.82696533203125,extreme_stress,1.45,0.5,0.3364,0.2696,sideways
2022-06-16,346.9512634277344,extreme_stress,1.45,0.5,0.3561,0.275,sideways
2022-06-17,347.6991882324219,extreme_stress,1.45,0.0,0.3628,0.2738,bear_trend
2022-06-21,356.4520568847656,extreme_stress,1.45,0.0,0.3496,0.2794,bear_trend
2022-06-22,355.8057861328125,extreme_stress,1.45,0.0,0.3488,0.2779,bear_trend
2022-06-23,359.29364013671875,extreme_stress,1.45,0.0,0.3397,0.2783,bear_trend
2022-06-24,370.7169189453125,normal,1.75,0.0,0.2311,0.2844,bear_trend
2022-06-27,369.3009338378906,normal,1.75,0.0,0.2524,0.2841,bear_trend
2022-06-28,361.7550354003906,extreme_stress,1.45,0.0,0.3068,0.2858,bear_trend
2022-06-29,361.46044921875,extreme_stress,1.45,0.0,0.3059,0.2842,bear_trend
2022-06-30,358.5237731933594,extreme_stress,1.45,0.0,0.3084,0.2843,bear_trend
2022-07-01,362.3157653808594,calm,1.9,0.0,0.179,0.2844,bear_trend
2022-07-05,363.0,calm,1.9,0.0,0.1849,0.2843,bear_trend
2022-07-06,364.2259826660156,calm,1.9,0.5,0.1077,0.2837,sideways
2022-07-07,369.6810607910156,calm,1.9,0.5,0.1407,0.2851,sideways
2022-07-08,369.37701416015625,calm,1.9,0.5,0.1041,0.2846,sideways
2022-07-11,365.1573486328125,calm,1.9,0.5,0.1501,0.2849,sideways
2022-07-12,361.9260559082031,calm,1.9,0.5,0.1672,0.2852,sideways
2022-07-13,360.0253601074219,calm,2.45,0.5,0.1656,0.2837,sideways
2022-07-14,359.1510925292969,calm,1.35,0.5,0.0698,0.2837,sideways
2022-07-15,366.0126647949219,calm,2.45,0.5,0.1931,0.2856,sideways
2022-07-18,362.990478515625,calm,2.45,0.5,0.1842,0.2851,sideways
2022-07-19,372.79827880859375,normal,2.3,1.0,0.2528,0.2909,bull_trend
2022-07-20,375.17413330078125,normal,2.3,1.0,0.2328,0.2891,bull_trend
2022-07-21,378.99462890625,normal,2.3,1.0,0.2123,0.2901,bull_trend
2022-07-22,375.4783020019531,normal,2.3,1.0,0.2372,0.2892,bull_trend
2022-07-25,375.9344482421875,normal,2.3,1.0,0.2114,0.2844,bull_trend
2022-07-26,371.48675537109375,calm,2.45,1.0,0.1526,0.2849,bull_trend
2022-07-27,381.1329040527344,normal,2.3,1.0,0.245,0.2843,bull_trend
2022-07-28,385.9132385253906,normal,2.3,1.0,0.2497,0.2854,bull_trend
2022-07-29,391.5393981933594,normal,2.3,1.0,0.228,0.2823,bull_trend
2022-08-01,390.3799133300781,normal,2.3,1.0,0.2381,0.2724,bull_trend
2022-08-02,387.804443359375,normal,2.3,1.0,0.2126,0.2725,bull_trend
2022-08-03,393.87725830078125,calm,2.45,1.0,0.1677,0.2742,bull_trend
2022-08-04,393.6112060546875,calm,2.45,1.0,0.1647,0.2672,bull_trend
2022-08-05,392.9459533691406,calm,2.45,1.0,0.137,0.2574,bull_trend
2022-08-08,392.48974609375,calm,2.45,1.0,0.1345,0.2571,bull_trend
2022-08-09,390.9311218261719,calm,2.45,1.0,0.1261,0.2488,bull_trend
2022-08-10,399.14227294921875,calm,2.45,1.0,0.1637,0.2521,bull_trend
2022-08-11,399.14227294921875,calm,2.45,1.0,0.1628,0.2498,bull_trend
2022-08-12,405.8993835449219,normal,2.3,1.0,0.1827,0.2517,bull_trend
2022-08-15,407.5719299316406,calm,2.45,1.0,0.1722,0.2476,bull_trend
2022-08-16,408.3702697753906,calm,2.45,1.0,0.1508,0.2474,bull_trend
2022-08-17,405.4717102050781,calm,2.45,1.0,0.1391,0.2448,bull_trend
2022-08-18,406.650146484375,calm,2.45,1.0,0.1364,0.2301,bull_trend
2022-08-19,401.1855773925781,calm,2.45,1.0,0.1213,0.2315,bull_trend
2022-08-22,392.8318786621094,calm,2.45,1.0,0.1608,0.2358,bull_trend
2022-08-23,391.8815612792969,calm,2.45,1.0,0.1474,0.2331,bull_trend
2022-08-24,393.1360168457031,normal,2.3,1.0,0.1687,0.2325,bull_trend
2022-08-25,398.6861267089844,normal,2.3,1.0,0.218,0.2335,bull_trend
2022-08-26,385.1909484863281,normal,2.3,1.0,0.3052,0.2405,bull_trend
2022-08-29,382.64398193359375,normal,2.3,1.0,0.2833,0.2357,bull_trend
2022-08-30,378.443359375,normal,1.2,1.0,0.2847,0.2364,bull_trend
2022-08-31,375.5637512207031,normal,1.2,1.0,0.2707,0.2363,bull_trend
2022-09-01,376.7422180175781,normal,1.2,0.0,0.2177,0.2331,bear_trend
2022-09-02,372.76971435546875,calm,1.35,0.0,0.0907,0.2318,bear_trend
2022-09-06,371.36322021484375,calm,1.35,0.0,0.0927,0.2318,bear_trend
2022-09-07,378.03472900390625,normal,1.2,0.0,0.1803,0.2339,bear_trend
2022-09-08,380.5057067871094,normal,1.2,0.0,0.1712,0.2333,bear_trend
2022-09-09,386.41693115234375,normal,2.3,0.0,0.1944,0.2305,bear_trend
2022-09-12,390.57000732421875,calm,2.45,0.0,0.1362,0.2235,bear_trend
2022-09-13,373.5870666503906,extreme_stress,0.0,0.0,0.4049,0.2276,bear_trend
2022-09-14,375.0125732421875,extreme_stress,0.9,0.0,0.3803,0.2275,bear_trend
2022-09-15,370.7549133300781,extreme_stress,0.9,0.0,0.3781,0.2273,bear_trend
2022-09-16,367.926513671875,extreme_stress,0.9,0.0,0.3319,0.2174,bear_trend
2022-09-19,370.77972412109375,normal,1.2,0.0,0.3209,0.2178,bear_trend
2022-09-20,366.5237121582031,calm,1.35,0.0,0.1425,0.2136,bear_trend
2022-09-21,360.13018798828125,calm,1.35,0.0,0.1508,0.2166,bear_trend
2022-09-22,357.1051330566406,calm,1.35,0.0,0.1481,0.2164,bear_trend
2022-09-23,351.1219482421875,normal,1.2,0.0,0.1623,0.2091,bear_trend
2022-09-26,347.6484069824219,calm,1.35,0.0,0.0649,0.2098,bear_trend
2022-09-27,346.7609558105469,calm,1.35,0.0,0.0985,0.206,bear_trend
2022-09-28,353.5839538574219,normal,1.2,0.0,0.2215,0.21,bear_trend
2022-09-29,346.1979064941406,normal,1.2,0.0,0.2539,0.2134,bear_trend
2022-09-30,340.8444519042969,normal,1.2,0.0,0.2507,0.2143,bear_trend
2022-10-03,349.8431701660156,extreme_stress,0.9,0.0,0.3326,0.2211,bear_trend
2022-10-04,360.68365478515625,extreme_stress,1.45,0.0,0.3879,0.2298,bear_trend
2022-10-05,359.8438720703125,extreme_stress,1.45,0.0,0.378,0.2278,bear_trend
2022-10-06,356.1318054199219,extreme_stress,0.9,0.0,0.3402,0.2287,bear_trend
2022-10-07,346.1979064941406,extreme_stress,1.45,0.0,0.3961,0.2342,bear_trend
2022-10-10,343.5545654296875,extreme_stress,0.9,0.0,0.3413,0.234,bear_trend
2022-10-11,341.3788757324219,calm,1.35,0.0,0.1576,0.2341,bear_trend
2022-10-12,340.25286865234375,calm,1.35,0.0,0.1544,0.2341,bear_trend
2022-10-13,349.2324523925781,normal,1.2,0.0,0.3088,0.2371,bear_trend
2022-10-14,341.2738952636719,normal,1.2,0.0,0.2848,0.2407,bear_trend
2022-10-17,350.04364013671875,extreme_stress,1.45,0.0,0.3414,0.2401,bear_trend
2022-10-18,354.15643310546875,normal,1.75,0.0,0.3311,0.241,bear_trend
2022-10-19,351.6466979980469,normal,1.75,0.0,0.3399,0.2403,bear_trend
2022-10-20,348.6981201171875,normal,1.75,0.5,0.301,0.2402,sideways
2022-10-21,357.1719665527344,normal,1.75,0.5,0.261,0.2455,sideways
2022-10-24,361.5425109863281,normal,1.75,0.5,0.2222,0.2457,sideways
2022-10-25,367.3157958984375,normal,1.75,0.5,0.2302,0.2422,sideways
2022-10-26,364.54840087890625,normal,1.75,0.5,0.232,0.2411,sideways
2022-10-27,362.60174560546875,normal,1.75,0.5,0.2197,0.2392,sideways
2022-10-28,371.22821044921875,normal,1.75,0.5,0.2174,0.2443,sideways
2022-10-31,368.5467529296875,normal,2.3,0.5,0.2356,0.2444,sideways
2022-11-01,366.9341125488281,normal,2.3,0.5,0.2133,0.2422,sideways
2022-11-02,357.7254333496094,normal,1.2,0.5,0.2783,0.247,sideways
2022-11-03,354.0419921875,normal,1.2,0.5,0.2824,0.2476,sideways
2022-11-04,359.1377258300781,normal,1.2,0.0,0.2248,0.2496,bear_trend
2022-11-07,362.5731201171875,normal,2.3,0.0,0.2515,0.2505,bear_trend
2022-11-08,364.52935791015625,normal,2.3,0.0,0.258,0.2468,bear_trend
2022-11-09,357.0192565917969,normal,2.3,1.0,0.2325,0.2498,bull_trend
2022-11-10,376.63897705078125,extreme_stress,0.55,1.0,0.4319,0.2719,bull_trend
2022-11-11,380.2843017578125,extreme_stress,1.45,1.0,0.432,0.2726,bull_trend
2022-11-14,377.0492858886719,extreme_stress,1.45,0.0,0.4563,0.2729,bear_trend
2022-11-15,380.2651062011719,extreme_stress,1.45,0.0,0.4556,0.2733,bear_trend
2022-11-16,377.3642272949219,extreme_stress,1.45,0.0,0.4099,0.2735,bear_trend
2022-11-17,376.20953369140625,calm,1.9,0.0,0.1389,0.2724,bear_trend
2022-11-18,377.9176940917969,calm,2.45,0.0,0.1193,0.2696,bear_trend
2022-11-21,376.54351806640625,calm,2.45,0.0,0.1046,0.2696,bear_trend
2022-11-22,381.6106262207031,calm,2.45,1.0,0.1328,0.271,bull_trend
2022-11-23,384.01544189453125,calm,2.45,1.0,0.1128,0.2697,bull_trend
2022-11-25,383.9295654296875,calm,2.45,1.0,0.1038,0.261,bull_trend
2022-11-28,377.80316162109375,calm,2.45,1.0,0.1755,0.2627,bull_trend
2022-11-29,377.154296875,calm,2.45,1.0,0.1735,0.2618,bull_trend
2022-11-30,389.03485107421875,normal,2.3,1.0,0.2761,0.2687,bull_trend
2022-12-01,388.74859619140625,normal,2.3,1.0,0.2769,0.2687,bull_trend
2022-12-02,388.300048828125,normal,2.3,1.0,0.2776,0.2677,bull_trend
2022-12-05,381.3149108886719,normal,2.3,1.0,0.2863,0.2702,bull_trend
2022-12-06,375.8182678222656,normal,2.3,1.0,0.3099,0.2695,bull_trend
2022-12-07,375.1789245605469,calm,2.45,1.0,0.1321,0.2692,bull_trend
2022-12-08,378.1180419921875,calm,2.45,1.0,0.1677,0.2678,bull_trend
2022-12-09,375.29345703125,calm,2.45,1.0,0.1634,0.2673,bull_trend
2022-12-12,380.70416259765625,normal,2.3,1.0,0.1837,0.2542,bull_trend
2022-12-13,383.5860595703125,calm,2.45,1.0,0.1375,0.2545,bull_trend
2022-12-14,381.133544921875,calm,2.45,1.0,0.1531,0.2537,bull_trend
2022-12-15,371.81036376953125,normal,2.3,1.0,0.239,0.2581,bull_trend
2022-12-16,367.4207458496094,normal,2.3,1.0,0.2457,0.2588,bull_trend
2022-12-19,364.30517578125,normal,1.2,1.0,0.1824,0.2583,bull_trend
2022-12-20,364.8035583496094,calm,1.35,1.0,0.15,0.2559,bull_trend
2022-12-21,370.25836181640625,normal,2.3,1.0,0.2346,0.2569,bull_trend
2022-12-22,364.9761962890625,normal,1.2,1.0,0.1901,0.2563,bull_trend
2022-12-23,367.0755920410156,normal,1.2,1.0,0.1834,0.2555,bull_trend
2022-12-27,365.6280822753906,calm,1.35,0.0,0.1729,0.2556,bear_trend
2022-12-28,361.0841064453125,normal,1.2,0.0,0.1961,0.2541,bear_trend
2022-12-29,367.5837097167969,normal,1.2,0.0,0.2131,0.2528,bear_trend
2022-12-30,366.615478515625,normal,1.2,0.0,0.1826,0.2506,bear_trend
2023-01-03,365.072021484375,normal,1.2,0.0,0.1798,0.2456,bear_trend
2023-01-04,367.89056396484375,normal,1.2,0.0,0.1869,0.2383,bear_trend
2023-01-05,363.6916198730469,normal,1.2,0.0,0.1823,0.2394,bear_trend
2023-01-06,372.0318298339844,normal,1.2,0.0,0.2114,0.2426,bear_trend
2023-01-09,371.82086181640625,normal,1.2,0.0,0.2088,0.2355,bear_trend
2023-01-10,374.4283752441406,normal,2.3,0.0,0.1997,0.2351,bear_trend
2023-01-11,379.16412353515625,normal,2.3,0.0,0.2067,0.2356,bear_trend
2023-01-12,380.5445861816406,calm,2.45,1.0,0.1445,0.2354,bull_trend
2023-01-13,382.02093505859375,calm,2.45,1.0,0.0778,0.2301,bull_trend
2023-01-17,381.3210754394531,calm,2.45,1.0,0.0841,0.2249,bull_trend
2023-01-18,375.3008117675781,normal,2.3,1.0,0.1664,0.2223,bull_trend
2023-01-19,372.5686950683594,calm,1.35,1.0,0.1313,0.2219,bull_trend
2023-01-20,379.50933837890625,normal,2.3,1.0,0.2049,0.2241,bull_trend
2023-01-23,384.0628356933594,normal,2.3,1.0,0.2231,0.2242,bull_trend
2023-01-24,383.65069580078125,normal,2.3,1.0,0.2225,0.2195,bull_trend
2023-01-25,383.79449462890625,normal,2.3,1.0,0.167,0.2183,bull_trend
2023-01-26,388.012451171875,calm,3.0,1.0,0.1324,0.2172,bull_trend
2023-01-27,388.904052734375,calm,3.0,1.0,0.0973,0.2165,bull_trend
2023-01-30,384.0245056152344,calm,3.0,1.0,0.1339,0.2179,bull_trend
2023-01-31,389.6709899902344,normal,2.85,1.0,0.1683,0.2147,bull_trend
2023-02-01,393.81231689453125,normal,2.85,1.0,0.1733,0.215,bull_trend
2023-02-02,399.5450439453125,normal,2.85,1.0,0.1824,0.2163,bull_trend
2023-02-03,395.2982482910156,normal,2.85,1.0,0.2182,0.211,bull_trend
2023-02-06,392.8824768066406,normal,2.85,1.0,0.1918,0.2102,bull_trend
2023-02-07,398.0207214355469,normal,2.85,1.0,0.1867,0.2099,bull_trend
2023-02-08,393.6684875488281,normal,2.85,1.0,0.2028,0.2108,bull_trend
2023-02-09,390.2557373046875,normal,2.85,1.0,0.1603,0.2116,bull_trend
2023-02-10,391.1664733886719,normal,2.85,1.0,0.1562,0.2069,bull_trend
2023-02-13,395.75830078125,normal,2.85,1.0,0.1771,0.1775,bull_trend
2023-02-14,395.5762023925781,normal,2.85,1.0,0.1444,0.1766,bull_trend
2023-02-15,396.8607482910156,calm,3.0,1.0,0.1166,0.1757,bull_trend
2023-02-16,391.3965148925781,normal,2.85,1.0,0.1467,0.1774,bull_trend
2023-02-17,390.418701171875,normal,2.85,1.0,0.1472,0.1767,bull_trend
2023-02-21,382.5865478515625,normal,2.85,1.0,0.1555,0.1814,bull_trend
2023-02-22,382.059326171875,normal,2.85,1.0,0.1533,0.1812,bull_trend
2023-02-23,384.0915832519531,normal,2.85,1.0,0.1624,0.1813,bull_trend
2023-02-24,379.9886474609375,normal,2.3,1.0,0.155,0.1806,bull_trend
2023-02-27,381.28277587890625,normal,2.85,1.0,0.1682,0.1803,bull_trend
2023-02-28,379.8735656738281,calm,2.45,1.0,0.1003,0.1805,bull_trend
2023-03-01,378.4164123535156,calm,2.45,1.0,0.1018,0.1777,bull_trend
2023-03-02,381.3594665527344,calm,3.0,1.0,0.1136,0.1784,bull_trend
2023-03-03,387.4756164550781,normal,2.85,1.0,0.1328,0.1698,bull_trend
2023-03-06,387.7440490722656,normal,2.85,1.0,0.1349,0.1698,bull_trend
2023-03-07,381.8004455566406,normal,2.3,1.0,0.1882,0.1726,bull_trend
2023-03-08,382.4235534667969,normal,2.3,1.0,0.1831,0.1688,bull_trend
2023-03-09,375.3679504394531,normal,2.3,1.0,0.2228,0.1704,bull_trend
2023-03-10,369.9515686035156,normal,2.3,1.0,0.1518,0.1728,bull_trend
2023-03-13,369.4242248535156,normal,2.3,1.0,0.1436,0.172,bull_trend
2023-03-14,375.53094482421875,normal,2.3,1.0,0.2209,0.1746,bull_trend
2023-03-15,373.18218994140625,normal,2.3,1.0,0.217,0.1726,bull_trend
2023-03-16,379.7297058105469,normal,2.3,1.0,0.2248,0.1756,bull_trend
2023-03-17,375.2896728515625,normal,2.3,1.0,0.2123,0.1767,bull_trend
2023-03-20,378.8982849121094,normal,2.3,1.0,0.2125,0.1707,bull_trend
2023-03-21,383.87347412109375,normal,2.3,1.0,0.2022,0.1708,bull_trend
2023-03-22,377.329833984375,normal,2.3,1.0,0.2476,0.1735,bull_trend
2023-03-23,378.3498229980469,normal,2.3,1.0,0.2096,0.1735,bull_trend
2023-03-24,380.83258056640625,normal,2.3,1.0,0.188,0.1715,bull_trend
2023-03-27,381.544677734375,normal,2.3,1.0,0.1786,0.1689,bull_trend
2023-03-28,380.688232421875,normal,2.3,1.0,0.1455,0.1687,bull_trend
2023-03-29,386.22149658203125,calm,2.45,1.0,0.1005,0.1707,bull_trend
2023-03-30,388.4829406738281,calm,2.45,1.0,0.0991,0.1688,bull_trend
2023-03-31,393.9584655761719,normal,2.3,1.0,0.1177,0.1674,bull_trend
2023-04-03,395.4595947265625,calm,3.0,1.0,0.1133,0.1673,bull_trend
2023-04-04,393.265625,normal,2.85,1.0,0.1316,0.1675,bull_trend
2023-04-05,392.2358703613281,normal,2.85,1.0,0.1221,0.1671,bull_trend
2023-04-06,393.7659606933594,normal,2.85,1.0,0.1201,0.1653,bull_trend
2023-04-10,394.170166015625,calm,3.0,1.0,0.0656,0.1593,bull_trend
2023-04-11,394.2760009765625,calm,3.0,1.0,0.0574,0.1593,bull_trend
2023-04-12,392.6689147949219,calm,3.0,1.0,0.0498,0.1591,bull_trend
2023-04-13,397.8846740722656,calm,3.0,1.0,0.1028,0.1593,bull_trend
2023-04-14,396.9126892089844,calm,3.0,1.0,0.1086,0.1593,bull_trend
2023-04-17,398.3369140625,calm,3.0,1.0,0.1092,0.1593,bull_trend
2023-04-18,398.5966796875,calm,3.0,1.0,0.1089,0.1592,bull_trend
2023-04-19,398.5294494628906,calm,3.0,1.0,0.0976,0.1557,bull_trend
2023-04-20,396.35455322265625,calm,3.0,1.0,0.0539,0.1553,bull_trend
2023-04-21,396.66253662109375,calm,3.0,1.0,0.0524,0.1511,bull_trend
2023-04-24,397.0762634277344,calm,3.0,1.0,0.0434,0.1494,bull_trend
2023-04-25,390.773193359375,normal,2.85,1.0,0.1139,0.153,bull_trend
2023-04-26,389.11798095703125,normal,2.85,1.0,0.109,0.1532,bull_trend
2023-04-27,396.86456298828125,normal,2.85,1.0,0.2051,0.1568,bull_trend
2023-04-28,400.2519226074219,normal,2.85,1.0,0.2134,0.1576,bull_trend
2023-05-01,399.8477478027344,normal,2.85,1.0,0.2144,0.1554,bull_trend
2023-05-02,395.35369873046875,normal,2.85,1.0,0.1921,0.1545,bull_trend
2023-05-03,392.64007568359375,normal,2.85,1.0,0.1986,0.1537,bull_trend
2023-05-04,389.8590393066406,normal,2.85,1.0,0.1217,0.1514,bull_trend
2023-05-05,397.0762634277344,normal,2.85,1.0,0.1871,0.1546,bull_trend
2023-05-08,397.18212890625,normal,2.3,1.0,0.1875,0.1541,bull_trend
2023-05-09,395.44036865234375,normal,2.3,1.0,0.1701,0.1521,bull_trend
2023-05-10,397.2879943847656,normal,2.3,1.0,0.1598,0.1508,bull_trend
2023-05-11,396.59515380859375,normal,2.3,1.0,0.1435,0.1497,bull_trend
2023-05-12,396.0754699707031,calm,2.45,1.0,0.053,0.1497,bull_trend
2023-05-15,397.4419250488281,calm,2.45,1.0,0.0603,0.148,bull_trend
2023-05-16,394.7860107421875,calm,2.45,1.0,0.0721,0.1486,bull_trend
2023-05-17,399.5783386230469,normal,2.85,1.0,0.1128,0.1505,bull_trend
2023-05-18,403.42755126953125,normal,2.85,1.0,0.1227,0.149,bull_trend
2023-05-19,402.84051513671875,normal,2.85,1.0,0.1231,0.1489,bull_trend
2023-05-22,403.0041198730469,normal,2.85,1.0,0.1249,0.1429,bull_trend
2023-05-23,398.48126220703125,normal,2.85,1.0,0.1486,0.1449,bull_trend
2023-05-24,395.5943603515625,normal,2.85,1.0,0.1265,0.1454,bull_trend
2023-05-25,399.0201721191406,normal,2.85,1.0,0.1209,0.1445,bull_trend
2023-05-26,404.18780517578125,normal,2.85,1.0,0.1624,0.1464,bull_trend
2023-05-30,404.3417053222656,normal,2.85,1.0,0.1624,0.1461,bull_trend
2023-05-31,402.0995788574219,normal,2.85,1.0,0.1396,0.1464,bull_trend
2023-06-01,405.91986083984375,normal,2.85,1.0,0.1202,0.1468,bull_trend
2023-06-02,411.7900085449219,normal,2.85,1.0,0.1367,0.1462,bull_trend
2023-06-05,411.0008544921875,normal,2.85,1.0,0.1321,0.1463,bull_trend
2023-06-06,411.8958435058594,normal,2.85,1.0,0.1301,0.1425,bull_trend
2023-06-07,410.4716491699219,normal,2.85,1.0,0.1213,0.1428,bull_trend
2023-06-08,412.954345703125,normal,2.85,1.0,0.114,0.1374,bull_trend
2023-06-09,413.6953125,calm,3.0,1.0,0.0593,0.1335,bull_trend
2023-06-12,417.44830322265625,calm,3.0,1.0,0.0753,0.1341,bull_trend
2023-06-13,420.20050048828125,calm,3.0,1.0,0.0782,0.1312,bull_trend
2023-06-14,420.7008972167969,calm,3.0,1.0,0.0532,0.1302,bull_trend
2023-06-15,425.9166564941406,calm,2.45,1.0,0.0758,0.1281,bull_trend
2023-06-16,424.4658508300781,normal,2.85,1.0,0.1,0.1255,bull_trend
2023-06-20,422.2636413574219,normal,2.85,1.0,0.1151,0.1254,bull_trend
2023-06-21,420.1000671386719,normal,2.85,1.0,0.1177,0.1239,bull_trend
2023-06-22,421.61651611328125,normal,2.85,1.0,0.1205,0.1182,bull_trend
2023-06-23,418.42913818359375,calm,3.0,1.0,0.0676,0.1196,bull_trend
2023-06-26,416.71954345703125,calm,3.0,1.0,0.0677,0.1197,bull_trend
2023-06-27,421.2881774902344,normal,2.85,1.0,0.121,0.1212,bull_trend
2023-06-28,421.5006408691406,normal,2.85,1.0,0.1136,0.121,bull_trend
2023-06-29,423.16192626953125,normal,2.85,1.0,0.1142,0.1182,bull_trend
2023-06-30,428.15545654296875,normal,2.85,1.0,0.108,0.1197,bull_trend
2023-07-03,428.6481018066406,normal,2.85,1.0,0.0854,0.117,bull_trend
2023-07-05,428.0106201171875,normal,2.85,1.0,0.0825,0.117,bull_trend
2023-07-06,424.6590881347656,normal,2.85,1.0,0.1145,0.1176,bull_trend
2023-07-07,423.5868835449219,normal,2.85,1.0,0.1151,0.1176,bull_trend
2023-07-10,424.6590881347656,calm,3.0,1.0,0.0637,0.1175,bull_trend
2023-07-11,427.363525390625,normal,2.85,1.0,0.0852,0.118,bull_trend
2023-07-12,430.802001953125,normal,2.85,1.0,0.1037,0.1187,bull_trend
2023-07-13,434.2212829589844,calm,3.0,1.0,0.0715,0.1189,bull_trend
2023-07-14,433.95086669921875,calm,3.0,1.0,0.0601,0.1166,bull_trend
2023-07-17,435.4575500488281,calm,3.0,1.0,0.0582,0.1164,bull_trend
2023-07-18,438.6932678222656,calm,2.45,1.0,0.0602,0.1169,bull_trend
2023-07-19,439.6688232421875,calm,2.45,1.0,0.0573,0.1169,bull_trend
2023-07-20,436.7518615722656,normal,2.85,1.0,0.0831,0.118,bull_trend
2023-07-21,436.7518615722656,normal,2.85,1.0,0.0824,0.1172,bull_trend
2023-07-24,438.7029113769531,normal,2.85,1.0,0.0843,0.1173,bull_trend
2023-07-25,439.90069580078125,calm,3.0,1.0,0.0687,0.1174,bull_trend
2023-07-26,439.9682922363281,calm,3.0,1.0,0.067,0.1119,bull_trend
2023-07-27,437.0513000488281,calm,3.0,1.0,0.067,0.1125,bull_trend
2023-07-28,441.3302001953125,normal,2.85,1.0,0.0956,0.1076,bull_trend
2023-07-31,442.17047119140625,normal,2.85,1.0,0.0933,0.1067,bull_trend
2023-08-01,440.9051513671875,normal,2.85,1.0,0.0974,0.107,bull_trend
2023-08-02,434.7718200683594,normal,2.85,1.0,0.1415,0.1084,bull_trend
2023-08-03,433.5257873535156,normal,2.85,1.0,0.1367,0.1074,bull_trend
2023-08-04,431.5650634765625,normal,2.85,1.0,0.0922,0.1067,bull_trend
2023-08-07,435.33203125,normal,2.85,1.0,0.1277,0.1021,bull_trend
2023-08-08,433.43890380859375,normal,2.85,1.0,0.128,0.1028,bull_trend
2023-08-09,430.5412292480469,normal,2.85,1.0,0.0971,0.1034,bull_trend
2023-08-10,430.69580078125,normal,2.85,1.0,0.0979,0.1032,bull_trend
2023-08-11,430.4446105957031,normal,2.85,1.0,0.0936,0.1031,bull_trend
2023-08-14,432.82073974609375,normal,2.85,1.0,0.0744,0.1033,bull_trend
2023-08-15,427.77886962890625,normal,2.3,1.0,0.1057,0.1064,bull_trend
2023-08-16,424.6398010253906,normal,2.3,1.0,0.1074,0.1066,bull_trend
2023-08-17,421.40399169921875,normal,2.3,1.0,0.1078,0.1057,bull_trend
2023-08-18,421.6068115234375,normal,2.3,1.0,0.1104,0.1042,bull_trend
2023-08-21,424.3499450683594,normal,2.3,1.0,0.1159,0.1047,bull_trend
2023-08-22,423.2005615234375,normal,2.3,1.0,0.0936,0.105,bull_trend
2023-08-23,427.9140625,normal,2.3,1.0,0.1177,0.1041,bull_trend
2023-08-24,421.98358154296875,normal,2.3,1.0,0.1518,0.1071,bull_trend
2023-08-25,424.95843505859375,normal,2.3,1.0,0.1592,0.1066,bull_trend
2023-08-28,427.6532897949219,stress,2.15,1.0,0.1589,0.1044,bull_trend
2023-08-29,433.8348693847656,stress,2.7,1.0,0.1755,0.1079,bull_trend
2023-08-30,435.6217956542969,stress,2.7,1.0,0.1669,0.1072,bull_trend
2023-08-31,434.9842834472656,normal,2.85,1.0,0.0912,0.106,bull_trend
2023-09-01,435.7956237792969,normal,2.85,1.0,0.0951,0.1025,bull_trend
2023-09-05,433.91217041015625,normal,2.85,1.0,0.1143,0.1029,bull_trend
2023-09-06,430.9951477050781,calm,2.45,1.0,0.0701,0.1039,bull_trend
2023-09-07,429.6719055175781,calm,2.45,1.0,0.051,0.1039,bull_trend
2023-09-08,430.319091796875,calm,2.45,1.0,0.0594,0.1033,bull_trend
2023-09-11,433.1491394042969,normal,2.3,1.0,0.0838,0.104,bull_trend
2023-09-12,430.7730407714844,normal,2.3,1.0,0.0869,0.1033,bull_trend
2023-09-13,431.27532958984375,normal,2.3,1.0,0.0737,0.1026,bull_trend
2023-09-14,434.9939270019531,normal,2.3,1.0,0.0872,0.1039,bull_trend
2023-09-15,429.7530212402344,normal,2.3,1.0,0.1361,0.1041,bull_trend
2023-09-18,430.0050048828125,normal,2.3,1.0,0.1232,0.1038,bull_trend
2023-09-19,429.11328125,normal,2.3,1.0,0.1184,0.1033,bull_trend
2023-09-20,425.1683044433594,normal,2.3,1.0,0.1301,0.1045,bull_trend
2023-09-21,418.1409606933594,normal,2.3,1.0,0.112,0.1095,bull_trend
2023-09-22,417.20074462890625,normal,2.3,1.0,0.1105,0.1085,bull_trend
2023-09-25,418.9551696777344,normal,2.3,1.0,0.1258,0.1085,bull_trend
2023-09-26,412.8001403808594,normal,2.3,1.0,0.1376,0.1102,bull_trend
2023-09-27,412.9649353027344,normal,2.3,1.0,0.1475,0.1102,bull_trend
2023-09-28,415.35906982421875,normal,2.3,1.0,0.1289,0.1106,bull_trend
2023-09-29,414.3510437011719,normal,2.3,1.0,0.129,0.1079,bull_trend
2023-10-02,414.1862487792969,normal,2.3,1.0,0.1204,0.1078,bull_trend
2023-10-03,408.6419372558594,normal,2.3,1.0,0.112,0.1109,bull_trend
2023-10-04,411.61767578125,normal,2.3,1.0,0.1304,0.111,bull_trend
2023-10-05,411.4625244140625,normal,2.3,1.0,0.118,0.111,bull_trend
2023-10-06,416.3477783203125,normal,2.3,1.0,0.1524,0.1135,bull_trend
2023-10-09,419.0133056640625,normal,2.3,1.0,0.156,0.1135,bull_trend
2023-10-10,421.1942138671875,calm,2.45,1.0,0.0699,0.1128,bull_trend
2023-10-11,422.9195251464844,calm,2.45,1.0,0.0701,0.1119,bull_trend
2023-10-12,420.3412170410156,normal,2.3,1.0,0.1037,0.1125,bull_trend
2023-10-13,418.2475891113281,normal,2.3,1.0,0.0948,0.1126,bull_trend
2023-10-16,422.6481628417969,normal,2.3,1.0,0.1126,0.1136,bull_trend
2023-10-17,422.62872314453125,normal,2.3,1.0,0.1085,0.1135,bull_trend
2023-10-18,416.9971618652344,normal,2.3,1.0,0.1401,0.1157,bull_trend
2023-10-19,413.333251953125,normal,2.3,1.0,0.1453,0.1168,bull_trend
2023-10-20,408.2541809082031,normal,2.3,1.0,0.1591,0.1185,bull_trend
2023-10-23,407.5466613769531,normal,2.3,1.0,0.0962,0.1183,bull_trend
2023-10-24,410.6192932128906,normal,2.3,1.0,0.138,0.1195,bull_trend
2023-10-25,404.7259826660156,normal,2.3,1.0,0.1417,0.122,bull_trend
2023-10-26,399.87957763671875,normal,2.3,1.0,0.1474,0.1218,bull_trend
2023-10-27,398.0669860839844,normal,2.3,1.0,0.1384,0.1217,bull_trend
2023-10-30,402.8262023925781,normal,2.3,1.0,0.1851,0.1247,bull_trend
2023-10-31,405.3560791015625,normal,2.3,1.0,0.1811,0.123,bull_trend
2023-11-01,409.6790771484375,normal,2.3,1.0,0.1645,0.1251,bull_trend
2023-11-02,417.5302429199219,normal,2.3,1.0,0.1386,0.1311,bull_trend
2023-11-03,421.3396301269531,calm,3.0,1.0,0.0763,0.1313,bull_trend
2023-11-06,422.3088684082031,normal,2.85,1.0,0.0995,0.1311,bull_trend
2023-11-07,423.51080322265625,normal,2.85,1.0,0.109,0.1307,bull_trend
2023-11-08,423.8209533691406,normal,2.85,1.0,0.1206,0.1307,bull_trend
2023-11-09,420.5156555175781,normal,2.85,1.0,0.0964,0.1315,bull_trend
2023-11-10,427.0777587890625,normal,2.85,1.0,0.133,0.1349,bull_trend
2023-11-13,426.670654296875,normal,2.85,1.0,0.1357,0.1328,bull_trend
2023-11-14,434.94842529296875,normal,2.85,1.0,0.1839,0.1375,bull_trend
2023-11-15,435.86920166015625,normal,2.85,1.0,0.1819,0.1366,bull_trend
2023-11-16,436.40234375,normal,2.85,1.0,0.1479,0.1366,bull_trend
2023-11-17,436.9451599121094,normal,2.85,1.0,0.1325,0.1361,bull_trend
2023-11-20,440.3086242675781,normal,2.85,1.0,0.1236,0.1367,bull_trend
2023-11-21,439.34893798828125,calm,3.0,1.0,0.0567,0.1351,bull_trend
2023-11-22,441.0451965332031,calm,3.0,1.0,0.0583,0.1321,bull_trend
2023-11-24,441.31658935546875,calm,3.0,1.0,0.0592,0.1315,bull_trend
2023-11-27,440.52178955078125,calm,3.0,1.0,0.066,0.131,bull_trend
2023-11-28,440.9579772949219,calm,3.0,1.0,0.0387,0.1279,bull_trend
2023-11-29,440.6477966308594,calm,3.0,1.0,0.0339,0.1277,bull_trend
2023-11-30,442.3828125,calm,3.0,1.0,0.0344,0.1279,bull_trend
2023-12-01,444.9998779296875,calm,3.0,1.0,0.051,0.1283,bull_trend
2023-12-04,442.66387939453125,calm,3.0,1.0,0.0686,0.1285,bull_trend
2023-12-05,442.5766906738281,calm,3.0,1.0,0.0691,0.1277,bull_trend
2023-12-06,440.793212890625,calm,3.0,1.0,0.0771,0.1278,bull_trend
2023-12-07,444.1566162109375,normal,2.85,1.0,0.0918,0.1286,bull_trend
2023-12-08,446.0661315917969,calm,3.0,1.0,0.0867,0.1283,bull_trend
2023-12-11,447.8011169433594,calm,3.0,1.0,0.0715,0.1278,bull_trend
2023-12-12,449.8463439941406,calm,3.0,1.0,0.0689,0.1281,bull_trend
2023-12-13,456.0498046875,calm,2.45,1.0,0.0661,0.1298,bull_trend
2023-12-14,457.5134582519531,calm,2.45,1.0,0.07,0.1272,bull_trend
2023-12-15,456.7601318359375,calm,2.45,1.0,0.089,0.1273,bull_trend
2023-12-18,459.3294677734375,calm,2.45,1.0,0.0888,0.1275,bull_trend
2023-12-19,462.12255859375,normal,2.3,1.0,0.0889,0.1261,bull_trend
2023-12-20,455.71875,normal,2.85,1.0,0.1313,0.1247,bull_trend
2023-12-21,460.03985595703125,normal,2.85,1.0,0.1478,0.1255,bull_trend
2023-12-22,460.9644775390625,normal,2.85,1.0,0.1457,0.1254,bull_trend
2023-12-26,462.910888671875,normal,2.85,1.0,0.1438,0.1211,bull_trend
2023-12-27,463.7478332519531,normal,2.85,1.0,0.1385,0.121,bull_trend
2023-12-28,463.9230651855469,calm,3.0,1.0,0.0567,0.1208,bull_trend
2023-12-29,462.5799865722656,calm,3.0,1.0,0.0417,0.1209,bull_trend
2024-01-02,459.9912414550781,calm,3.0,1.0,0.0615,0.1217,bull_trend
2024-01-03,456.234619140625,calm,3.0,1.0,0.0654,0.1195,bull_trend
2024-01-04,454.76507568359375,calm,3.0,1.0,0.0507,0.1194,bull_trend
2024-01-05,455.3879089355469,calm,3.0,1.0,0.0562,0.1193,bull_trend
2024-01-08,461.8890075683594,normal,2.85,1.0,0.1406,0.1203,bull_trend
2024-01-09,461.1882629394531,normal,2.85,1.0,0.1337,0.12,bull_trend
2024-01-10,463.7965087890625,normal,2.85,1.0,0.111,0.1201,bull_trend
2024-01-11,463.5921325683594,normal,2.85,1.0,0.1021,0.12,bull_trend
2024-01-12,463.913330078125,normal,2.85,1.0,0.1032,0.1191,bull_trend
2024-01-16,462.2101745605469,calm,3.0,1.0,0.0552,0.1188,bull_trend
2024-01-17,459.6408386230469,calm,3.0,1.0,0.0687,0.1183,bull_trend
2024-01-18,463.7283935546875,normal,2.85,1.0,0.0884,0.1192,bull_trend
2024-01-19,469.5092468261719,normal,2.85,1.0,0.1246,0.1173,bull_trend
2024-01-22,470.501953125,normal,2.85,1.0,0.1237,0.1152,bull_trend
2024-01-23,471.8741455078125,normal,2.85,1.0,0.1099,0.1115,bull_trend
2024-01-24,472.3900146484375,normal,2.85,1.0,0.0784,0.1112,bull_trend
2024-01-25,474.95928955078125,calm,3.0,1.0,0.0726,0.1109,bull_trend
2024-01-26,474.35595703125,calm,3.0,1.0,0.039,0.1059,bull_trend
2024-01-29,478.11248779296875,calm,2.45,1.0,0.0571,0.1022,bull_trend
2024-01-30,477.74267578125,calm,3.0,1.0,0.0639,0.1014,bull_trend
2024-01-31,469.9472351074219,normal,2.85,1.0,0.1497,0.1067,bull_trend
2024-02-01,476.0979919433594,stress,2.7,1.0,0.1777,0.1086,bull_trend
2024-02-02,481.11004638671875,extreme_stress,2.55,1.0,0.1895,0.1085,bull_trend
2024-02-05,479.3582458496094,extreme_stress,2.55,1.0,0.1879,0.1039,bull_trend
2024-02-06,480.74993896484375,extreme_stress,2.55,1.0,0.1881,0.1029,bull_trend
2024-02-07,484.7596435546875,normal,2.85,1.0,0.106,0.1037,bull_trend
2024-02-08,484.97369384765625,normal,2.85,1.0,0.0916,0.1037,bull_trend
2024-02-09,487.7765808105469,normal,2.85,1.0,0.0739,0.1039,bull_trend
2024-02-12,487.5624694824219,calm,3.0,1.0,0.0582,0.1021,bull_trend
2024-02-13,480.8472595214844,normal,2.85,1.0,0.1359,0.1035,bull_trend
2024-02-14,485.217041015625,normal,2.85,1.0,0.1388,0.1043,bull_trend
2024-02-15,488.56488037109375,normal,2.85,1.0,0.1468,0.0987,bull_trend
2024-02-16,486.1318664550781,normal,2.85,1.0,0.147,0.0996,bull_trend
2024-02-20,483.4554443359375,normal,2.85,1.0,0.1509,0.1007,bull_trend
2024-02-21,483.8934326171875,normal,2.85,1.0,0.1059,0.1007,bull_trend
2024-02-22,493.9078674316406,stress,2.7,1.0,0.1715,0.107,bull_trend
2024-02-23,494.24847412109375,stress,2.7,1.0,0.1696,0.1067,bull_trend
2024-02-26,492.4382629394531,stress,2.7,1.0,0.1663,0.1072,bull_trend
2024-02-27,493.35308837890625,normal,2.85,1.0,0.1511,0.1072,bull_trend
2024-02-28,492.7010803222656,normal,2.85,1.0,0.1549,0.1072,bull_trend
2024-02-29,494.4723205566406,calm,3.0,1.0,0.0447,0.1072,bull_trend
2024-03-01,499.11456298828125,normal,2.85,1.0,0.0795,0.1081,bull_trend
2024-03-04,498.5792236328125,calm,3.0,1.0,0.0694,0.1082,bull_trend
2024-03-05,493.59637451171875,normal,2.85,1.0,0.1133,0.1105,bull_trend
2024-03-06,496.09759521484375,normal,2.85,1.0,0.1172,0.1098,bull_trend
2024-03-07,501.0220642089844,normal,2.85,1.0,0.1323,0.1109,bull_trend
2024-03-08,498.0147705078125,normal,2.85,1.0,0.1281,0.1114,bull_trend
2024-03-11,497.58660888671875,normal,2.85,1.0,0.128,0.1109,bull_trend
2024-03-12,502.9393615722656,normal,2.85,1.0,0.1137,0.1123,bull_trend
2024-03-13,502.1510009765625,normal,2.85,1.0,0.1186,0.1124,bull_trend
2024-03-14,501.1583251953125,normal,2.85,1.0,0.1,0.1125,bull_trend
2024-03-15,497.71710205078125,normal,2.85,1.0,0.1035,0.1111,bull_trend
2024-03-18,500.6750793457031,normal,2.85,1.0,0.1113,0.1114,bull_trend
2024-03-19,503.4573669433594,normal,2.85,1.0,0.0868,0.1115,bull_trend
2024-03-20,508.1139831542969,normal,2.85,1.0,0.1048,0.1123,bull_trend
2024-03-21,509.79315185546875,normal,2.85,1.0,0.0975,0.112,bull_trend
2024-03-22,508.82672119140625,calm,3.0,1.0,0.0655,0.1078,bull_trend
2024-03-25,507.4209289550781,normal,2.85,1.0,0.0803,0.107,bull_trend
2024-03-26,506.48370361328125,normal,2.85,1.0,0.0809,0.1072,bull_trend
2024-03-27,510.7400817871094,normal,2.85,1.0,0.0756,0.1079,bull_trend
2024-03-28,510.6424560546875,calm,3.0,1.0,0.0731,0.108,bull_trend
2024-04-01,509.7540588378906,calm,3.0,1.0,0.0728,0.1082,bull_trend
2024-04-02,506.5130615234375,normal,2.85,1.0,0.0858,0.109,bull_trend
2024-04-03,507.0693664550781,normal,2.85,1.0,0.0851,0.108,bull_trend
2024-04-04,500.880126953125,normal,2.85,1.0,0.0864,0.1098,bull_trend
2024-04-05,506.1127624511719,normal,2.85,1.0,0.1346,0.1108,bull_trend
2024-04-08,506.39581298828125,normal,2.85,1.0,0.1356,0.1108,bull_trend
2024-04-09,506.9815673828125,normal,2.85,1.0,0.1282,0.1078,bull_trend
2024-04-10,501.90509033203125,normal,2.85,1.0,0.1463,0.1101,bull_trend
2024-04-11,505.6929931640625,normal,2.85,1.0,0.1253,0.1105,bull_trend
2024-04-12,498.7128601074219,normal,2.85,1.0,0.1391,0.1146,bull_trend
2024-04-15,492.4648742675781,normal,2.3,1.0,0.1492,0.1178,bull_trend
2024-04-16,491.5667724609375,normal,2.3,1.0,0.1421,0.1176,bull_trend
2024-04-17,488.65753173828125,normal,2.3,1.0,0.1379,0.1176,bull_trend
2024-04-18,487.6520080566406,normal,2.3,1.0,0.0901,0.1167,bull_trend
2024-04-19,483.3956604003906,calm,2.45,1.0,0.0722,0.1158,bull_trend
2024-04-22,487.8472595214844,normal,2.3,1.0,0.1083,0.1171,bull_trend
2024-04-23,493.6363830566406,normal,2.3,1.0,0.1458,0.1191,bull_trend
2024-04-24,493.402099609375,normal,2.3,1.0,0.1345,0.1191,bull_trend
2024-04-25,491.5276794433594,normal,2.3,1.0,0.1383,0.1191,bull_trend
2024-04-26,496.18438720703125,normal,2.3,1.0,0.11,0.1203,bull_trend
2024-04-29,497.9416198730469,normal,2.3,1.0,0.1043,0.1196,bull_trend
2024-04-30,490.0535583496094,normal,2.3,1.0,0.1501,0.1241,bull_trend
2024-05-01,488.4623107910156,normal,2.3,1.0,0.1503,0.1196,bull_trend
2024-05-02,493.0311279296875,extreme_stress,2.0,1.0,0.1682,0.1182,bull_trend
2024-05-03,499.14239501953125,extreme_stress,2.55,1.0,0.1788,0.1189,bull_trend
2024-05-06,504.29693603515625,extreme_stress,2.55,1.0,0.1904,0.1201,bull_trend
2024-05-07,504.8534851074219,normal,2.85,1.0,0.1066,0.1201,bull_trend
2024-05-08,504.90216064453125,normal,2.85,1.0,0.0896,0.1191,bull_trend
2024-05-09,507.8113708496094,normal,2.85,1.0,0.0864,0.1195,bull_trend
2024-05-10,508.4655456542969,calm,3.0,1.0,0.0681,0.1191,bull_trend
2024-05-13,508.5337829589844,calm,3.0,1.0,0.0373,0.1191,bull_trend
2024-05-14,510.8670349121094,calm,3.0,1.0,0.0418,0.1156,bull_trend
2024-05-15,517.193115234375,calm,3.0,1.0,0.0764,0.1167,bull_trend
2024-05-16,516.1290283203125,normal,2.85,1.0,0.0894,0.1163,bull_trend
2024-05-17,516.870849609375,normal,2.85,1.0,0.0892,0.1157,bull_trend
2024-05-20,517.4664306640625,normal,2.85,1.0,0.0872,0.1149,bull_trend
2024-05-21,518.7355346679688,normal,2.85,1.0,0.0869,0.115,bull_trend
2024-05-22,517.2418823242188,calm,3.0,1.0,0.0372,0.1081,bull_trend
2024-05-23,513.4638061523438,calm,3.0,1.0,0.0644,0.1093,bull_trend
2024-05-24,516.8612670898438,normal,2.85,1.0,0.0843,0.1096,bull_trend
2024-05-28,517.2223510742188,normal,2.85,1.0,0.084,0.1096,bull_trend
2024-05-29,513.6005249023438,normal,2.85,1.0,0.0924,0.1106,bull_trend
2024-05-30,510.1934509277344,normal,2.85,1.0,0.0983,0.1114,bull_trend
2024-05-31,514.8402709960938,normal,2.85,1.0,0.1174,0.1113,bull_trend
2024-06-03,515.2601928710938,normal,2.85,1.0,0.1051,0.1113,bull_trend
2024-06-04,515.836181640625,normal,2.85,1.0,0.1055,0.1092,bull_trend
2024-06-05,521.9668579101562,normal,2.85,1.0,0.1169,0.1111,bull_trend
2024-06-06,521.9571533203125,normal,2.85,1.0,0.0874,0.1096,bull_trend
2024-06-07,521.3226318359375,normal,2.85,1.0,0.0844,0.1088,bull_trend
2024-06-10,522.9334106445312,normal,2.85,1.0,0.083,0.1089,bull_trend
2024-06-11,524.1928100585938,normal,2.85,1.0,0.0817,0.107,bull_trend
2024-06-12,528.4979858398438,calm,3.0,1.0,0.0579,0.108,bull_trend
2024-06-13,529.5620727539062,calm,3.0,1.0,0.054,0.1078,bull_trend
2024-06-14,529.88427734375,calm,3.0,1.0,0.0462,0.1067,bull_trend
2024-06-17,534.1016235351562,calm,2.45,1.0,0.0567,0.1071,bull_trend
2024-06-18,535.4586181640625,calm,2.45,1.0,0.0565,0.1068,bull_trend
2024-06-20,534.0038452148438,calm,3.0,1.0,0.0615,0.1057,bull_trend
2024-06-21,533.2880249023438,calm,3.0,1.0,0.0661,0.1057,bull_trend
2024-06-24,531.5545654296875,normal,2.85,1.0,0.0742,0.1059,bull_trend
2024-06-25,533.6015625,calm,3.0,1.0,0.0507,0.1058,bull_trend
2024-06-26,534.2674560546875,calm,3.0,1.0,0.0471,0.1057,bull_trend
2024-06-27,535.109619140625,calm,3.0,1.0,0.0437,0.1046,bull_trend
2024-06-28,533.0039672851562,calm,3.0,1.0,0.0532,0.105,bull_trend
2024-07-01,534.1009521484375,calm,3.0,1.0,0.0463,0.1049,bull_trend
2024-07-02,537.6952514648438,calm,3.0,1.0,0.0601,0.1045,bull_trend
2024-07-03,540.0948486328125,calm,3.0,1.0,0.0633,0.1048,bull_trend
2024-07-05,543.209228515625,calm,2.45,1.0,0.0677,0.1017,bull_trend
2024-07-08,543.836181640625,calm,2.45,1.0,0.0378,0.0999,bull_trend
2024-07-09,544.3649291992188,calm,2.45,1.0,0.0419,0.0999,bull_trend
2024-07-10,549.7516479492188,calm,2.45,1.0,0.0585,0.1015,bull_trend
2024-07-11,545.0112915039062,normal,2.85,1.0,0.1097,0.1009,bull_trend
2024-07-12,548.4490966796875,normal,2.85,1.0,0.111,0.1006,bull_trend
2024-07-15,549.957275390625,normal,2.85,1.0,0.1108,0.0958,bull_trend
2024-07-16,553.2186889648438,normal,2.3,1.0,0.1128,0.0918,bull_trend
2024-07-17,545.4619140625,stress,2.7,1.0,0.1467,0.0969,bull_trend
2024-07-18,541.2700805664062,normal,2.85,1.0,0.144,0.0975,bull_trend
2024-07-19,537.6755981445312,normal,2.85,1.0,0.1292,0.0986,bull_trend
2024-07-22,543.2191162109375,extreme_stress,2.55,1.0,0.1611,0.0979,bull_trend
2024-07-23,542.3670043945312,normal,2.85,1.0,0.1445,0.097,bull_trend
2024-07-24,530.0756225585938,extreme_stress,2.55,1.0,0.1888,0.1064,bull_trend
2024-07-25,527.313720703125,extreme_stress,2.0,1.0,0.188,0.1071,bull_trend
2024-07-26,533.219482421875,extreme_stress,2.55,1.0,0.2192,0.1085,bull_trend
2024-07-29,533.5328369140625,extreme_stress,2.55,1.0,0.1955,0.1073,bull_trend
2024-07-30,530.8297119140625,extreme_stress,2.0,1.0,0.1949,0.1079,bull_trend
2024-07-31,539.4581909179688,normal,2.85,1.0,0.1547,0.1066,bull_trend
2024-08-01,531.8189086914062,extreme_stress,2.55,1.0,0.1945,0.1107,bull_trend
2024-08-02,521.9173583984375,extreme_stress,2.0,1.0,0.2173,0.1165,bull_trend
2024-08-05,506.7171936035156,extreme_stress,1.45,1.0,0.2716,0.1288,bull_trend
2024-08-06,511.38885498046875,extreme_stress,1.45,1.0,0.3053,0.1285,bull_trend
2024-08-07,507.97076416015625,extreme_stress,1.45,0.0,0.2273,0.1292,bear_trend
2024-08-08,519.7136840820312,extreme_stress,1.45,0.0,0.3331,0.1372,bear_trend
2024-08-09,522.00537109375,extreme_stress,1.45,0.0,0.3106,0.137,bear_trend
2024-08-12,522.2797241210938,extreme_stress,2.0,0.0,0.1769,0.137,bear_trend
2024-08-13,530.8689575195312,extreme_stress,2.0,0.0,0.1917,0.1407,bear_trend
2024-08-14,532.5436401367188,normal,2.85,0.0,0.1548,0.1405,bear_trend
2024-08-15,541.6715698242188,normal,2.85,0.0,0.1246,0.1424,bear_trend
2024-08-16,542.885986328125,normal,2.85,1.0,0.1298,0.1423,bull_trend
2024-08-19,548.0767822265625,normal,2.85,1.0,0.1121,0.1434,bull_trend
2024-08-20,547.1856079101562,normal,2.85,1.0,0.117,0.1435,bull_trend
2024-08-21,549.06591796875,normal,2.85,1.0,0.1165,0.1436,bull_trend
2024-08-22,544.7567138671875,normal,2.85,1.0,0.1022,0.1444,bull_trend
2024-08-23,550.5448608398438,normal,2.85,1.0,0.123,0.1448,bull_trend
2024-08-26,549.2325439453125,normal,2.85,1.0,0.1105,0.1445,bull_trend
2024-08-27,549.986572265625,normal,2.85,1.0,0.109,0.1445,bull_trend
2024-08-28,546.7938232421875,normal,2.85,1.0,0.1157,0.1443,bull_trend
2024-08-29,546.8428344726562,calm,3.0,1.0,0.0976,0.1434,bull_trend
2024-08-30,552.0629272460938,calm,3.0,1.0,0.0908,0.1435,bull_trend
2024-09-03,540.7020874023438,extreme_stress,2.55,1.0,0.178,0.15,bull_trend
2024-09-04,539.5952758789062,extreme_stress,2.55,1.0,0.1742,0.1501,bull_trend
2024-09-05,538.282958984375,normal,2.85,1.0,0.1734,0.1485,bull_trend
2024-09-06,529.2235717773438,extreme_stress,2.0,1.0,0.1942,0.1525,bull_trend
2024-09-09,535.1488647460938,extreme_stress,2.0,1.0,0.203,0.154,bull_trend
2024-09-10,537.4797973632812,normal,2.3,1.0,0.1648,0.1541,bull_trend
2024-09-11,542.9937133789062,extreme_stress,2.55,1.0,0.1828,0.1553,bull_trend
2024-09-12,547.5675659179688,extreme_stress,2.55,1.0,0.185,0.1554,bull_trend
2024-09-13,550.4273071289062,calm,3.0,1.0,0.0479,0.1556,bull_trend
2024-09-16,551.240234375,calm,3.0,1.0,0.0549,0.1556,bull_trend
2024-09-17,551.465576171875,calm,3.0,1.0,0.0677,0.1549,bull_trend
2024-09-18,549.8300170898438,calm,3.0,1.0,0.07,0.155,bull_trend
2024-09-19,559.2125244140625,normal,2.85,1.0,0.1229,0.1584,bull_trend
2024-09-20,558.2459106445312,normal,2.85,1.0,0.1291,0.1584,bull_trend
2024-09-23,559.640869140625,normal,2.85,1.0,0.1286,0.1582,bull_trend
2024-09-24,561.2421875,normal,2.85,1.0,0.1266,0.1582,bull_trend
2024-09-25,560.0042724609375,normal,2.85,1.0,0.1243,0.1583,bull_trend
2024-09-26,562.2245483398438,calm,3.0,1.0,0.045,0.1584,bull_trend
2024-09-27,561.4091186523438,calm,3.0,1.0,0.044,0.1582,bull_trend
2024-09-30,563.6588745117188,calm,3.0,1.0,0.048,0.1583,bull_trend
2024-10-01,558.6093139648438,calm,3.0,1.0,0.085,0.159,bull_trend
2024-10-02,558.8451538085938,calm,3.0,1.0,0.0846,0.1588,bull_trend
2024-10-03,557.8233642578125,calm,3.0,1.0,0.0752,0.1586,bull_trend
2024-10-04,562.892578125,calm,3.0,1.0,0.1068,0.1595,bull_trend
2024-10-07,557.8037109375,normal,2.85,1.0,0.1195,0.1607,bull_trend
2024-10-08,563.0791625976562,normal,2.85,1.0,0.124,0.1606,bull_trend
2024-10-09,566.9793701171875,normal,2.85,1.0,0.1286,0.16,bull_trend
2024-10-10,565.9871215820312,normal,2.85,1.0,0.1284,0.1597,bull_trend
2024-10-11,569.3763427734375,normal,2.85,1.0,0.1207,0.16,bull_trend
2024-10-14,574.032958984375,calm,3.0,1.0,0.0698,0.1603,bull_trend
2024-10-15,569.5728759765625,calm,3.0,1.0,0.1086,0.1585,bull_trend
2024-10-16,572.0484008789062,calm,3.0,1.0,0.1032,0.1577,bull_trend
2024-10-17,572.09765625,calm,3.0,1.0,0.0999,0.157,bull_trend
2024-10-18,574.298095703125,calm,3.0,1.0,0.0959,0.156,bull_trend
2024-10-21,573.3550415039062,calm,3.0,1.0,0.078,0.156,bull_trend
2024-10-22,573.050537109375,calm,3.0,1.0,0.0429,0.1485,bull_trend
2024-10-23,567.8143310546875,calm,3.0,1.0,0.0755,0.1494,bull_trend
2024-10-24,569.0424194335938,calm,3.0,1.0,0.0795,0.148,bull_trend
2024-10-25,568.8457641601562,calm,3.0,1.0,0.0679,0.148,bull_trend
2024-10-28,570.6043090820312,calm,3.0,1.0,0.0768,0.1475,bull_trend
2024-10-29,571.52783203125,calm,3.0,1.0,0.079,0.1443,bull_trend
2024-10-30,569.7987670898438,calm,3.0,1.0,0.0386,0.1413,bull_trend
2024-10-31,558.6290283203125,normal,2.85,1.0,0.1461,0.1418,bull_trend
2024-11-01,560.9866943359375,normal,2.85,1.0,0.1559,0.128,bull_trend
2024-11-04,559.7783203125,normal,2.85,1.0,0.1478,0.1272,bull_trend
2024-11-05,566.547119140625,extreme_stress,2.55,1.0,0.1858,0.1279,bull_trend
2024-11-06,580.6345825195312,extreme_stress,2.55,1.0,0.2627,0.1291,bull_trend
2024-11-07,585.1241455078125,normal,2.85,1.0,0.1606,0.1296,bull_trend
2024-11-08,587.6587524414062,normal,2.85,1.0,0.1604,0.1296,bull_trend
2024-11-11,588.2186889648438,normal,2.85,1.0,0.1473,0.1262,bull_trend
2024-11-12,586.3914794921875,normal,2.85,1.0,0.1713,0.1265,bull_trend
2024-11-13,586.6763305664062,calm,3.0,1.0,0.0653,0.1225,bull_trend
2024-11-14,582.9039306640625,calm,3.0,1.0,0.0655,0.1235,bull_trend
2024-11-15,575.437744140625,normal,2.85,1.0,0.0901,0.1254,bull_trend
2024-11-18,577.7954711914062,normal,2.85,1.0,0.1032,0.1255,bull_trend
2024-11-19,579.9076538085938,normal,2.85,1.0,0.1155,0.1255,bull_trend
2024-11-20,580.1040649414062,normal,2.85,1.0,0.1152,0.1242,bull_trend
2024-11-21,583.2183837890625,normal,2.85,1.0,0.1185,0.123,bull_trend
2024-11-22,585.0259399414062,calm,3.0,1.0,0.0295,0.1229,bull_trend
2024-11-25,587.0103759765625,calm,3.0,1.0,0.0288,0.123,bull_trend
2024-11-26,590.075439453125,calm,3.0,1.0,0.0324,0.1224,bull_trend
2024-11-27,588.2874145507812,calm,3.0,1.0,0.0544,0.1227,bull_trend
2024-11-29,591.94189453125,calm,3.0,1.0,0.0571,0.122,bull_trend
2024-12-02,593.0029296875,calm,3.0,1.0,0.0577,0.1137,bull_trend
2024-12-03,593.2780151367188,calm,3.0,1.0,0.0593,0.1135,bull_trend
2024-12-04,596.9619140625,calm,3.0,1.0,0.0628,0.1136,bull_trend
2024-12-05,595.9796142578125,calm,3.0,1.0,0.0557,0.1074,bull_trend
2024-12-06,597.1093139648438,calm,3.0,1.0,0.0457,0.1058,bull_trend
2024-12-09,594.034423828125,calm,3.0,1.0,0.0669,0.1065,bull_trend
2024-12-10,592.1875610351562,calm,3.0,1.0,0.0712,0.1055,bull_trend
2024-12-11,596.7655029296875,normal,2.85,1.0,0.0803,0.1053,bull_trend
2024-12-12,593.690673828125,normal,2.85,1.0,0.0881,0.1058,bull_trend
2024-12-13,593.57275390625,normal,2.85,1.0,0.0853,0.1058,bull_trend
2024-12-16,596.1073608398438,normal,2.85,1.0,0.0839,0.106,bull_trend
2024-12-17,593.6513671875,normal,2.85,1.0,0.087,0.1062,bull_trend
2024-12-18,575.9583740234375,extreme_stress,2.0,1.0,0.2107,0.1185,bull_trend
2024-12-19,575.7815551757812,extreme_stress,2.0,1.0,0.2162,0.1184,bull_trend
2024-12-20,582.697265625,extreme_stress,2.55,1.0,0.2514,0.1206,bull_trend
2024-12-23,586.1866455078125,extreme_stress,2.55,1.0,0.2551,0.121,bull_trend
2024-12-24,592.7020874023438,extreme_stress,2.55,1.0,0.274,0.1226,bull_trend
2024-12-26,592.7415771484375,normal,2.85,1.0,0.0929,0.1224,bull_trend
2024-12-27,586.5020751953125,normal,2.85,1.0,0.1474,0.1245,bull_trend
2024-12-30,579.8091430664062,normal,2.3,1.0,0.1579,0.1266,bull_trend
2024-12-31,577.6997680664062,normal,2.3,1.0,0.1456,0.1254,bull_trend
2025-01-02,576.2803344726562,calm,2.45,1.0,0.0809,0.1256,bull_trend
2025-01-03,583.48583984375,normal,2.85,1.0,0.1523,0.1277,bull_trend
2025-01-06,586.8470458984375,normal,2.85,1.0,0.1461,0.127,bull_trend
2025-01-07,580.2133178710938,normal,2.3,1.0,0.1456,0.1278,bull_trend
2025-01-08,581.0609741210938,normal,2.3,1.0,0.1416,0.1266,bull_trend
2025-01-10,572.189697265625,normal,2.3,1.0,0.185,0.1298,bull_trend
2025-01-13,573.076904296875,normal,2.3,1.0,0.1453,0.1297,bull_trend
2025-01-14,573.8653564453125,normal,2.3,1.0,0.1302,0.1292,bull_trend
2025-01-15,584.3038940429688,extreme_stress,2.0,1.0,0.1878,0.1332,bull_trend
2025-01-16,583.1802368164062,extreme_stress,2.0,1.0,0.1893,0.1323,bull_trend
2025-01-17,589.0353393554688,normal,2.85,1.0,0.1301,0.1335,bull_trend
2025-01-21,594.4270629882812,normal,2.85,1.0,0.1254,0.1346,bull_trend
2025-01-22,597.7686157226562,normal,2.85,1.0,0.1159,0.1348,bull_trend
2025-01-23,601.0313110351562,calm,3.0,1.0,0.0749,0.1351,bull_trend
2025-01-24,599.2767333984375,calm,3.0,1.0,0.0813,0.1352,bull_trend
2025-01-27,590.7997436523438,normal,2.85,1.0,0.1489,0.1371,bull_trend
2025-01-28,595.8760375976562,normal,2.85,1.0,0.1469,0.138,bull_trend
2025-01-29,593.204833984375,normal,2.85,1.0,0.1422,0.1384,bull_trend
2025-01-30,596.3886108398438,normal,2.85,1.0,0.1419,0.1386,bull_trend
2025-01-31,593.2146606445312,normal,2.85,1.0,0.1444,0.1391,bull_trend
2025-02-03,589.2225952148438,normal,2.85,1.0,0.1108,0.1397,bull_trend
2025-02-04,593.17529296875,normal,2.3,1.0,0.1015,0.1341,bull_trend
2025-02-05,595.580322265625,normal,2.3,1.0,0.1006,0.134,bull_trend
2025-02-06,597.650390625,normal,2.3,1.0,0.096,0.134,bull_trend
2025-02-07,592.1798095703125,normal,2.3,1.0,0.1128,0.1336,bull_trend
2025-02-10,596.2012939453125,normal,2.3,1.0,0.1051,0.125,bull_trend
2025-02-11,596.6547241210938,normal,2.3,1.0,0.0978,0.1241,bull_trend
2025-02-12,594.732666015625,normal,2.3,1.0,0.098,0.124,bull_trend
2025-02-13,601.0115966796875,normal,2.3,1.0,0.1244,0.1257,bull_trend
2025-02-14,600.9819946289062,normal,2.3,1.0,0.0886,0.1255,bull_trend
2025-02-18,602.746337890625,calm,2.45,1.0,0.0821,0.1256,bull_trend
2025-02-19,604.165771484375,calm,2.45,1.0,0.0811,0.1249,bull_trend
2025-02-20,601.6522216796875,calm,2.45,1.0,0.0854,0.1223,bull_trend
2025-02-21,591.3615112304688,normal,2.3,1.0,0.1311,0.1272,bull_trend
2025-02-24,588.670654296875,normal,2.3,1.0,0.1281,0.1274,bull_trend
2025-02-25,585.7430419921875,normal,2.3,1.0,0.112,0.1278,bull_trend
2025-02-26,586.0387573242188,normal,2.3,1.0,0.1041,0.1274,bull_trend
2025-02-27,576.6844482421875,normal,2.3,1.0,0.1227,0.1312,bull_trend
2025-02-28,585.6838989257812,normal,2.3,1.0,0.1821,0.1348,bull_trend
2025-03-03,575.4227905273438,extreme_stress,2.0,1.0,0.2145,0.1388,bull_trend
2025-03-04,568.611572265625,extreme_stress,2.0,1.0,0.221,0.1406,bull_trend
2025-03-05,574.7229614257812,extreme_stress,2.0,0.5,0.2496,0.1418,sideways
2025-03-06,564.5209350585938,extreme_stress,2.0,0.5,0.2554,0.1459,sideways
2025-03-07,567.68505859375,extreme_stress,2.0,0.5,0.213,0.1464,sideways
2025-03-10,552.5643920898438,extreme_stress,2.0,0.5,0.2502,0.1546,sideways
2025-03-11,547.9710083007812,extreme_stress,2.0,0.5,0.248,0.1553,sideways
2025-03-12,550.8787841796875,extreme_stress,2.0,0.5,0.2251,0.1557,sideways
2025-03-13,543.5353393554688,extreme_stress,2.0,0.5,0.2154,0.1574,sideways
2025-03-14,554.762451171875,extreme_stress,2.0,0.5,0.2874,0.1634,sideways
2025-03-17,559.0404052734375,extreme_stress,2.0,0.5,0.2148,0.1634,sideways
2025-03-18,552.9981079101562,extreme_stress,2.0,0.5,0.2232,0.1644,sideways
2025-03-19,559.0206909179688,extreme_stress,2.0,0.5,0.2319,0.1661,sideways
2025-03-20,557.4041137695312,normal,2.3,0.5,0.1943,0.1658,sideways
2025-03-21,557.5879516601562,normal,2.3,0.5,0.137,0.1657,sideways
2025-03-24,567.5736083984375,normal,2.3,1.0,0.1805,0.1593,bull_trend
2025-03-25,568.93798828125,normal,2.3,1.0,0.1351,0.1594,bull_trend
2025-03-26,562.1458740234375,normal,2.3,1.0,0.1722,0.1591,bull_trend
2025-03-27,560.6528930664062,normal,2.3,1.0,0.1719,0.1586,bull_trend
2025-03-28,549.3623657226562,extreme_stress,2.0,1.0,0.23,0.1615,bull_trend
2025-03-31,553.050048828125,normal,2.3,1.0,0.1729,0.1623,bull_trend
2025-04-01,554.6121215820312,normal,2.3,1.0,0.1741,0.1613,bull_trend
2025-04-02,558.1219482421875,normal,2.3,1.0,0.1768,0.1605,bull_trend
2025-04-03,530.6172485351562,extreme_stress,1.1,1.0,0.3851,0.1877,bull_trend
2025-04-04,499.5533447265625,extreme_stress,0.55,1.0,0.5179,0.2199,bull_trend
2025-04-07,498.6635437011719,extreme_stress,1.45,0.0,0.495,0.2178,bear_trend
2025-04-08,490.8531188964844,extreme_stress,1.45,0.0,0.457,0.2188,bear_trend
2025-04-09,542.4021606445312,extreme_stress,0.55,0.0,1.0365,0.3064,bear_trend
2025-04-10,518.6345825195312,extreme_stress,0.55,0.0,1.0221,0.3182,bear_trend
2025-04-11,527.8885498046875,extreme_stress,1.45,0.0,0.8965,0.3193,bear_trend
2025-04-14,533.0098266601562,extreme_stress,1.45,0.0,0.8888,0.32,bear_trend
2025-04-15,531.5169677734375,extreme_stress,1.45,0.0,0.8656,0.32,bear_trend
2025-04-16,519.7023315429688,extreme_stress,1.45,0.0,0.3963,0.3203,bear_trend
2025-04-17,520.44384765625,extreme_stress,1.45,0.0,0.2399,0.3204,bear_trend
2025-04-21,508.05584716796875,extreme_stress,1.45,0.0,0.2355,0.3225,bear_trend
2025-04-22,521.2742919921875,extreme_stress,1.45,0.0,0.323,0.3266,bear_trend
2025-04-23,529.3517456054688,extreme_stress,1.45,0.0,0.353,0.3282,bear_trend
2025-04-24,540.4940185546875,extreme_stress,1.45,0.0,0.3181,0.331,bear_trend
2025-04-25,544.3992919921875,extreme_stress,1.45,0.0,0.3131,0.3315,bear_trend
2025-04-28,544.6068725585938,calm,1.9,0.0,0.1642,0.3304,bear_trend
2025-04-29,548.03759765625,calm,1.9,0.0,0.1295,0.3302,bear_trend
2025-04-30,548.2550048828125,calm,1.9,0.5,0.1341,0.3301,sideways
2025-05-01,552.1404418945312,calm,1.9,0.5,0.0566,0.3303,sideways
2025-05-02,560.3364868164062,calm,1.9,0.5,0.0947,0.3317,sideways
2025-05-05,557.1234130859375,calm,1.9,0.5,0.1226,0.3316,sideways
2025-05-06,552.466796875,calm,1.9,0.5,0.1506,0.3316,sideways
2025-05-07,554.7901611328125,calm,1.9,0.5,0.151,0.3316,sideways
2025-05-08,558.6558227539062,calm,1.9,0.5,0.1508,0.3319,sideways
2025-05-09,557.9439697265625,calm,2.45,0.5,0.1026,0.3315,sideways
2025-05-12,576.3826293945312,extreme_stress,2.0,0.5,0.2498,0.338,sideways
2025-05-13,580.18896484375,calm,2.45,0.5,0.2119,0.3383,sideways
2025-05-14,580.9304809570312,calm,2.45,0.5,0.2178,0.3382,sideways
2025-05-15,583.7679443359375,calm,2.45,1.0,0.2197,0.3377,bull_trend
2025-05-16,587.465576171875,calm,2.45,1.0,0.2035,0.3379,bull_trend
2025-05-19,588.108154296875,calm,2.45,1.0,0.0426,0.3379,bull_trend
2025-05-20,586.1307983398438,calm,2.45,1.0,0.06,0.3379,bull_trend
2025-05-21,576.2540893554688,calm,2.45,1.0,0.1481,0.3394,bull_trend
2025-05-22,576.4815063476562,calm,2.45,1.0,0.1388,0.3378,bull_trend
2025-05-23,572.5465087890625,calm,2.45,1.0,0.1157,0.3379,bull_trend
2025-05-27,584.4501342773438,calm,2.45,1.0,0.2199,0.3404,bull_trend
2025-05-28,581.0689086914062,calm,2.45,1.0,0.2221,0.3406,bull_trend
2025-05-29,583.3626098632812,calm,2.45,1.0,0.1769,0.3391,bull_trend
2025-05-30,582.7101440429688,calm,2.45,1.0,0.1784,0.3377,bull_trend
2025-06-02,585.992431640625,calm,2.45,1.0,0.1596,0.3359,bull_trend
2025-06-03,589.3341674804688,calm,2.45,1.0,0.0796,0.3351,bull_trend
2025-06-04,589.1759643554688,calm,2.45,1.0,0.0518,0.3345,bull_trend
2025-06-05,586.3285522460938,calm,2.45,1.0,0.0726,0.3326,bull_trend
2025-06-06,592.3495483398438,calm,2.45,1.0,0.0935,0.333,bull_trend
2025-06-09,592.8834228515625,calm,2.45,1.0,0.0921,0.3283,bull_trend
2025-06-10,596.2449340820312,calm,2.45,1.0,0.092,0.3278,bull_trend
2025-06-11,594.5443725585938,calm,2.45,1.0,0.0982,0.3279,bull_trend
2025-06-12,596.9073486328125,calm,2.45,1.0,0.0785,0.3265,bull_trend
2025-06-13,590.2338256835938,calm,2.45,1.0,0.1063,0.3252,bull_trend
2025-06-16,595.8494262695312,calm,2.45,1.0,0.1295,0.3254,bull_trend
2025-06-17,590.7578735351562,calm,2.45,1.0,0.1365,0.3251,bull_trend
2025-06-18,590.6688232421875,calm,2.45,1.0,0.1366,0.3245,bull_trend
2025-06-20,589.2816162109375,calm,2.45,1.0,0.1284,0.3245,bull_trend
2025-06-23,595.1022338867188,calm,2.45,1.0,0.1262,0.3249,bull_trend
2025-06-24,601.676513671875,calm,2.45,1.0,0.1325,0.3238,bull_trend
2025-06-25,602.0136108398438,calm,2.45,1.0,0.0983,0.3238,bull_trend
2025-06-26,606.7236328125,calm,2.45,1.0,0.0943,0.323,bull_trend
2025-06-27,609.7380981445312,calm,3.0,1.0,0.0668,0.3229,bull_trend
2025-06-30,612.6533813476562,calm,3.0,1.0,0.0619,0.32,bull_trend
2025-07-01,612.455078125,calm,3.0,1.0,0.0537,0.3198,bull_trend
2025-07-02,615.2315063476562,calm,3.0,1.0,0.0466,0.3199,bull_trend
2025-07-03,620.0803833007812,calm,2.45,1.0,0.0469,0.32,bull_trend
2025-07-07,615.4595336914062,calm,3.0,1.0,0.0951,0.3033,bull_trend
2025-07-08,615.1224365234375,calm,3.0,1.0,0.0923,0.2769,bull_trend
2025-07-09,618.8110961914062,calm,3.0,1.0,0.0981,0.2767,bull_trend
2025-07-10,620.5563354492188,calm,3.0,1.0,0.0961,0.274,bull_trend
2025-07-11,618.3748168945312,calm,3.0,1.0,0.0835,0.1815,bull_trend
2025-07-14,619.5548095703125,calm,3.0,1.0,0.0569,0.1556,bull_trend
2025-07-15,616.9072875976562,calm,3.0,1.0,0.0694,0.1532,bull_trend
2025-07-16,618.9697265625,calm,3.0,1.0,0.058,0.1525,bull_trend
2025-07-17,622.7576293945312,calm,3.0,1.0,0.0711,0.1523,bull_trend
2025-07-18,622.3014526367188,calm,3.0,1.0,0.063,0.1439,bull_trend
2025-07-21,623.4815063476562,calm,3.0,1.0,0.063,0.1439,bull_trend
2025-07-22,623.5707397460938,calm,3.0,1.0,0.0432,0.1334,bull_trend
2025-07-23,628.8757934570312,calm,3.0,1.0,0.0631,0.1257,bull_trend
2025-07-24,629.0839233398438,calm,3.0,1.0,0.0594,0.1232,bull_trend
2025-07-25,631.7413940429688,calm,2.45,1.0,0.0552,0.1175,bull_trend
2025-07-28,631.5828247070312,calm,2.45,1.0,0.0598,0.1172,bull_trend
2025-07-29,629.9169311523438,calm,3.0,1.0,0.0695,0.1176,bull_trend
2025-07-30,629.1236572265625,calm,3.0,1.0,0.0409,0.1175,bull_trend
2025-07-31,626.763671875,calm,3.0,1.0,0.0488,0.1181,bull_trend
2025-08-01,616.4907836914062,normal,2.85,1.0,0.1045,0.1233,bull_trend
2025-08-04,625.8612670898438,normal,2.85,1.0,0.1787,0.1235,bull_trend
2025-08-05,622.688232421875,normal,2.85,1.0,0.1802,0.1233,bull_trend
2025-08-06,627.457763671875,stress,2.7,1.0,0.1939,0.1221,bull_trend
2025-08-07,626.9321899414062,stress,2.7,1.0,0.1919,0.1222,bull_trend
2025-08-08,631.82080078125,normal,2.85,1.0,0.1266,0.1223,bull_trend
2025-08-11,630.5713500976562,normal,2.85,1.0,0.0934,0.1224,bull_trend
2025-08-12,637.284423828125,normal,2.85,1.0,0.0901,0.1065,bull_trend
2025-08-13,639.4658813476562,normal,2.85,1.0,0.0862,0.106,bull_trend
2025-08-14,639.5254516601562,normal,2.85,1.0,0.0832,0.1061,bull_trend
2025-08-15,638.0281372070312,normal,2.85,1.0,0.0851,0.1061,bull_trend
2025-08-18,637.8892822265625,normal,2.85,1.0,0.0808,0.1057,bull_trend
2025-08-19,634.4286499023438,calm,3.0,1.0,0.0519,0.1066,bull_trend
2025-08-20,632.7429809570312,calm,3.0,1.0,0.0353,0.1065,bull_trend
2025-08-21,630.2044677734375,calm,3.0,1.0,0.0309,0.1005,bull_trend
2025-08-22,639.88232421875,normal,2.85,1.0,0.1344,0.1043,bull_trend
2025-08-25,637.0662841796875,normal,2.85,1.0,0.1392,0.1036,bull_trend
2025-08-26,639.7335815429688,normal,2.85,1.0,0.1332,0.0962,bull_trend
2025-08-27,641.1912841796875,normal,2.85,1.0,0.1275,0.0951,bull_trend
2025-08-28,643.4619750976562,normal,2.85,1.0,0.113,0.0951,bull_trend
2025-08-29,639.6245727539062,normal,2.85,1.0,0.0754,0.0961,bull_trend
2025-09-02,634.884765625,normal,2.85,1.0,0.0882,0.0974,bull_trend
2025-09-03,638.3255615234375,normal,2.85,1.0,0.0928,0.0973,bull_trend
2025-09-04,643.6602783203125,normal,2.85,1.0,0.112,0.0983,bull_trend
2025-09-05,641.796142578125,normal,2.85,1.0,0.1114,0.0978,bull_trend
2025-09-08,643.3727416992188,normal,2.85,1.0,0.1009,0.0962,bull_trend
2025-09-09,644.8601684570312,calm,3.0,1.0,0.0664,0.0962,bull_trend
2025-09-10,646.724365234375,calm,3.0,1.0,0.0633,0.0959,bull_trend
2025-09-11,652.0988159179688,calm,3.0,1.0,0.063,0.0965,bull_trend
2025-09-12,651.8805541992188,calm,3.0,1.0,0.0502,0.0965,bull_trend
2025-09-15,655.3511352539062,calm,3.0,1.0,0.0519,0.0933,bull_trend
2025-09-16,654.4488525390625,calm,3.0,1.0,0.0634,0.0921,bull_trend
2025-09-17,653.6356811523438,normal,2.85,1.0,0.0702,0.09,bull_trend
2025-09-18,656.6898803710938,calm,3.0,1.0,0.0525,0.0901,bull_trend
2025-09-19,659.9423217773438,calm,3.0,1.0,0.0548,0.09,bull_trend
2025-09-22,663.0645751953125,calm,3.0,1.0,0.053,0.0887,bull_trend
2025-09-23,659.4551391601562,normal,2.85,1.0,0.0745,0.0878,bull_trend
2025-09-24,657.3569946289062,normal,2.85,1.0,0.0801,0.0882,bull_trend
2025-09-25,654.3242797851562,normal,2.85,1.0,0.0815,0.0881,bull_trend
2025-09-26,658.072998046875,normal,2.85,1.0,0.085,0.0882,bull_trend
2025-09-29,659.9224243164062,normal,2.85,1.0,0.0783,0.088,bull_trend
2025-09-30,662.4082641601562,normal,2.85,1.0,0.072,0.0881,bull_trend
2025-10-01,664.6654052734375,normal,2.85,1.0,0.0631,0.0879,bull_trend
2025-10-02,665.4309692382812,calm,3.0,1.0,0.0263,0.0869,bull_trend
2025-10-03,665.421142578125,calm,3.0,1.0,0.0255,0.0852,bull_trend
2025-10-06,667.8074951171875,calm,3.0,1.0,0.0271,0.0852,bull_trend
2025-10-07,665.3316040039062,calm,3.0,1.0,0.0474,0.0853,bull_trend
2025-10-08,669.2990112304688,calm,3.0,1.0,0.0582,0.0857,bull_trend
2025-10-09,667.3600463867188,normal,2.85,1.0,0.0659,0.0856,bull_trend
2025-10-10,649.32275390625,stress,2.7,1.0,0.2077,0.1026,bull_trend
2025-10-13,659.2860107421875,extreme_stress,2.55,1.0,0.2502,0.1061,bull_trend
2025-10-14,658.4805908203125,extreme_stress,2.55,1.0,0.25,0.1061,bull_trend
2025-10-15,661.4039306640625,stress,2.7,1.0,0.2472,0.1058,bull_trend
2025-10-16,656.8995971679688,extreme_stress,2.55,1.0,0.2493,0.1069,bull_trend
2025-10-17,660.62841796875,normal,2.85,1.0,0.1315,0.1073,bull_trend
2025-10-20,667.499267578125,normal,2.85,1.0,0.1055,0.1089,bull_trend
2025-10-21,667.4893188476562,normal,2.85,1.0,0.1032,0.1079,bull_trend
2025-10-22,664.0191040039062,normal,2.85,1.0,0.1152,0.1086,bull_trend
2025-10-23,667.9566650390625,normal,2.85,1.0,0.096,0.1089,bull_trend
2025-10-24,673.4155883789062,normal,2.85,1.0,0.1013,0.1098,bull_trend
2025-10-27,681.3603515625,normal,2.85,1.0,0.1073,0.1116,bull_trend
2025-10-28,683.1700439453125,normal,2.85,1.0,0.1023,0.1115,bull_trend
2025-10-29,683.4982299804688,calm,3.0,1.0,0.0709,0.1111,bull_trend
2025-10-30,675.9810180664062,normal,2.85,1.0,0.1386,0.1081,bull_trend
2025-10-31,678.1983032226562,normal,2.85,1.0,0.1299,0.1045,bull_trend
2025-11-03,679.4711303710938,normal,2.85,1.0,0.0943,0.1037,bull_trend
2025-11-04,671.4169921875,normal,2.85,1.0,0.1168,0.1062,bull_trend
2025-11-05,673.7437133789062,normal,2.3,1.0,0.1248,0.1062,bull_trend
2025-11-06,666.514892578125,normal,2.85,1.0,0.1237,0.108,bull_trend
2025-11-07,667.1710815429688,normal,2.85,1.0,0.1175,0.1078,bull_trend
2025-11-10,677.5818481445312,stress,2.7,1.0,0.1794,0.1101,bull_trend
2025-11-11,679.1329956054688,normal,2.3,1.0,0.1485,0.11,bull_trend
2025-11-12,679.5109252929688,normal,2.3,1.0,0.1485,0.11,bull_trend
2025-11-13,668.235107421875,stress,2.15,1.0,0.1817,0.1153,bull_trend
2025-11-14,668.1256713867188,stress,2.7,1.0,0.1817,0.1153,bull_trend
2025-11-17,661.901123046875,normal,2.3,1.0,0.1279,0.1164,bull_trend
2025-11-18,656.3427734375,normal,2.3,1.0,0.1131,0.1176,bull_trend
2025-11-19,658.8783569335938,normal,2.3,1.0,0.128,0.1174,bull_trend
2025-11-20,648.8355712890625,normal,2.3,1.0,0.1213,0.1179,bull_trend
2025-11-21,655.2987670898438,normal,2.3,1.0,0.1647,0.1191,bull_trend
2025-11-24,664.9437866210938,stress,2.15,1.0,0.199,0.1222,bull_trend
2025-11-25,671.1982421875,stress,2.7,1.0,0.1859,0.1235,bull_trend
2025-11-26,675.8318481445312,stress,2.7,1.0,0.1864,0.1239,bull_trend
2025-11-28,679.5208129882812,calm,3.0,1.0,0.0563,0.1235,bull_trend
2025-12-01,676.41845703125,normal,2.85,1.0,0.1121,0.1229,bull_trend
2025-12-02,677.67138671875,normal,2.85,1.0,0.0861,0.1225,bull_trend
2025-12-03,680.0180053710938,calm,3.0,1.0,0.0707,0.1217,bull_trend
2025-12-04,680.51513671875,calm,3.0,1.0,0.0599,0.1215,bull_trend
2025-12-05,681.8078002929688,calm,3.0,1.0,0.049,0.1215,bull_trend
2025-12-08,679.7594604492188,calm,3.0,1.0,0.0386,0.1217,bull_trend
2025-12-09,679.1727905273438,calm,3.0,1.0,0.0396,0.1217,bull_trend
2025-12-10,683.6771850585938,calm,3.0,1.0,0.0573,0.1213,bull_trend
2025-12-11,685.26806640625,calm,3.0,1.0,0.0578,0.1213,bull_trend
2025-12-12,677.9000854492188,normal,2.85,1.0,0.103,0.1231,bull_trend
2025-12-15,676.8758544921875,normal,2.85,1.0,0.1018,0.1231,bull_trend
2025-12-16,675.0264282226562,normal,2.85,1.0,0.1027,0.1233,bull_trend
2025-12-17,667.5986938476562,normal,2.3,1.0,0.0938,0.1251,bull_trend
2025-12-18,672.6399536132812,normal,2.85,1.0,0.1218,0.1256,bull_trend
2025-12-19,678.7363891601562,normal,2.85,1.0,0.1303,0.1265,bull_trend
2025-12-22,682.96484375,normal,2.85,1.0,0.1352,0.1265,bull_trend
2025-12-23,686.0863037109375,normal,2.85,1.0,0.1295,0.1265,bull_trend
2025-12-24,688.4996948242188,calm,3.0,1.0,0.0354,0.1261,bull_trend
2025-12-26,688.4298706054688,calm,3.0,1.0,0.0537,0.1258,bull_trend
2025-12-29,685.9765625,calm,3.0,1.0,0.0625,0.126,bull_trend
2025-12-30,685.138916015625,calm,3.0,1.0,0.0535,0.1259,bull_trend
2025-12-31,680.062744140625,calm,3.0,1.0,0.0645,0.1267,bull_trend
2026-01-02,681.309326171875,calm,3.0,1.0,0.0564,0.1268,bull_trend
2026-01-05,685.846923828125,calm,3.0,1.0,0.0848,0.1274,bull_trend
2026-01-06,689.92578125,normal,2.3,1.0,0.0914,0.1277,bull_trend
2026-01-07,687.701904296875,normal,2.3,1.0,0.0957,0.1276,bull_trend
2026-01-08,687.632080078125,calm,2.45,1.0,0.0658,0.1272,bull_trend
2026-01-09,692.1796264648438,calm,2.45,1.0,0.0725,0.1276,bull_trend
2026-01-12,693.2666625976562,calm,3.0,1.0,0.0657,0.1145,bull_trend
2026-01-13,691.8804931640625,calm,3.0,1.0,0.0609,0.111,bull_trend
2026-01-14,688.479736328125,calm,2.45,1.0,0.0683,0.1115,bull_trend
2026-01-15,690.3546142578125,calm,2.45,1.0,0.0704,0.1113,bull_trend
2026-01-16,689.7761840820312,calm,2.45,1.0,0.0479,0.1103,bull_trend
2026-01-20,675.7345581054688,normal,2.3,1.0,0.1424,0.1177,bull_trend
2026-01-21,683.5332641601562,stress,2.7,1.0,0.1865,0.1181,bull_trend
2026-01-22,687.103515625,stress,2.15,1.0,0.1916,0.1185,bull_trend
2026-01-23,687.352783203125,stress,2.15,1.0,0.1899,0.1179,bull_trend
2026-01-26,690.84326171875,stress,2.15,0.5,0.1944,0.1177,sideways
2026-01-27,693.5957641601562,calm,2.45,0.5,0.064,0.1169,sideways
2026-01-28,693.5259399414062,calm,2.45,0.5,0.0411,0.1147,sideways
2026-01-29,692.1497192382812,calm,2.45,1.0,0.0469,0.1147,bull_trend
2026-01-30,690.0853271484375,calm,2.45,1.0,0.0569,0.1148,bull_trend
2026-02-02,693.5159912109375,calm,2.45,1.0,0.0564,0.1129,bull_trend
2026-02-03,687.6520385742188,calm,2.45,1.0,0.0771,0.1142,bull_trend
2026-02-04,684.3211059570312,calm,2.45,1.0,0.0782,0.1146,bull_trend
2026-02-05,675.7744750976562,normal,2.3,1.0,0.1039,0.1149,bull_trend
2026-02-06,688.739013671875,stress,2.7,1.0,0.2013,0.1209,bull_trend
2026-02-09,692.0599975585938,stress,2.15,1.0,0.2011,0.119,bull_trend
2026-02-10,690.2349243164062,stress,2.15,1.0,0.1902,0.1192,bull_trend
2026-02-11,690.075439453125,stress,2.15,0.5,0.1843,0.1152,sideways
2026-02-12,679.41455078125,stress,2.15,0.5,0.1993,0.1194,sideways
2026-02-13,679.8931884765625,normal,2.3,0.5,0.1221,0.1194,sideways
2026-02-17,680.9901733398438,normal,2.3,0.5,0.1116,0.1145,sideways
2026-02-18,684.4208374023438,normal,2.3,1.0,0.1263,0.1149,bull_trend
2026-02-19,682.61572265625,normal,2.3,1.0,0.1258,0.1134,bull_trend
2026-02-20,687.5523071289062,calm,3.0,1.0,0.0611,0.1127,bull_trend
2026-02-23,680.531494140625,normal,2.3,1.0,0.1098,0.1146,bull_trend
2026-02-24,685.4779052734375,normal,2.3,1.0,0.1211,0.1108,bull_trend
2026-02-25,691.26220703125,normal,2.3,1.0,0.1297,0.1103,bull_trend
2026-02-26,687.422607421875,normal,2.3,1.0,0.1377,0.1074,bull_trend
2026-02-27,684.1216430664062,normal,2.3,1.0,0.1322,0.1064,bull_trend
2026-03-02,684.5106201171875,normal,2.3,1.0,0.1039,0.1056,bull_trend
2026-03-03,678.4771118164062,normal,2.3,1.0,0.1072,0.1065,bull_trend
2026-03-04,683.2639770507812,normal,2.3,1.0,0.0988,0.107,bull_trend
2026-03-05,679.4544067382812,normal,2.3,1.0,0.0989,0.1076,bull_trend
2026-03-06,670.5487060546875,normal,2.3,1.0,0.1259,0.1105,bull_trend
2026-03-09,676.4227294921875,normal,2.3,1.0,0.1547,0.112,bull_trend
2026-03-10,675.3356323242188,normal,2.3,1.0,0.1437,0.1119,bull_trend
2026-03-11,674.4879760742188,normal,2.3,1.0,0.1258,0.1118,bull_trend
2026-03-12,664.2459106445312,normal,2.3,1.0,0.1553,0.1158,bull_trend
2026-03-13,660.4862060546875,normal,2.3,1.0,0.1372,0.1154,bull_trend
2026-03-16,667.2078857421875,normal,2.3,1.0,0.145,0.1173,bull_trend
2026-03-17,668.9630126953125,normal,2.3,1.0,0.1501,0.1155,bull_trend
2026-03-18,659.6285400390625,normal,2.3,1.0,0.1723,0.1187,bull_trend
2026-03-19,658.0029907226562,normal,2.3,1.0,0.1433,0.1187,bull_trend
2026-03-20,648.5700073242188,normal,2.3,1.0,0.1688,0.1201,bull_trend
2026-03-23,655.3800048828125,normal,2.3,1.0,0.1705,0.121,bull_trend
2026-03-24,653.1799926757812,normal,2.3,1.0,0.162,0.1196,bull_trend
2026-03-25,656.8200073242188,normal,2.3,1.0,0.1508,0.1195,bull_trend
2026-03-26,645.0900268554688,stress,2.15,1.0,0.1946,0.1239,bull_trend
2026-03-27,634.0900268554688,stress,2.15,1.0,0.2045,0.1276,bull_trend
2026-03-30,631.969970703125,normal,2.3,1.0,0.1594,0.1277,bull_trend
2026-03-31,650.3400268554688,extreme_stress,2.0,1.0,0.3068,0.1413,bull_trend
2026-04-01,655.239990234375,extreme_stress,2.0,1.0,0.3097,0.1423,bull_trend
2026-04-02,655.8300170898438,extreme_stress,2.0,0.5,0.2687,0.1417,sideways
2026-04-06,658.9299926757812,normal,2.3,0.5,0.1998,0.142,sideways
2026-04-07,659.219970703125,normal,2.3,0.5,0.188,0.1412,sideways
2026-04-08,676.010009765625,normal,2.85,1.0,0.1633,0.15,bull_trend
2026-04-09,679.9099731445312,normal,2.85,1.0,0.164,0.1504,bull_trend
2026-04-10,679.4600219726562,normal,2.85,1.0,0.1683,0.1504,bull_trend
2026-04-13,686.0999755859375,normal,2.85,1.0,0.1675,0.1511,bull_trend
2026-04-14,694.4600219726562,normal,2.85,1.0,0.1536,0.1531,bull_trend
2026-04-15,699.9400024414062,calm,3.0,1.0,0.0776,0.1538,bull_trend
2026-04-16,701.6599731445312,calm,3.0,1.0,0.0842,0.1535,bull_trend
2026-04-17,710.1400146484375,calm,3.0,1.0,0.0636,0.1552,bull_trend
2026-04-20,708.719970703125,calm,3.0,1.0,0.0985,0.1553,bull_trend
2026-04-21,704.0800170898438,normal,2.85,1.0,0.1184,0.1501,bull_trend
2026-04-22,711.2100219726562,normal,2.85,1.0,0.1254,0.1497,bull_trend
2026-04-23,708.4500122070312,normal,2.85,1.0,0.1355,0.1497,bull_trend
2026-04-24,713.9400024414062,normal,2.85,1.0,0.1173,0.1504,bull_trend
2026-04-27,715.1699829101562,normal,2.85,1.0,0.1141,0.1502,bull_trend
2026-04-28,711.6900024414062,normal,2.85,1.0,0.1067,0.1504,bull_trend
2026-04-29,711.5800170898438,calm,3.0,1.0,0.0801,0.1504,bull_trend
2026-04-30,718.6599731445312,calm,3.0,1.0,0.0953,0.1515,bull_trend
2026-05-01,720.6500244140625,calm,3.0,1.0,0.0853,0.1514,bull_trend
2026-05-04,718.010009765625,calm,3.0,1.0,0.0941,0.1514,bull_trend
2026-05-05,723.77001953125,calm,3.0,1.0,0.0895,0.1509,bull_trend
2026-05-06,733.8300170898438,normal,2.3,1.0,0.1082,0.1527,bull_trend
2026-05-07,731.5800170898438,normal,2.85,1.0,0.1187,0.1504,bull_trend
2026-05-08,737.6199951171875,normal,2.3,1.0,0.1226,0.1467,bull_trend
2026-05-11,739.2999877929688,normal,2.3,1.0,0.1027,0.1465,bull_trend
2026-05-12,738.1799926757812,normal,2.85,1.0,0.1121,0.1464,bull_trend
2026-05-13,742.3099975585938,calm,2.45,1.0,0.0752,0.1467,bull_trend
2026-05-14,748.1699829101562,calm,2.45,1.0,0.0654,0.1433,bull_trend
2026-05-15,739.1699829101562,normal,2.85,1.0,0.1242,0.1459,bull_trend
2026-05-18,738.6500244140625,normal,2.85,1.0,0.1232,0.1459,bull_trend
2026-05-19,733.72998046875,normal,2.85,1.0,0.1319,0.1466,bull_trend
2026-05-20,741.25,normal,2.85,1.0,0.1499,0.1475,bull_trend
2026-05-21,742.719970703125,normal,2.85,1.0,0.1348,0.147,bull_trend
2026-05-22,745.6400146484375,calm,3.0,1.0,0.0984,0.1452,bull_trend
2026-05-26,750.5900268554688,calm,3.0,1.0,0.1006,0.1451,bull_trend
2026-05-27,750.4600219726562,calm,3.0,1.0,0.0645,0.1445,bull_trend
2026-05-28,754.5999755859375,calm,3.0,1.0,0.0434,0.144,bull_trend
2026-05-29,756.47998046875,calm,3.0,1.0,0.0423,0.1435,bull_trend
2026-06-01,758.5399780273438,calm,2.45,1.0,0.0428,0.1435,bull_trend
2026-06-02,759.5700073242188,calm,2.45,1.0,0.0332,0.1419,bull_trend
2026-06-03,754.239990234375,calm,3.0,1.0,0.0753,0.1426,bull_trend
2026-06-04,757.9600219726562,calm,3.0,1.0,0.0732,0.142,bull_trend
